2026-10-08T11:33:49.7154226Z Current runner version: '2.337.0'
2026-10-08T11:33:49.7179898Z ##[group]Runner Image Provisioner
2026-10-08T11:33:49.7180723Z Hosted Compute Agent
2026-10-08T11:33:49.7181311Z Version: 20260901.588
2026-10-08T11:33:49.7181914Z Commit: f88ec8081b781fac6c440065ac7ff9e710ce3d0b
2026-10-08T11:33:49.7182585Z Build Date: 2026-09-01T19:56:44Z
2026-10-08T11:33:49.7183209Z Worker ID: {971409d4-21b9-4e6d-957c-adf4c80d1703}
2026-10-08T11:33:49.7183898Z Azure Region: westcentralus
2026-10-08T11:33:49.7184445Z ##[endgroup]
2026-10-08T11:33:49.7185848Z ##[group]Operating System
2026-10-08T11:33:49.7186451Z Microsoft Windows Server 2022
2026-10-08T11:33:49.7187005Z 10.0.20348
2026-10-08T11:33:49.7187535Z Datacenter
2026-10-08T11:33:49.7188030Z ##[endgroup]
2026-10-08T11:33:49.7188532Z ##[group]Runner Image
2026-10-08T11:33:49.7189082Z Image: windows-2022
2026-10-08T11:33:49.7189626Z Version: 20260927.320.1
2026-10-08T11:33:49.7191067Z Included Software: https://github.com/actions/runner-images/blob/win22/20260927.320/images/windows/Windows2022-Readme.md
2026-10-08T11:33:49.7192552Z Image Release: https://github.com/actions/runner-images/releases/tag/win22%2F20260927.320
2026-10-08T11:33:49.7193456Z ##[endgroup]
2026-10-08T11:33:49.7194550Z ##[group]GITHUB_TOKEN Permissions
2026-10-08T11:33:49.7196485Z Contents: read
2026-10-08T11:33:49.7197054Z Metadata: read
2026-10-08T11:33:49.7197595Z Packages: read
2026-10-08T11:33:49.7198089Z ##[endgroup]
2026-10-08T11:33:49.7200084Z Secret source: Actions
2026-10-08T11:33:49.7200988Z Cache mode: write
2026-10-08T11:33:49.7201708Z Prepare workflow directory
2026-10-08T11:33:49.7578583Z Prepare all required actions
2026-10-08T11:33:49.7626254Z Getting action download info
2026-10-08T11:33:50.0586224Z Download action repository 'actions/checkout@v4' (SHA:11d5960a326750d5838078e36cf38b85af677262)
2026-10-08T11:33:50.2060125Z Download action repository 'ilammy/msvc-dev-cmd@v1' (SHA:0b201ec74fa43914dc39ae48a89fd1d8cb592756)
2026-10-08T11:33:50.6399311Z Download action repository 'lukka/run-vcpkg@v11' (SHA:b1a0dd252f06b9e25b3c022a9a03bd7a427fb6a2)
2026-10-08T11:33:51.1590205Z Download action repository 'actions/setup-python@v5' (SHA:a26af69be951a213d495a4c3e4e4022e16d87065)
2026-10-08T11:33:51.2996046Z Download action repository 'actions/upload-artifact@043fb46d1a93c77aae656e7c1c64a875d1fc6a0a' (SHA:043fb46d1a93c77aae656e7c1c64a875d1fc6a0a)
2026-10-08T11:33:51.5837120Z Complete job name: cmake
2026-10-08T11:33:51.7832817Z ##[group]Run actions/checkout@v4
2026-10-08T11:33:51.7834652Z with:
2026-10-08T11:33:51.7835695Z   repository: Jacob-Met/CaptureSuite
2026-10-08T11:33:51.7845347Z   token: ***
2026-10-08T11:33:51.7846202Z   ssh-strict: true
2026-10-08T11:33:51.7847022Z   ssh-user: git
2026-10-08T11:33:51.7847793Z   persist-credentials: true
2026-10-08T11:33:51.7848680Z   clean: true
2026-10-08T11:33:51.7849481Z   sparse-checkout-cone-mode: true
2026-10-08T11:33:51.7850456Z   fetch-depth: 1
2026-10-08T11:33:51.7851218Z   fetch-tags: false
2026-10-08T11:33:51.7852019Z   show-progress: true
2026-10-08T11:33:51.7852835Z   lfs: false
2026-10-08T11:33:51.7853588Z   submodules: false
2026-10-08T11:33:51.7854392Z   set-safe-directory: true
2026-10-08T11:33:51.7855292Z   allow-unsafe-pr-checkout: false
2026-10-08T11:33:51.7856553Z ##[endgroup]
2026-10-08T11:33:51.9377430Z Syncing repository: Jacob-Met/CaptureSuite
2026-10-08T11:33:51.9379835Z ##[group]Getting Git version info
2026-10-08T11:33:51.9381021Z Working directory is 'D:\a\CaptureSuite\CaptureSuite'
2026-10-08T11:33:52.0501668Z [command]"C:\Program Files\Git\bin\git.exe" version
2026-10-08T11:33:52.4505403Z git version 2.55.0.windows.5
2026-10-08T11:33:52.4546643Z ##[endgroup]
2026-10-08T11:33:52.4565577Z Temporarily overriding HOME='D:\a\_temp\2bff6ca7-4f30-440f-b0eb-aa0a7ff8c57d' before making global git config changes
2026-10-08T11:33:52.4566496Z Adding repository directory to the temporary git global config as a safe directory
2026-10-08T11:33:52.4576445Z [command]"C:\Program Files\Git\bin\git.exe" config --global --add safe.directory D:\a\CaptureSuite\CaptureSuite
2026-10-08T11:33:52.5140481Z Deleting the contents of 'D:\a\CaptureSuite\CaptureSuite'
2026-10-08T11:33:52.5145942Z ##[group]Initializing the repository
2026-10-08T11:33:52.5154783Z [command]"C:\Program Files\Git\bin\git.exe" init D:\a\CaptureSuite\CaptureSuite
2026-10-08T11:33:52.5955418Z Initialized empty Git repository in D:/a/CaptureSuite/CaptureSuite/.git/
2026-10-08T11:33:52.5994583Z [command]"C:\Program Files\Git\bin\git.exe" remote add origin https://github.com/Jacob-Met/CaptureSuite
2026-10-08T11:33:52.6527661Z ##[endgroup]
2026-10-08T11:33:52.6528263Z ##[group]Disabling automatic garbage collection
2026-10-08T11:33:52.6537439Z [command]"C:\Program Files\Git\bin\git.exe" config --local gc.auto 0
2026-10-08T11:33:52.6766801Z ##[endgroup]
2026-10-08T11:33:52.6767644Z ##[group]Setting up auth
2026-10-08T11:33:52.6779032Z [command]"C:\Program Files\Git\bin\git.exe" config --local --name-only --get-regexp core\.sshCommand
2026-10-08T11:33:52.7011639Z [command]"C:\Program Files\Git\bin\git.exe" submodule foreach --recursive "sh -c \"git config --local --name-only --get-regexp 'core\.sshCommand' && git config --local --unset-all 'core.sshCommand' || :\""
2026-10-08T11:33:54.1760599Z [command]"C:\Program Files\Git\bin\git.exe" config --local --name-only --get-regexp http\.https\:\/\/github\.com\/\.extraheader
2026-10-08T11:33:54.2004853Z [command]"C:\Program Files\Git\bin\git.exe" submodule foreach --recursive "sh -c \"git config --local --name-only --get-regexp 'http\.https\:\/\/github\.com\/\.extraheader' && git config --local --unset-all 'http.https://github.com/.extraheader' || :\""
2026-10-08T11:33:54.6247169Z [command]"C:\Program Files\Git\bin\git.exe" config --local --name-only --get-regexp ^includeIf\.gitdir:
2026-10-08T11:33:54.6482556Z [command]"C:\Program Files\Git\bin\git.exe" submodule foreach --recursive "git config --local --show-origin --name-only --get-regexp remote.origin.url"
2026-10-08T11:33:55.1104821Z [command]"C:\Program Files\Git\bin\git.exe" config --local http.https://github.com/.extraheader "AUTHORIZATION: basic ***"
2026-10-08T11:33:55.1348985Z ##[endgroup]
2026-10-08T11:33:55.1349478Z ##[group]Fetching the repository
2026-10-08T11:33:55.1364017Z [command]"C:\Program Files\Git\bin\git.exe" -c protocol.version=2 fetch --no-tags --prune --no-recurse-submodules --depth=1 origin +e4a8f294ab66ee6af9a4f91fcf9f70a7528f3362:refs/remotes/pull/52/merge
2026-10-08T11:33:56.5003821Z From https://github.com/Jacob-Met/CaptureSuite
2026-10-08T11:33:56.5005317Z  * [new ref]         e4a8f294ab66ee6af9a4f91fcf9f70a7528f3362 -> pull/52/merge
2026-10-08T11:33:56.5034256Z ##[endgroup]
2026-10-08T11:33:56.5034646Z ##[group]Determining the checkout info
2026-10-08T11:33:56.5037944Z ##[endgroup]
2026-10-08T11:33:56.5049951Z [command]"C:\Program Files\Git\bin\git.exe" sparse-checkout disable
2026-10-08T11:33:56.5439954Z [command]"C:\Program Files\Git\bin\git.exe" config --local --unset-all extensions.worktreeConfig
2026-10-08T11:33:56.5652980Z ##[group]Checking out the ref
2026-10-08T11:33:56.5660863Z [command]"C:\Program Files\Git\bin\git.exe" checkout --progress --force refs/remotes/pull/52/merge
2026-10-08T11:33:56.7429105Z Note: switching to 'refs/remotes/pull/52/merge'.
2026-10-08T11:33:56.7429427Z 
2026-10-08T11:33:56.7429640Z You are in 'detached HEAD' state. You can look around, make experimental
2026-10-08T11:33:56.7430512Z changes and commit them, and you can discard any commits you make in this
2026-10-08T11:33:56.7431008Z state without impacting any branches by switching back to a branch.
2026-10-08T11:33:56.7431302Z 
2026-10-08T11:33:56.7431492Z If you want to create a new branch to retain commits you create, you may
2026-10-08T11:33:56.7432295Z do so (now or later) by using -c with the switch command. Example:
2026-10-08T11:33:56.7432580Z 
2026-10-08T11:33:56.7432802Z   git switch -c <new-branch-name>
2026-10-08T11:33:56.7433136Z 
2026-10-08T11:33:56.7433252Z Or undo this operation with:
2026-10-08T11:33:56.7434323Z 
2026-10-08T11:33:56.7434438Z   git switch -
2026-10-08T11:33:56.7434571Z 
2026-10-08T11:33:56.7434789Z Turn off this advice by setting config variable advice.detachedHead to false
2026-10-08T11:33:56.7435099Z 
2026-10-08T11:33:56.7435483Z HEAD is now at e4a8f29 Merge c1bc438ea07492a303f89cea5deb242efeb6f8e9 into 72c15d6b623e217291a824e4e4808a385df896a9
2026-10-08T11:33:56.7533279Z ##[endgroup]
2026-10-08T11:33:56.7827894Z [command]"C:\Program Files\Git\bin\git.exe" log -1 --format=%H
2026-10-08T11:33:56.8022764Z e4a8f294ab66ee6af9a4f91fcf9f70a7528f3362
2026-10-08T11:33:56.8385362Z ##[group]Run ilammy/msvc-dev-cmd@v1
2026-10-08T11:33:56.8385711Z with:
2026-10-08T11:33:56.8385890Z   arch: x64
2026-10-08T11:33:56.8386081Z ##[endgroup]
2026-10-08T11:33:57.3474534Z Found with vswhere: C:\Program Files\Microsoft Visual Studio\2022\Enterprise\VC\Auxiliary\Build\vcvarsall.bat
2026-10-08T11:34:04.0921017Z ##[group]Environment variables
2026-10-08T11:34:04.0921474Z Setting CommandPromptType
2026-10-08T11:34:04.0933317Z Setting DevEnvDir
2026-10-08T11:34:04.0937994Z Setting ExtensionSdkDir
2026-10-08T11:34:04.0940599Z Setting EXTERNAL_INCLUDE
2026-10-08T11:34:04.0946961Z Setting Framework40Version
2026-10-08T11:34:04.0949398Z Setting FrameworkDir
2026-10-08T11:34:04.0951816Z Setting FrameworkDir64
2026-10-08T11:34:04.0954281Z Setting FrameworkVersion
2026-10-08T11:34:04.0956865Z Setting FrameworkVersion64
2026-10-08T11:34:04.0960632Z Setting FSHARPINSTALLDIR
2026-10-08T11:34:04.0963980Z Setting HTMLHelpDir
2026-10-08T11:34:04.0967307Z Setting IFCPATH
2026-10-08T11:34:04.0969375Z Setting INCLUDE
2026-10-08T11:34:04.0972705Z Setting is_x64_arch
2026-10-08T11:34:04.0975320Z Setting LIB
2026-10-08T11:34:04.0978614Z Setting LIBPATH
2026-10-08T11:34:04.0981386Z Setting NETFXSDKDir
2026-10-08T11:34:04.0984059Z Setting Path
2026-10-08T11:34:04.0987327Z Setting Platform
2026-10-08T11:34:04.0989966Z Setting UCRTVersion
2026-10-08T11:34:04.0992294Z Setting UniversalCRTSdkDir
2026-10-08T11:34:04.0995113Z Setting VCIDEInstallDir
2026-10-08T11:34:04.0997402Z Setting VCINSTALLDIR
2026-10-08T11:34:04.0999640Z Setting VCPKG_ROOT
2026-10-08T11:34:04.1001896Z Setting VCToolsInstallDir
2026-10-08T11:34:04.1004249Z Setting VCToolsRedistDir
2026-10-08T11:34:04.1006059Z Setting VCToolsVersion
2026-10-08T11:34:04.1008123Z Setting VisualStudioVersion
2026-10-08T11:34:04.1009989Z Setting VS170COMNTOOLS
2026-10-08T11:34:04.1012601Z Setting VSCMD_ARG_app_plat
2026-10-08T11:34:04.1015286Z Setting VSCMD_ARG_HOST_ARCH
2026-10-08T11:34:04.1018006Z Setting VSCMD_ARG_TGT_ARCH
2026-10-08T11:34:04.1020458Z Setting VSCMD_VER
2026-10-08T11:34:04.1023173Z Setting VSINSTALLDIR
2026-10-08T11:34:04.1025623Z Setting VSSDK150INSTALL
2026-10-08T11:34:04.1028554Z Setting VSSDKINSTALL
2026-10-08T11:34:04.1031569Z Setting WindowsLibPath
2026-10-08T11:34:04.1033794Z Setting WindowsSdkBinPath
2026-10-08T11:34:04.1035777Z Setting WindowsSdkDir
2026-10-08T11:34:04.1037719Z Setting WindowsSDKLibVersion
2026-10-08T11:34:04.1039635Z Setting WindowsSdkVerBinPath
2026-10-08T11:34:04.1041567Z Setting WindowsSDKVersion
2026-10-08T11:34:04.1043572Z Setting WindowsSDK_ExecutablePath_x64
2026-10-08T11:34:04.1045463Z Setting WindowsSDK_ExecutablePath_x86
2026-10-08T11:34:04.1047341Z Setting __DOTNET_ADD_64BIT
2026-10-08T11:34:04.1049268Z Setting __DOTNET_PREFERRED_BITNESS
2026-10-08T11:34:04.1051166Z Setting __VSCMD_PREINIT_PATH
2026-10-08T11:34:04.1054208Z ##[endgroup]
2026-10-08T11:34:04.1054429Z Configured Developer Command Prompt
2026-10-08T11:34:04.1288853Z ##[group]Run python tools/check_cpp_warning_boundary.py
2026-10-08T11:34:04.1289372Z [36;1mpython tools/check_cpp_warning_boundary.py[0m
2026-10-08T11:34:04.1395809Z shell: C:\Program Files\PowerShell\7\pwsh.EXE -command ". '{0}'"
2026-10-08T11:34:04.1396195Z env:
2026-10-08T11:34:04.1396394Z   CommandPromptType: Native
2026-10-08T11:34:04.1396805Z   DevEnvDir: C:\Program Files\Microsoft Visual Studio\2022\Enterprise\Common7\IDE\
2026-10-08T11:34:04.1397626Z   ExtensionSdkDir: C:\Program Files (x86)\Microsoft SDKs\Windows Kits\10\ExtensionSDKs
2026-10-08T11:34:04.1400439Z   EXTERNAL_INCLUDE: C:\Program Files\Microsoft Visual Studio\2022\Enterprise\VC\Tools\MSVC\14.44.35207\include;C:\Program Files\Microsoft Visual Studio\2022\Enterprise\VC\Tools\MSVC\14.44.35207\ATLMFC\include;C:\Program Files\Microsoft Visual Studio\2022\Enterprise\VC\Auxiliary\VS\include;C:\Program Files (x86)\Windows Kits\10\include\10.0.26100.0\ucrt;C:\Program Files (x86)\Windows Kits\10\\include\10.0.26100.0\\um;C:\Program Files (x86)\Windows Kits\10\\include\10.0.26100.0\\shared;C:\Program Files (x86)\Windows Kits\10\\include\10.0.26100.0\\winrt;C:\Program Files (x86)\Windows Kits\10\\include\10.0.26100.0\\cppwinrt;C:\Program Files (x86)\Windows Kits\NETFXSDK\4.8\include\um
2026-10-08T11:34:04.1403007Z   Framework40Version: v4.0
2026-10-08T11:34:04.1403286Z   FrameworkDir: C:\Windows\Microsoft.NET\Framework64\
2026-10-08T11:34:04.1403641Z   FrameworkDir64: C:\Windows\Microsoft.NET\Framework64\
2026-10-08T11:34:04.1403954Z   FrameworkVersion: v4.0.30319
2026-10-08T11:34:04.1404190Z   FrameworkVersion64: v4.0.30319
2026-10-08T11:34:04.1404744Z   FSHARPINSTALLDIR: C:\Program Files\Microsoft Visual Studio\2022\Enterprise\Common7\IDE\CommonExtensions\Microsoft\FSharp\Tools
2026-10-08T11:34:04.1405380Z   HTMLHelpDir: C:\Program Files (x86)\HTML Help Workshop
2026-10-08T11:34:04.1405884Z   IFCPATH: C:\Program Files\Microsoft Visual Studio\2022\Enterprise\VC\Tools\MSVC\14.44.35207\ifc\x64
2026-10-08T11:34:04.1408467Z   INCLUDE: C:\Program Files\Microsoft Visual Studio\2022\Enterprise\VC\Tools\MSVC\14.44.35207\include;C:\Program Files\Microsoft Visual Studio\2022\Enterprise\VC\Tools\MSVC\14.44.35207\ATLMFC\include;C:\Program Files\Microsoft Visual Studio\2022\Enterprise\VC\Auxiliary\VS\include;C:\Program Files (x86)\Windows Kits\10\include\10.0.26100.0\ucrt;C:\Program Files (x86)\Windows Kits\10\\include\10.0.26100.0\\um;C:\Program Files (x86)\Windows Kits\10\\include\10.0.26100.0\\shared;C:\Program Files (x86)\Windows Kits\10\\include\10.0.26100.0\\winrt;C:\Program Files (x86)\Windows Kits\10\\include\10.0.26100.0\\cppwinrt;C:\Program Files (x86)\Windows Kits\NETFXSDK\4.8\include\um
2026-10-08T11:34:04.1410854Z   is_x64_arch: true
2026-10-08T11:34:04.1412165Z   LIB: C:\Program Files\Microsoft Visual Studio\2022\Enterprise\VC\Tools\MSVC\14.44.35207\ATLMFC\lib\x64;C:\Program Files\Microsoft Visual Studio\2022\Enterprise\VC\Tools\MSVC\14.44.35207\lib\x64;C:\Program Files (x86)\Windows Kits\NETFXSDK\4.8\lib\um\x64;C:\Program Files (x86)\Windows Kits\10\lib\10.0.26100.0\ucrt\x64;C:\Program Files (x86)\Windows Kits\10\\lib\10.0.26100.0\\um\x64
2026-10-08T11:34:04.1415050Z   LIBPATH: C:\Program Files\Microsoft Visual Studio\2022\Enterprise\VC\Tools\MSVC\14.44.35207\ATLMFC\lib\x64;C:\Program Files\Microsoft Visual Studio\2022\Enterprise\VC\Tools\MSVC\14.44.35207\lib\x64;C:\Program Files\Microsoft Visual Studio\2022\Enterprise\VC\Tools\MSVC\14.44.35207\lib\x86\store\references;C:\Program Files (x86)\Windows Kits\10\UnionMetadata\10.0.26100.0;C:\Program Files (x86)\Windows Kits\10\References\10.0.26100.0;C:\Windows\Microsoft.NET\Framework64\v4.0.30319
2026-10-08T11:34:04.1416889Z   NETFXSDKDir: C:\Program Files (x86)\Windows Kits\NETFXSDK\4.8\
2026-10-08T11:34:04.1434477Z   Path: C:\Program Files\Microsoft Visual Studio\2022\Enterprise\VC\Tools\MSVC\14.44.35207\bin\HostX64\x64;C:\Program Files\Microsoft Visual Studio\2022\Enterprise\Common7\IDE\VC\VCPackages;C:\Program Files\Microsoft Visual Studio\2022\Enterprise\Common7\IDE\CommonExtensions\Microsoft\TestWindow;C:\Program Files\Microsoft Visual Studio\2022\Enterprise\Common7\IDE\CommonExtensions\Microsoft\TeamFoundation\Team Explorer;C:\Program Files\Microsoft Visual Studio\2022\Enterprise\MSBuild\Current\bin\Roslyn;C:\Program Files (x86)\Microsoft SDKs\Windows\v10.0A\bin\NETFX 4.8 Tools\x64\;C:\Program Files (x86)\HTML Help Workshop;C:\Program Files\Microsoft Visual Studio\2022\Enterprise\Common7\IDE\CommonExtensions\Microsoft\FSharp\Tools;C:\Program Files\Microsoft Visual Studio\2022\Enterprise\Team Tools\DiagnosticsHub\Collector;C:\Program Files\Microsoft Visual Studio\2022\Enterprise\Common7\IDE\Extensions\Microsoft\CodeCoverage.Console;C:\Program Files\Microsoft Visual Studio\2022\Enterprise\VC\Tools\Llvm\x64\bin;C:\Program Files (x86)\Windows Kits\10\bin\10.0.26100.0\\x64;C:\Program Files (x86)\Windows Kits\10\bin\\x64;C:\Program Files\Microsoft Visual Studio\2022\Enterprise\\MSBuild\Current\Bin\amd64;C:\Windows\Microsoft.NET\Framework64\v4.0.30319;C:\Program Files\Microsoft Visual Studio\2022\Enterprise\Common7\IDE\;C:\Program Files\Microsoft Visual Studio\2022\Enterprise\Common7\Tools\;C:\Program Files\MongoDB\Server\7.0\bin;C:\aliyun-cli;C:\vcpkg;C:\Program Files (x86)\NSIS\;C:\tools\zstd;C:\Program Files\Mercurial\;C:\hostedtoolcache\windows\stack\3.11.1\x64;C:\cabal\bin;C:\\ghcup\bin;C:\mingw64\bin;C:\Program Files\dotnet;C:\Program Files\MySQL\MySQL Server 8.0\bin;C:\Program Files\R\R-4.6.1\bin\x64;C:\SeleniumWebDrivers\GeckoDriver;C:\SeleniumWebDrivers\EdgeDriver\;C:\SeleniumWebDrivers\ChromeDriver;C:\Program Files (x86)\sbt\bin;C:\Program Files (x86)\GitHub CLI;C:\Program Files\Git\bin;C:\Program Files (x86)\pipx_bin;C:\npm\prefix;C:\hostedtoolcache\windows\go\1.24.13\x64\bin;C:\hostedtoolcache\windows\Python\3.12.10\x64\Scripts;C:\hostedtoolcache\windows\Python\3.12.10\x64;C:\hostedtoolcache\windows\Ruby\3.3.12\x64\bin;C:\Program Files\OpenSSL\bin;C:\tools\kotlinc\bin;C:\hostedtoolcache\windows\Java_Temurin-Hotspot_jdk\8.0.504-1\x64\bin;C:\Program Files\ImageMagick-7.1.2-Q16-HDRI;C:\Program Files\Microsoft SDKs\Azure\CLI2\wbin;C:\ProgramData\kind;C:\ProgramData\Chocolatey\bin;C:\Windows\system32;C:\Windows;C:\Windows\System32\Wbem;C:\Windows\System32\WindowsPowerShell\v1.0\;C:\Windows\System32\OpenSSH\;C:\Program Files\dotnet\;C:\Program Files\PowerShell\7\;C:\Program Files\Microsoft\Web Platform Installer\;C:\Program Files\TortoiseSVN\bin;C:\Program Files\Microsoft SQL Server\Client SDK\ODBC\170\Tools\Binn\;C:\Program Files\Microsoft SQL Server\150\Tools\Binn\;C:\Program Files (x86)\Windows Kits\10\Windows Performance Toolkit\;C:\Program Files (x86)\WiX Toolset v3.14\bin;C:\Program Files\Microsoft SQL Server\130\DTS\Binn\;C:\Program Files\Microsoft SQL Server\140\DTS\Binn\;C:\Program Files\Microsoft SQL Server\150\DTS\Binn\;C:\Program Files\Microsoft SQL Server\160\DTS\Binn\;C:\Program Files\Microsoft SQL Server\170\DTS\Binn\;C:\Strawberry\c\bin;C:\Strawberry\perl\site\bin;C:\Strawberry\perl\bin;C:\ProgramData\chocolatey\lib\pulumi\tools\Pulumi\bin;C:\Program Files\CMake\bin;C:\ProgramData\chocolatey\lib\maven\apache-maven-3.9.16\bin;C:\Program Files\Microsoft Service Fabric\bin\Fabric\Fabric.Code;C:\Program Files\Microsoft SDKs\Service Fabric\Tools\ServiceFabricLocalClusterManager;C:\Program Files\nodejs\;C:\Program Files\Git\cmd;C:\Program Files\Git\mingw64\bin;C:\Program Files\Git\usr\bin;C:\Program Files\GitHub CLI\;c:\tools\php;C:\Program Files\Amazon\AWSCLIV2\;C:\Program Files\Amazon\SessionManagerPlugin\bin\;C:\Program Files\Amazon\AWSSAMCLI\bin\;C:\Program Files\Microsoft SQL Server\130\Tools\Binn\;C:\Program Files\mongosh\;C:\Program Files\LLVM\bin;C:\Program Files (x86)\LLVM\bin;C:\Users\runneradmin\.dotnet\tools;C:\Users\runneradmin\.cargo\bin;C:\Users\runneradmin\AppData\Local\Microsoft\WindowsApps;C:\Program Files (x86)\Microsoft Visual Studio\Installer;C:\Program Files\Microsoft Visual Studio\2022\Enterprise\Common7\IDE\CommonExtensions\Microsoft\CMake\CMake\bin;C:\Program Files\Microsoft Visual Studio\2022\Enterprise\Common7\IDE\CommonExtensions\Microsoft\CMake\Ninja;C:\Program Files\Microsoft Visual Studio\2022\Enterprise\Common7\IDE\VC\Linux\bin\ConnectionManagerExe;C:\Program Files\Microsoft Visual Studio\2022\Enterprise\VC\vcpkg
2026-10-08T11:34:04.1449844Z   Platform: x64
2026-10-08T11:34:04.1450032Z   UCRTVersion: 10.0.26100.0
2026-10-08T11:34:04.1450333Z   UniversalCRTSdkDir: C:\Program Files (x86)\Windows Kits\10\
2026-10-08T11:34:04.1450814Z   VCIDEInstallDir: C:\Program Files\Microsoft Visual Studio\2022\Enterprise\Common7\IDE\VC\
2026-10-08T11:34:04.1451882Z   VCINSTALLDIR: C:\Program Files\Microsoft Visual Studio\2022\Enterprise\VC\
2026-10-08T11:34:04.1452362Z   VCPKG_ROOT: C:\Program Files\Microsoft Visual Studio\2022\Enterprise\VC\vcpkg
2026-10-08T11:34:04.1452930Z   VCToolsInstallDir: C:\Program Files\Microsoft Visual Studio\2022\Enterprise\VC\Tools\MSVC\14.44.35207\
2026-10-08T11:34:04.1453588Z   VCToolsRedistDir: C:\Program Files\Microsoft Visual Studio\2022\Enterprise\VC\Redist\MSVC\14.44.35112\
2026-10-08T11:34:04.1454044Z   VCToolsVersion: 14.44.35207
2026-10-08T11:34:04.1454268Z   VisualStudioVersion: 17.0
2026-10-08T11:34:04.1454634Z   VS170COMNTOOLS: C:\Program Files\Microsoft Visual Studio\2022\Enterprise\Common7\Tools\
2026-10-08T11:34:04.1455042Z   VSCMD_ARG_app_plat: Desktop
2026-10-08T11:34:04.1455253Z   VSCMD_ARG_HOST_ARCH: x64
2026-10-08T11:34:04.1455453Z   VSCMD_ARG_TGT_ARCH: x64
2026-10-08T11:34:04.1455649Z   VSCMD_VER: 17.14.41
2026-10-08T11:34:04.1455940Z   VSINSTALLDIR: C:\Program Files\Microsoft Visual Studio\2022\Enterprise\
2026-10-08T11:34:04.1456422Z   VSSDK150INSTALL: C:\Program Files\Microsoft Visual Studio\2022\Enterprise\VSSDK
2026-10-08T11:34:04.1456905Z   VSSDKINSTALL: C:\Program Files\Microsoft Visual Studio\2022\Enterprise\VSSDK
2026-10-08T11:34:04.1457587Z   WindowsLibPath: C:\Program Files (x86)\Windows Kits\10\UnionMetadata\10.0.26100.0;C:\Program Files (x86)\Windows Kits\10\References\10.0.26100.0
2026-10-08T11:34:04.1458240Z   WindowsSdkBinPath: C:\Program Files (x86)\Windows Kits\10\bin\
2026-10-08T11:34:04.1458613Z   WindowsSdkDir: C:\Program Files (x86)\Windows Kits\10\
2026-10-08T11:34:04.1458913Z   WindowsSDKLibVersion: 10.0.26100.0\
2026-10-08T11:34:04.1459274Z   WindowsSdkVerBinPath: C:\Program Files (x86)\Windows Kits\10\bin\10.0.26100.0\
2026-10-08T11:34:04.1459657Z   WindowsSDKVersion: 10.0.26100.0\
2026-10-08T11:34:04.1460099Z   WindowsSDK_ExecutablePath_x64: C:\Program Files (x86)\Microsoft SDKs\Windows\v10.0A\bin\NETFX 4.8 Tools\x64\
2026-10-08T11:34:04.1460801Z   WindowsSDK_ExecutablePath_x86: C:\Program Files (x86)\Microsoft SDKs\Windows\v10.0A\bin\NETFX 4.8 Tools\
2026-10-08T11:34:04.1461248Z   __DOTNET_ADD_64BIT: 1
2026-10-08T11:34:04.1461455Z   __DOTNET_PREFERRED_BITNESS: 64
2026-10-08T11:34:04.1470708Z   __VSCMD_PREINIT_PATH: C:\Program Files\MongoDB\Server\7.0\bin;C:\aliyun-cli;C:\vcpkg;C:\Program Files (x86)\NSIS\;C:\tools\zstd;C:\Program Files\Mercurial\;C:\hostedtoolcache\windows\stack\3.11.1\x64;C:\cabal\bin;C:\\ghcup\bin;C:\mingw64\bin;C:\Program Files\dotnet;C:\Program Files\MySQL\MySQL Server 8.0\bin;C:\Program Files\R\R-4.6.1\bin\x64;C:\SeleniumWebDrivers\GeckoDriver;C:\SeleniumWebDrivers\EdgeDriver\;C:\SeleniumWebDrivers\ChromeDriver;C:\Program Files (x86)\sbt\bin;C:\Program Files (x86)\GitHub CLI;C:\Program Files\Git\bin;C:\Program Files (x86)\pipx_bin;C:\npm\prefix;C:\hostedtoolcache\windows\go\1.24.13\x64\bin;C:\hostedtoolcache\windows\Python\3.12.10\x64\Scripts;C:\hostedtoolcache\windows\Python\3.12.10\x64;C:\hostedtoolcache\windows\Ruby\3.3.12\x64\bin;C:\Program Files\OpenSSL\bin;C:\tools\kotlinc\bin;C:\hostedtoolcache\windows\Java_Temurin-Hotspot_jdk\8.0.504-1\x64\bin;C:\Program Files\ImageMagick-7.1.2-Q16-HDRI;C:\Program Files\Microsoft SDKs\Azure\CLI2\wbin;C:\ProgramData\kind;C:\ProgramData\Chocolatey\bin;C:\Windows\system32;C:\Windows;C:\Windows\System32\Wbem;C:\Windows\System32\WindowsPowerShell\v1.0\;C:\Windows\System32\OpenSSH\;C:\Program Files\dotnet\;C:\Program Files\PowerShell\7\;C:\Program Files\Microsoft\Web Platform Installer\;C:\Program Files\TortoiseSVN\bin;C:\Program Files\Microsoft SQL Server\Client SDK\ODBC\170\Tools\Binn\;C:\Program Files\Microsoft SQL Server\150\Tools\Binn\;C:\Program Files (x86)\Windows Kits\10\Windows Performance Toolkit\;C:\Program Files (x86)\WiX Toolset v3.14\bin;C:\Program Files\Microsoft SQL Server\130\DTS\Binn\;C:\Program Files\Microsoft SQL Server\140\DTS\Binn\;C:\Program Files\Microsoft SQL Server\150\DTS\Binn\;C:\Program Files\Microsoft SQL Server\160\DTS\Binn\;C:\Program Files\Microsoft SQL Server\170\DTS\Binn\;C:\Strawberry\c\bin;C:\Strawberry\perl\site\bin;C:\Strawberry\perl\bin;C:\ProgramData\chocolatey\lib\pulumi\tools\Pulumi\bin;C:\Program Files\CMake\bin;C:\ProgramData\chocolatey\lib\maven\apache-maven-3.9.16\bin;C:\Program Files\Microsoft Service Fabric\bin\Fabric\Fabric.Code;C:\Program Files\Microsoft SDKs\Service Fabric\Tools\ServiceFabricLocalClusterManager;C:\Program Files\nodejs\;C:\Program Files\Git\cmd;C:\Program Files\Git\mingw64\bin;C:\Program Files\Git\usr\bin;C:\Program Files\GitHub CLI\;c:\tools\php;C:\Program Files (x86)\sbt\bin;C:\Program Files\Amazon\AWSCLIV2\;C:\Program Files\Amazon\SessionManagerPlugin\bin\;C:\Program Files\Amazon\AWSSAMCLI\bin\;C:\Program Files\Microsoft SQL Server\130\Tools\Binn\;C:\Program Files\mongosh\;C:\Program Files\LLVM\bin;C:\Program Files (x86)\LLVM\bin;C:\Users\runneradmin\.dotnet\tools;C:\Users\runneradmin\.cargo\bin;C:\Users\runneradmin\AppData\Local\Microsoft\WindowsApps;C:\Program Files (x86)\Microsoft Visual Studio\Installer
2026-10-08T11:34:04.1480106Z ##[endgroup]
2026-10-08T11:34:17.7477978Z configure 0
2026-10-08T11:34:17.7478303Z control 0
2026-10-08T11:34:17.7478568Z generated_header 0
2026-10-08T11:34:17.7478870Z env_helper 0
2026-10-08T11:34:17.7479154Z owned_conversion 2
2026-10-08T11:34:17.7479447Z {
2026-10-08T11:34:17.7479691Z   "accepted": true,
2026-10-08T11:34:17.7479978Z   "checks": [
2026-10-08T11:34:17.7480233Z     {
2026-10-08T11:34:17.7480487Z       "name": "configure",
2026-10-08T11:34:17.7480808Z       "exit": 0,
2026-10-08T11:34:17.7481389Z       "log_sha256": "8624f034f2a4f0dafa716ce338c9aab37b04a7bf38f607e2f566ffea7e1c1751"
2026-10-08T11:34:17.7481857Z     },
2026-10-08T11:34:17.7482016Z     {
2026-10-08T11:34:17.7482193Z       "name": "control",
2026-10-08T11:34:17.7482397Z       "exit": 0,
2026-10-08T11:34:17.7482719Z       "log_sha256": "bc6ca21f48df1f560a1da6626d81dfa199eb547a03f3dc971b405a4a64480f21"
2026-10-08T11:34:17.7483127Z     },
2026-10-08T11:34:17.7483291Z     {
2026-10-08T11:34:17.7483476Z       "name": "generated_header",
2026-10-08T11:34:17.7483697Z       "exit": 0,
2026-10-08T11:34:17.7484016Z       "log_sha256": "c8ddc251839c140e950cb730b26f0c87c556a2ad91b1bc4bc2e8fdb6b5b15aa2"
2026-10-08T11:34:17.7484396Z     },
2026-10-08T11:34:17.7484543Z     {
2026-10-08T11:34:17.7484708Z       "name": "env_helper",
2026-10-08T11:34:17.7484925Z       "exit": 0,
2026-10-08T11:34:17.7485241Z       "log_sha256": "8d41e1f5b45d82e7c845874ae3e736ebe9924cba7e1af30e830d111ca50b8f3e"
2026-10-08T11:34:17.7485620Z     },
2026-10-08T11:34:17.7485768Z     {
2026-10-08T11:34:17.7485933Z       "name": "owned_conversion",
2026-10-08T11:34:17.7486150Z       "exit": 2,
2026-10-08T11:34:17.7486464Z       "log_sha256": "52d57d264c253f9a31306b520f3213a97ae294bdf67123e704a5b190c9027006"
2026-10-08T11:34:17.7486826Z     }
2026-10-08T11:34:17.7486974Z   ],
2026-10-08T11:34:17.7487160Z   "deprecated_env_access": [],
2026-10-08T11:34:17.7487597Z   "scope": "Owned MSVC portability plus generated-header warning boundary; owned C4267 remains fatal"
2026-10-08T11:34:17.7488043Z }
2026-10-08T11:34:17.9128417Z ##[group]Run lukka/run-vcpkg@v11
2026-10-08T11:34:17.9128746Z with:
2026-10-08T11:34:17.9129004Z   vcpkgDirectory: D:\a\CaptureSuite\CaptureSuite/vcpkg
2026-10-08T11:34:17.9129389Z   vcpkgGitCommitId: 4334d8b4c8916018600212ab4dd4bbdc343065d1
2026-10-08T11:34:17.9129714Z   runVcpkgInstall: false
2026-10-08T11:34:17.9143442Z   vcpkgGitURL: https://github.com/microsoft/vcpkg.git
2026-10-08T11:34:17.9143838Z   doNotUpdateVcpkg: false
2026-10-08T11:34:17.9144061Z   doNotCache: true
2026-10-08T11:34:17.9144270Z   vcpkgJsonGlob: **/vcpkg.json
2026-10-08T11:34:17.9144505Z   vcpkgJsonIgnores: ['**/vcpkg/**']
2026-10-08T11:34:17.9144810Z   vcpkgConfigurationJsonGlob: **/vcpkg-configuration.json
2026-10-08T11:34:17.9145544Z   runVcpkgFormatString: [`install`, `--recurse`, `--clean-after-build`, `--x-install-root`, `$[env.VCPKG_INSTALLED_DIR]`, `--triplet`, `$[env.VCPKG_DEFAULT_TRIPLET]`]
2026-10-08T11:34:17.9146418Z   useShell: true
2026-10-08T11:34:17.9146926Z   logCollectionRegExps: \s*"(.+CMakeOutput\.log)"\.\s*;\s*"(.+CMakeError\.log)"\.\s*;\s*(.+out\.log)\s*;\s+(.+err\.log)\s*;\s*(.+vcpkg.+\.log)\s*
2026-10-08T11:34:17.9147458Z env:
2026-10-08T11:34:17.9147634Z   CommandPromptType: Native
2026-10-08T11:34:17.9147986Z   DevEnvDir: C:\Program Files\Microsoft Visual Studio\2022\Enterprise\Common7\IDE\
2026-10-08T11:34:17.9148508Z   ExtensionSdkDir: C:\Program Files (x86)\Microsoft SDKs\Windows Kits\10\ExtensionSDKs
2026-10-08T11:34:17.9150878Z   EXTERNAL_INCLUDE: C:\Program Files\Microsoft Visual Studio\2022\Enterprise\VC\Tools\MSVC\14.44.35207\include;C:\Program Files\Microsoft Visual Studio\2022\Enterprise\VC\Tools\MSVC\14.44.35207\ATLMFC\include;C:\Program Files\Microsoft Visual Studio\2022\Enterprise\VC\Auxiliary\VS\include;C:\Program Files (x86)\Windows Kits\10\include\10.0.26100.0\ucrt;C:\Program Files (x86)\Windows Kits\10\\include\10.0.26100.0\\um;C:\Program Files (x86)\Windows Kits\10\\include\10.0.26100.0\\shared;C:\Program Files (x86)\Windows Kits\10\\include\10.0.26100.0\\winrt;C:\Program Files (x86)\Windows Kits\10\\include\10.0.26100.0\\cppwinrt;C:\Program Files (x86)\Windows Kits\NETFXSDK\4.8\include\um
2026-10-08T11:34:17.9153135Z   Framework40Version: v4.0
2026-10-08T11:34:17.9153394Z   FrameworkDir: C:\Windows\Microsoft.NET\Framework64\
2026-10-08T11:34:17.9153729Z   FrameworkDir64: C:\Windows\Microsoft.NET\Framework64\
2026-10-08T11:34:17.9154020Z   FrameworkVersion: v4.0.30319
2026-10-08T11:34:17.9154251Z   FrameworkVersion64: v4.0.30319
2026-10-08T11:34:17.9154792Z   FSHARPINSTALLDIR: C:\Program Files\Microsoft Visual Studio\2022\Enterprise\Common7\IDE\CommonExtensions\Microsoft\FSharp\Tools
2026-10-08T11:34:17.9155388Z   HTMLHelpDir: C:\Program Files (x86)\HTML Help Workshop
2026-10-08T11:34:17.9155870Z   IFCPATH: C:\Program Files\Microsoft Visual Studio\2022\Enterprise\VC\Tools\MSVC\14.44.35207\ifc\x64
2026-10-08T11:34:17.9158255Z   INCLUDE: C:\Program Files\Microsoft Visual Studio\2022\Enterprise\VC\Tools\MSVC\14.44.35207\include;C:\Program Files\Microsoft Visual Studio\2022\Enterprise\VC\Tools\MSVC\14.44.35207\ATLMFC\include;C:\Program Files\Microsoft Visual Studio\2022\Enterprise\VC\Auxiliary\VS\include;C:\Program Files (x86)\Windows Kits\10\include\10.0.26100.0\ucrt;C:\Program Files (x86)\Windows Kits\10\\include\10.0.26100.0\\um;C:\Program Files (x86)\Windows Kits\10\\include\10.0.26100.0\\shared;C:\Program Files (x86)\Windows Kits\10\\include\10.0.26100.0\\winrt;C:\Program Files (x86)\Windows Kits\10\\include\10.0.26100.0\\cppwinrt;C:\Program Files (x86)\Windows Kits\NETFXSDK\4.8\include\um
2026-10-08T11:34:17.9160444Z   is_x64_arch: true
2026-10-08T11:34:17.9163261Z   LIB: C:\Program Files\Microsoft Visual Studio\2022\Enterprise\VC\Tools\MSVC\14.44.35207\ATLMFC\lib\x64;C:\Program Files\Microsoft Visual Studio\2022\Enterprise\VC\Tools\MSVC\14.44.35207\lib\x64;C:\Program Files (x86)\Windows Kits\NETFXSDK\4.8\lib\um\x64;C:\Program Files (x86)\Windows Kits\10\lib\10.0.26100.0\ucrt\x64;C:\Program Files (x86)\Windows Kits\10\\lib\10.0.26100.0\\um\x64
2026-10-08T11:34:17.9166071Z   LIBPATH: C:\Program Files\Microsoft Visual Studio\2022\Enterprise\VC\Tools\MSVC\14.44.35207\ATLMFC\lib\x64;C:\Program Files\Microsoft Visual Studio\2022\Enterprise\VC\Tools\MSVC\14.44.35207\lib\x64;C:\Program Files\Microsoft Visual Studio\2022\Enterprise\VC\Tools\MSVC\14.44.35207\lib\x86\store\references;C:\Program Files (x86)\Windows Kits\10\UnionMetadata\10.0.26100.0;C:\Program Files (x86)\Windows Kits\10\References\10.0.26100.0;C:\Windows\Microsoft.NET\Framework64\v4.0.30319
2026-10-08T11:34:17.9167781Z   NETFXSDKDir: C:\Program Files (x86)\Windows Kits\NETFXSDK\4.8\
2026-10-08T11:34:17.9183196Z   Path: C:\Program Files\Microsoft Visual Studio\2022\Enterprise\VC\Tools\MSVC\14.44.35207\bin\HostX64\x64;C:\Program Files\Microsoft Visual Studio\2022\Enterprise\Common7\IDE\VC\VCPackages;C:\Program Files\Microsoft Visual Studio\2022\Enterprise\Common7\IDE\CommonExtensions\Microsoft\TestWindow;C:\Program Files\Microsoft Visual Studio\2022\Enterprise\Common7\IDE\CommonExtensions\Microsoft\TeamFoundation\Team Explorer;C:\Program Files\Microsoft Visual Studio\2022\Enterprise\MSBuild\Current\bin\Roslyn;C:\Program Files (x86)\Microsoft SDKs\Windows\v10.0A\bin\NETFX 4.8 Tools\x64\;C:\Program Files (x86)\HTML Help Workshop;C:\Program Files\Microsoft Visual Studio\2022\Enterprise\Common7\IDE\CommonExtensions\Microsoft\FSharp\Tools;C:\Program Files\Microsoft Visual Studio\2022\Enterprise\Team Tools\DiagnosticsHub\Collector;C:\Program Files\Microsoft Visual Studio\2022\Enterprise\Common7\IDE\Extensions\Microsoft\CodeCoverage.Console;C:\Program Files\Microsoft Visual Studio\2022\Enterprise\VC\Tools\Llvm\x64\bin;C:\Program Files (x86)\Windows Kits\10\bin\10.0.26100.0\\x64;C:\Program Files (x86)\Windows Kits\10\bin\\x64;C:\Program Files\Microsoft Visual Studio\2022\Enterprise\\MSBuild\Current\Bin\amd64;C:\Windows\Microsoft.NET\Framework64\v4.0.30319;C:\Program Files\Microsoft Visual Studio\2022\Enterprise\Common7\IDE\;C:\Program Files\Microsoft Visual Studio\2022\Enterprise\Common7\Tools\;C:\Program Files\MongoDB\Server\7.0\bin;C:\aliyun-cli;C:\vcpkg;C:\Program Files (x86)\NSIS\;C:\tools\zstd;C:\Program Files\Mercurial\;C:\hostedtoolcache\windows\stack\3.11.1\x64;C:\cabal\bin;C:\\ghcup\bin;C:\mingw64\bin;C:\Program Files\dotnet;C:\Program Files\MySQL\MySQL Server 8.0\bin;C:\Program Files\R\R-4.6.1\bin\x64;C:\SeleniumWebDrivers\GeckoDriver;C:\SeleniumWebDrivers\EdgeDriver\;C:\SeleniumWebDrivers\ChromeDriver;C:\Program Files (x86)\sbt\bin;C:\Program Files (x86)\GitHub CLI;C:\Program Files\Git\bin;C:\Program Files (x86)\pipx_bin;C:\npm\prefix;C:\hostedtoolcache\windows\go\1.24.13\x64\bin;C:\hostedtoolcache\windows\Python\3.12.10\x64\Scripts;C:\hostedtoolcache\windows\Python\3.12.10\x64;C:\hostedtoolcache\windows\Ruby\3.3.12\x64\bin;C:\Program Files\OpenSSL\bin;C:\tools\kotlinc\bin;C:\hostedtoolcache\windows\Java_Temurin-Hotspot_jdk\8.0.504-1\x64\bin;C:\Program Files\ImageMagick-7.1.2-Q16-HDRI;C:\Program Files\Microsoft SDKs\Azure\CLI2\wbin;C:\ProgramData\kind;C:\ProgramData\Chocolatey\bin;C:\Windows\system32;C:\Windows;C:\Windows\System32\Wbem;C:\Windows\System32\WindowsPowerShell\v1.0\;C:\Windows\System32\OpenSSH\;C:\Program Files\dotnet\;C:\Program Files\PowerShell\7\;C:\Program Files\Microsoft\Web Platform Installer\;C:\Program Files\TortoiseSVN\bin;C:\Program Files\Microsoft SQL Server\Client SDK\ODBC\170\Tools\Binn\;C:\Program Files\Microsoft SQL Server\150\Tools\Binn\;C:\Program Files (x86)\Windows Kits\10\Windows Performance Toolkit\;C:\Program Files (x86)\WiX Toolset v3.14\bin;C:\Program Files\Microsoft SQL Server\130\DTS\Binn\;C:\Program Files\Microsoft SQL Server\140\DTS\Binn\;C:\Program Files\Microsoft SQL Server\150\DTS\Binn\;C:\Program Files\Microsoft SQL Server\160\DTS\Binn\;C:\Program Files\Microsoft SQL Server\170\DTS\Binn\;C:\Strawberry\c\bin;C:\Strawberry\perl\site\bin;C:\Strawberry\perl\bin;C:\ProgramData\chocolatey\lib\pulumi\tools\Pulumi\bin;C:\Program Files\CMake\bin;C:\ProgramData\chocolatey\lib\maven\apache-maven-3.9.16\bin;C:\Program Files\Microsoft Service Fabric\bin\Fabric\Fabric.Code;C:\Program Files\Microsoft SDKs\Service Fabric\Tools\ServiceFabricLocalClusterManager;C:\Program Files\nodejs\;C:\Program Files\Git\cmd;C:\Program Files\Git\mingw64\bin;C:\Program Files\Git\usr\bin;C:\Program Files\GitHub CLI\;c:\tools\php;C:\Program Files\Amazon\AWSCLIV2\;C:\Program Files\Amazon\SessionManagerPlugin\bin\;C:\Program Files\Amazon\AWSSAMCLI\bin\;C:\Program Files\Microsoft SQL Server\130\Tools\Binn\;C:\Program Files\mongosh\;C:\Program Files\LLVM\bin;C:\Program Files (x86)\LLVM\bin;C:\Users\runneradmin\.dotnet\tools;C:\Users\runneradmin\.cargo\bin;C:\Users\runneradmin\AppData\Local\Microsoft\WindowsApps;C:\Program Files (x86)\Microsoft Visual Studio\Installer;C:\Program Files\Microsoft Visual Studio\2022\Enterprise\Common7\IDE\CommonExtensions\Microsoft\CMake\CMake\bin;C:\Program Files\Microsoft Visual Studio\2022\Enterprise\Common7\IDE\CommonExtensions\Microsoft\CMake\Ninja;C:\Program Files\Microsoft Visual Studio\2022\Enterprise\Common7\IDE\VC\Linux\bin\ConnectionManagerExe;C:\Program Files\Microsoft Visual Studio\2022\Enterprise\VC\vcpkg
2026-10-08T11:34:17.9198815Z   Platform: x64
2026-10-08T11:34:17.9199002Z   UCRTVersion: 10.0.26100.0
2026-10-08T11:34:17.9199284Z   UniversalCRTSdkDir: C:\Program Files (x86)\Windows Kits\10\
2026-10-08T11:34:17.9199766Z   VCIDEInstallDir: C:\Program Files\Microsoft Visual Studio\2022\Enterprise\Common7\IDE\VC\
2026-10-08T11:34:17.9200289Z   VCINSTALLDIR: C:\Program Files\Microsoft Visual Studio\2022\Enterprise\VC\
2026-10-08T11:34:17.9200765Z   VCPKG_ROOT: C:\Program Files\Microsoft Visual Studio\2022\Enterprise\VC\vcpkg
2026-10-08T11:34:17.9201334Z   VCToolsInstallDir: C:\Program Files\Microsoft Visual Studio\2022\Enterprise\VC\Tools\MSVC\14.44.35207\
2026-10-08T11:34:17.9201987Z   VCToolsRedistDir: C:\Program Files\Microsoft Visual Studio\2022\Enterprise\VC\Redist\MSVC\14.44.35112\
2026-10-08T11:34:17.9202435Z   VCToolsVersion: 14.44.35207
2026-10-08T11:34:17.9202661Z   VisualStudioVersion: 17.0
2026-10-08T11:34:17.9203030Z   VS170COMNTOOLS: C:\Program Files\Microsoft Visual Studio\2022\Enterprise\Common7\Tools\
2026-10-08T11:34:17.9203443Z   VSCMD_ARG_app_plat: Desktop
2026-10-08T11:34:17.9203660Z   VSCMD_ARG_HOST_ARCH: x64
2026-10-08T11:34:17.9203866Z   VSCMD_ARG_TGT_ARCH: x64
2026-10-08T11:34:17.9204057Z   VSCMD_VER: 17.14.41
2026-10-08T11:34:17.9204356Z   VSINSTALLDIR: C:\Program Files\Microsoft Visual Studio\2022\Enterprise\
2026-10-08T11:34:17.9204841Z   VSSDK150INSTALL: C:\Program Files\Microsoft Visual Studio\2022\Enterprise\VSSDK
2026-10-08T11:34:17.9205326Z   VSSDKINSTALL: C:\Program Files\Microsoft Visual Studio\2022\Enterprise\VSSDK
2026-10-08T11:34:17.9205998Z   WindowsLibPath: C:\Program Files (x86)\Windows Kits\10\UnionMetadata\10.0.26100.0;C:\Program Files (x86)\Windows Kits\10\References\10.0.26100.0
2026-10-08T11:34:17.9206639Z   WindowsSdkBinPath: C:\Program Files (x86)\Windows Kits\10\bin\
2026-10-08T11:34:17.9207008Z   WindowsSdkDir: C:\Program Files (x86)\Windows Kits\10\
2026-10-08T11:34:17.9207306Z   WindowsSDKLibVersion: 10.0.26100.0\
2026-10-08T11:34:17.9207659Z   WindowsSdkVerBinPath: C:\Program Files (x86)\Windows Kits\10\bin\10.0.26100.0\
2026-10-08T11:34:17.9208036Z   WindowsSDKVersion: 10.0.26100.0\
2026-10-08T11:34:17.9208472Z   WindowsSDK_ExecutablePath_x64: C:\Program Files (x86)\Microsoft SDKs\Windows\v10.0A\bin\NETFX 4.8 Tools\x64\
2026-10-08T11:34:17.9209130Z   WindowsSDK_ExecutablePath_x86: C:\Program Files (x86)\Microsoft SDKs\Windows\v10.0A\bin\NETFX 4.8 Tools\
2026-10-08T11:34:17.9209574Z   __DOTNET_ADD_64BIT: 1
2026-10-08T11:34:17.9209775Z   __DOTNET_PREFERRED_BITNESS: 64
2026-10-08T11:34:17.9218880Z   __VSCMD_PREINIT_PATH: C:\Program Files\MongoDB\Server\7.0\bin;C:\aliyun-cli;C:\vcpkg;C:\Program Files (x86)\NSIS\;C:\tools\zstd;C:\Program Files\Mercurial\;C:\hostedtoolcache\windows\stack\3.11.1\x64;C:\cabal\bin;C:\\ghcup\bin;C:\mingw64\bin;C:\Program Files\dotnet;C:\Program Files\MySQL\MySQL Server 8.0\bin;C:\Program Files\R\R-4.6.1\bin\x64;C:\SeleniumWebDrivers\GeckoDriver;C:\SeleniumWebDrivers\EdgeDriver\;C:\SeleniumWebDrivers\ChromeDriver;C:\Program Files (x86)\sbt\bin;C:\Program Files (x86)\GitHub CLI;C:\Program Files\Git\bin;C:\Program Files (x86)\pipx_bin;C:\npm\prefix;C:\hostedtoolcache\windows\go\1.24.13\x64\bin;C:\hostedtoolcache\windows\Python\3.12.10\x64\Scripts;C:\hostedtoolcache\windows\Python\3.12.10\x64;C:\hostedtoolcache\windows\Ruby\3.3.12\x64\bin;C:\Program Files\OpenSSL\bin;C:\tools\kotlinc\bin;C:\hostedtoolcache\windows\Java_Temurin-Hotspot_jdk\8.0.504-1\x64\bin;C:\Program Files\ImageMagick-7.1.2-Q16-HDRI;C:\Program Files\Microsoft SDKs\Azure\CLI2\wbin;C:\ProgramData\kind;C:\ProgramData\Chocolatey\bin;C:\Windows\system32;C:\Windows;C:\Windows\System32\Wbem;C:\Windows\System32\WindowsPowerShell\v1.0\;C:\Windows\System32\OpenSSH\;C:\Program Files\dotnet\;C:\Program Files\PowerShell\7\;C:\Program Files\Microsoft\Web Platform Installer\;C:\Program Files\TortoiseSVN\bin;C:\Program Files\Microsoft SQL Server\Client SDK\ODBC\170\Tools\Binn\;C:\Program Files\Microsoft SQL Server\150\Tools\Binn\;C:\Program Files (x86)\Windows Kits\10\Windows Performance Toolkit\;C:\Program Files (x86)\WiX Toolset v3.14\bin;C:\Program Files\Microsoft SQL Server\130\DTS\Binn\;C:\Program Files\Microsoft SQL Server\140\DTS\Binn\;C:\Program Files\Microsoft SQL Server\150\DTS\Binn\;C:\Program Files\Microsoft SQL Server\160\DTS\Binn\;C:\Program Files\Microsoft SQL Server\170\DTS\Binn\;C:\Strawberry\c\bin;C:\Strawberry\perl\site\bin;C:\Strawberry\perl\bin;C:\ProgramData\chocolatey\lib\pulumi\tools\Pulumi\bin;C:\Program Files\CMake\bin;C:\ProgramData\chocolatey\lib\maven\apache-maven-3.9.16\bin;C:\Program Files\Microsoft Service Fabric\bin\Fabric\Fabric.Code;C:\Program Files\Microsoft SDKs\Service Fabric\Tools\ServiceFabricLocalClusterManager;C:\Program Files\nodejs\;C:\Program Files\Git\cmd;C:\Program Files\Git\mingw64\bin;C:\Program Files\Git\usr\bin;C:\Program Files\GitHub CLI\;c:\tools\php;C:\Program Files (x86)\sbt\bin;C:\Program Files\Amazon\AWSCLIV2\;C:\Program Files\Amazon\SessionManagerPlugin\bin\;C:\Program Files\Amazon\AWSSAMCLI\bin\;C:\Program Files\Microsoft SQL Server\130\Tools\Binn\;C:\Program Files\mongosh\;C:\Program Files\LLVM\bin;C:\Program Files (x86)\LLVM\bin;C:\Users\runneradmin\.dotnet\tools;C:\Users\runneradmin\.cargo\bin;C:\Users\runneradmin\AppData\Local\Microsoft\WindowsApps;C:\Program Files (x86)\Microsoft Visual Studio\Installer
2026-10-08T11:34:17.9228223Z ##[endgroup]
2026-10-08T11:34:18.0805841Z ##[group]Prepare output directories
2026-10-08T11:34:18.0807602Z The vpckg root directory: 'D:\a\CaptureSuite\CaptureSuite\vcpkg'
2026-10-08T11:34:18.0821872Z (node:1772) [DEP0040] DeprecationWarning: The `punycode` module is deprecated. Please use a userland alternative instead.
2026-10-08T11:34:18.0822601Z (Use `node --trace-deprecation ...` to show where the warning was created)
2026-10-08T11:34:18.0854000Z ##[endgroup]
2026-10-08T11:34:18.0854534Z ⏱ elapsed: 0.005 seconds
2026-10-08T11:34:18.2019117Z Running command '"C:\Program Files\Git\bin\git.exe"' with args '^"submodule^",^"status^",^"D:\a\CaptureSuite\CaptureSuite\vcpkg^"' in current directory 'D:\a\CaptureSuite\CaptureSuite'.
2026-10-08T11:34:18.2070188Z (node:1772) [DEP0190] DeprecationWarning: Passing args to a child process with shell option true can lead to security vulnerabilities, as the arguments are not escaped, only concatenated.
2026-10-08T11:34:18.6796966Z error: pathspec 'D:\a\CaptureSuite\CaptureSuite\vcpkg' did not match any file(s) known to git
2026-10-08T11:34:18.6910036Z ##[group]Setup to run on GitHub Action runners
2026-10-08T11:34:18.6911363Z Set the workflow environment variable 'VCPKG_BINARY_SOURCES' to value 'clear;x-gha,readwrite'
2026-10-08T11:34:18.6912844Z ##[endgroup]
2026-10-08T11:34:18.6913335Z ⏱ elapsed: 0.001 seconds
2026-10-08T11:34:18.6913864Z ##[group]Retrieving the vcpkg Git commit id at: 'D:\a\CaptureSuite\CaptureSuite\vcpkg'
2026-10-08T11:34:18.7947049Z Fetching the Git commit id at 'D:\a\CaptureSuite\CaptureSuite\vcpkg' ...
2026-10-08T11:34:18.7951435Z Running command '"C:\Program Files\Git\bin\git.exe"' with args '^"rev-parse^",^"HEAD^"' in current directory 'D:\a\CaptureSuite\CaptureSuite\vcpkg'.
2026-10-08T11:34:18.8268197Z e4a8f294ab66ee6af9a4f91fcf9f70a7528f3362
2026-10-08T11:34:18.8303688Z ##[endgroup]
2026-10-08T11:34:18.8304302Z ⏱ elapsed: 0.141 seconds
2026-10-08T11:34:18.8304742Z ##[group]Check whether vcpkg repository is up to date
2026-10-08T11:34:18.8306432Z Checking whether vcpkg's repository is updated to commit id 'e4a8f294ab66ee6af9a4f91fcf9f70a7528f3362' ...
2026-10-08T11:34:18.8308436Z Current commit id of vcpkg: 'e4a8f294ab66ee6af9a4f91fcf9f70a7528f3362'.
2026-10-08T11:34:18.8309322Z Is vcpkg repository updated? No
2026-10-08T11:34:18.8309996Z ##[endgroup]
2026-10-08T11:34:18.8310547Z ⏱ elapsed: 0.001 seconds
2026-10-08T11:34:18.8311212Z ##[group]Download vcpkg source code repository
2026-10-08T11:34:18.8313116Z Cloning vcpkg in 'D:\a\CaptureSuite\CaptureSuite\vcpkg'...
2026-10-08T11:34:18.9634154Z Running command '"C:\Program Files\Git\bin\git.exe"' with args '^"clone^",^"https://github.com/microsoft/vcpkg.git^",^"-n^",^".^"' in current directory 'D:\a\CaptureSuite\CaptureSuite\vcpkg'.
2026-10-08T11:34:18.9899235Z Cloning into '.'...
2026-10-08T11:34:32.7055131Z Running command '"C:\Program Files\Git\bin\git.exe"' with args '^"checkout^",^"--force^",^"4334d8b4c8916018600212ab4dd4bbdc343065d1^"' in current directory 'D:\a\CaptureSuite\CaptureSuite\vcpkg'.
2026-10-08T11:34:35.0853648Z Note: switching to '4334d8b4c8916018600212ab4dd4bbdc343065d1'.
2026-10-08T11:34:35.0854403Z 
2026-10-08T11:34:35.0855054Z You are in 'detached HEAD' state. You can look around, make experimental
2026-10-08T11:34:35.0856177Z changes and commit them, and you can discard any commits you make in this
2026-10-08T11:34:35.0857631Z state without impacting any branches by switching back to a branch.
2026-10-08T11:34:35.0857966Z 
2026-10-08T11:34:35.0858307Z If you want to create a new branch to retain commits you create, you may
2026-10-08T11:34:35.0858921Z do so (now or later) by using -c with the switch command. Example:
2026-10-08T11:34:35.0859192Z 
2026-10-08T11:34:35.0859356Z   git switch -c <new-branch-name>
2026-10-08T11:34:35.0859532Z 
2026-10-08T11:34:35.0859676Z Or undo this operation with:
2026-10-08T11:34:35.0859838Z 
2026-10-08T11:34:35.0859933Z   git switch -
2026-10-08T11:34:35.0860044Z 
2026-10-08T11:34:35.0860376Z Turn off this advice by setting config variable advice.detachedHead to false
2026-10-08T11:34:35.0860675Z 
2026-10-08T11:34:35.0861051Z HEAD is now at 4334d8b4c8 [vcpkg] Add platform support for Solaris and illumos (#45524)
2026-10-08T11:34:35.0943443Z Clone vcpkg in 'D:\a\CaptureSuite\CaptureSuite\vcpkg'.
2026-10-08T11:34:35.0944326Z ##[endgroup]
2026-10-08T11:34:35.0944931Z ⏱ elapsed: 16.263 seconds
2026-10-08T11:34:35.0945316Z ##[group]Build vcpkg executable
2026-10-08T11:34:35.2013199Z Running command '"C:\Windows\system32\cmd.exe"' with args '^"/c^",^"D:\a\CaptureSuite\CaptureSuite\vcpkg\bootstrap-vcpkg.bat^"' in current directory 'D:\a\CaptureSuite\CaptureSuite\vcpkg'.
2026-10-08T11:34:36.8297296Z Downloading https://github.com/microsoft/vcpkg-tool/releases/download/2025-09-03/vcpkg.exe -> D:\a\CaptureSuite\CaptureSuite\vcpkg\vcpkg.exe... done.
2026-10-08T11:34:36.9273207Z Validating signature... done.
2026-10-08T11:34:36.9382661Z 
2026-10-08T11:34:36.9570548Z vcpkg package management program version 2025-09-03-4580816534ed8fd9634ac83d46471440edd82dfe
2026-10-08T11:34:36.9571276Z 
2026-10-08T11:34:36.9571630Z See LICENSE.txt for license information.
2026-10-08T11:34:36.9599602Z Telemetry
2026-10-08T11:34:36.9599970Z ---------
2026-10-08T11:34:36.9601146Z vcpkg collects usage data in order to help us improve your experience.
2026-10-08T11:34:36.9601806Z The data collected by Microsoft is anonymous.
2026-10-08T11:34:36.9602445Z You can opt-out of telemetry by re-running the bootstrap-vcpkg script with -disableMetrics,
2026-10-08T11:34:36.9603843Z passing --disable-metrics to vcpkg on the command line,
2026-10-08T11:34:36.9605987Z or by setting the VCPKG_DISABLE_METRICS environment variable.
2026-10-08T11:34:36.9606487Z 
2026-10-08T11:34:36.9606915Z Read more about vcpkg telemetry at docs/about/privacy.md
2026-10-08T11:34:37.0794102Z Fetching the Git commit id at 'D:\a\CaptureSuite\CaptureSuite\vcpkg' ...
2026-10-08T11:34:37.0796237Z Running command '"C:\Program Files\Git\bin\git.exe"' with args '^"rev-parse^",^"HEAD^"' in current directory 'D:\a\CaptureSuite\CaptureSuite\vcpkg'.
2026-10-08T11:34:37.1066048Z 4334d8b4c8916018600212ab4dd4bbdc343065d1
2026-10-08T11:34:37.1106585Z Stored last built vcpkg commit id '4334d8b4c8916018600212ab4dd4bbdc343065d1' in file 'D:\a\CaptureSuite\CaptureSuite\vcpkg\vcpkgLastBuiltCommitId'.
2026-10-08T11:34:37.1107681Z ##[endgroup]
2026-10-08T11:34:37.1108172Z ⏱ elapsed: 2.016 seconds
2026-10-08T11:34:37.1108638Z ##[group]Add to PATH vcpkg at 'D:\a\CaptureSuite\CaptureSuite\vcpkg'
2026-10-08T11:34:37.1111700Z ##[endgroup]
2026-10-08T11:34:37.1112105Z ⏱ elapsed: 0.000 seconds
2026-10-08T11:34:37.1113727Z ##[group]Set output environment variables
2026-10-08T11:34:37.1115031Z Set the workflow environment variable 'RUNVCPKG_VCPKG_ROOT' to value 'D:\a\CaptureSuite\CaptureSuite\vcpkg'
2026-10-08T11:34:37.1118661Z Set the workflow environment variable 'VCPKG_ROOT' to value 'D:\a\CaptureSuite\CaptureSuite\vcpkg'
2026-10-08T11:34:37.1123631Z Set the step output variable 'RUNVCPKG_VCPKG_ROOT_OUT' to value 'D:\a\CaptureSuite\CaptureSuite\vcpkg''
2026-10-08T11:34:37.1126461Z ##[endgroup]
2026-10-08T11:34:37.1126915Z ⏱ elapsed: 0.001 seconds
2026-10-08T11:34:37.1130525Z run-vcpkg action execution succeeded
2026-10-08T11:34:37.1345813Z ##[group]Run python tools/check_ci_contract.py --vcpkg-root vcpkg
2026-10-08T11:34:37.1346346Z [36;1mpython tools/check_ci_contract.py --vcpkg-root vcpkg[0m
2026-10-08T11:34:37.1385734Z shell: C:\Program Files\PowerShell\7\pwsh.EXE -command ". '{0}'"
2026-10-08T11:34:37.1386101Z env:
2026-10-08T11:34:37.1386292Z   CommandPromptType: Native
2026-10-08T11:34:37.1386675Z   DevEnvDir: C:\Program Files\Microsoft Visual Studio\2022\Enterprise\Common7\IDE\
2026-10-08T11:34:37.1387205Z   ExtensionSdkDir: C:\Program Files (x86)\Microsoft SDKs\Windows Kits\10\ExtensionSDKs
2026-10-08T11:34:37.1389649Z   EXTERNAL_INCLUDE: C:\Program Files\Microsoft Visual Studio\2022\Enterprise\VC\Tools\MSVC\14.44.35207\include;C:\Program Files\Microsoft Visual Studio\2022\Enterprise\VC\Tools\MSVC\14.44.35207\ATLMFC\include;C:\Program Files\Microsoft Visual Studio\2022\Enterprise\VC\Auxiliary\VS\include;C:\Program Files (x86)\Windows Kits\10\include\10.0.26100.0\ucrt;C:\Program Files (x86)\Windows Kits\10\\include\10.0.26100.0\\um;C:\Program Files (x86)\Windows Kits\10\\include\10.0.26100.0\\shared;C:\Program Files (x86)\Windows Kits\10\\include\10.0.26100.0\\winrt;C:\Program Files (x86)\Windows Kits\10\\include\10.0.26100.0\\cppwinrt;C:\Program Files (x86)\Windows Kits\NETFXSDK\4.8\include\um
2026-10-08T11:34:37.1391909Z   Framework40Version: v4.0
2026-10-08T11:34:37.1392185Z   FrameworkDir: C:\Windows\Microsoft.NET\Framework64\
2026-10-08T11:34:37.1392528Z   FrameworkDir64: C:\Windows\Microsoft.NET\Framework64\
2026-10-08T11:34:37.1392825Z   FrameworkVersion: v4.0.30319
2026-10-08T11:34:37.1393060Z   FrameworkVersion64: v4.0.30319
2026-10-08T11:34:37.1393585Z   FSHARPINSTALLDIR: C:\Program Files\Microsoft Visual Studio\2022\Enterprise\Common7\IDE\CommonExtensions\Microsoft\FSharp\Tools
2026-10-08T11:34:37.1394184Z   HTMLHelpDir: C:\Program Files (x86)\HTML Help Workshop
2026-10-08T11:34:37.1394666Z   IFCPATH: C:\Program Files\Microsoft Visual Studio\2022\Enterprise\VC\Tools\MSVC\14.44.35207\ifc\x64
2026-10-08T11:34:37.1397051Z   INCLUDE: C:\Program Files\Microsoft Visual Studio\2022\Enterprise\VC\Tools\MSVC\14.44.35207\include;C:\Program Files\Microsoft Visual Studio\2022\Enterprise\VC\Tools\MSVC\14.44.35207\ATLMFC\include;C:\Program Files\Microsoft Visual Studio\2022\Enterprise\VC\Auxiliary\VS\include;C:\Program Files (x86)\Windows Kits\10\include\10.0.26100.0\ucrt;C:\Program Files (x86)\Windows Kits\10\\include\10.0.26100.0\\um;C:\Program Files (x86)\Windows Kits\10\\include\10.0.26100.0\\shared;C:\Program Files (x86)\Windows Kits\10\\include\10.0.26100.0\\winrt;C:\Program Files (x86)\Windows Kits\10\\include\10.0.26100.0\\cppwinrt;C:\Program Files (x86)\Windows Kits\NETFXSDK\4.8\include\um
2026-10-08T11:34:37.1399237Z   is_x64_arch: true
2026-10-08T11:34:37.1400458Z   LIB: C:\Program Files\Microsoft Visual Studio\2022\Enterprise\VC\Tools\MSVC\14.44.35207\ATLMFC\lib\x64;C:\Program Files\Microsoft Visual Studio\2022\Enterprise\VC\Tools\MSVC\14.44.35207\lib\x64;C:\Program Files (x86)\Windows Kits\NETFXSDK\4.8\lib\um\x64;C:\Program Files (x86)\Windows Kits\10\lib\10.0.26100.0\ucrt\x64;C:\Program Files (x86)\Windows Kits\10\\lib\10.0.26100.0\\um\x64
2026-10-08T11:34:37.1403136Z   LIBPATH: C:\Program Files\Microsoft Visual Studio\2022\Enterprise\VC\Tools\MSVC\14.44.35207\ATLMFC\lib\x64;C:\Program Files\Microsoft Visual Studio\2022\Enterprise\VC\Tools\MSVC\14.44.35207\lib\x64;C:\Program Files\Microsoft Visual Studio\2022\Enterprise\VC\Tools\MSVC\14.44.35207\lib\x86\store\references;C:\Program Files (x86)\Windows Kits\10\UnionMetadata\10.0.26100.0;C:\Program Files (x86)\Windows Kits\10\References\10.0.26100.0;C:\Windows\Microsoft.NET\Framework64\v4.0.30319
2026-10-08T11:34:37.1404996Z   NETFXSDKDir: C:\Program Files (x86)\Windows Kits\NETFXSDK\4.8\
2026-10-08T11:34:37.1422010Z   Path: C:\Program Files\Microsoft Visual Studio\2022\Enterprise\VC\Tools\MSVC\14.44.35207\bin\HostX64\x64;C:\Program Files\Microsoft Visual Studio\2022\Enterprise\Common7\IDE\VC\VCPackages;C:\Program Files\Microsoft Visual Studio\2022\Enterprise\Common7\IDE\CommonExtensions\Microsoft\TestWindow;C:\Program Files\Microsoft Visual Studio\2022\Enterprise\Common7\IDE\CommonExtensions\Microsoft\TeamFoundation\Team Explorer;C:\Program Files\Microsoft Visual Studio\2022\Enterprise\MSBuild\Current\bin\Roslyn;C:\Program Files (x86)\Microsoft SDKs\Windows\v10.0A\bin\NETFX 4.8 Tools\x64\;C:\Program Files (x86)\HTML Help Workshop;C:\Program Files\Microsoft Visual Studio\2022\Enterprise\Common7\IDE\CommonExtensions\Microsoft\FSharp\Tools;C:\Program Files\Microsoft Visual Studio\2022\Enterprise\Team Tools\DiagnosticsHub\Collector;C:\Program Files\Microsoft Visual Studio\2022\Enterprise\Common7\IDE\Extensions\Microsoft\CodeCoverage.Console;C:\Program Files\Microsoft Visual Studio\2022\Enterprise\VC\Tools\Llvm\x64\bin;C:\Program Files (x86)\Windows Kits\10\bin\10.0.26100.0\\x64;C:\Program Files (x86)\Windows Kits\10\bin\\x64;C:\Program Files\Microsoft Visual Studio\2022\Enterprise\\MSBuild\Current\Bin\amd64;C:\Windows\Microsoft.NET\Framework64\v4.0.30319;C:\Program Files\Microsoft Visual Studio\2022\Enterprise\Common7\IDE\;C:\Program Files\Microsoft Visual Studio\2022\Enterprise\Common7\Tools\;C:\Program Files\MongoDB\Server\7.0\bin;C:\aliyun-cli;C:\vcpkg;C:\Program Files (x86)\NSIS\;C:\tools\zstd;C:\Program Files\Mercurial\;C:\hostedtoolcache\windows\stack\3.11.1\x64;C:\cabal\bin;C:\\ghcup\bin;C:\mingw64\bin;C:\Program Files\dotnet;C:\Program Files\MySQL\MySQL Server 8.0\bin;C:\Program Files\R\R-4.6.1\bin\x64;C:\SeleniumWebDrivers\GeckoDriver;C:\SeleniumWebDrivers\EdgeDriver\;C:\SeleniumWebDrivers\ChromeDriver;C:\Program Files (x86)\sbt\bin;C:\Program Files (x86)\GitHub CLI;C:\Program Files\Git\bin;C:\Program Files (x86)\pipx_bin;C:\npm\prefix;C:\hostedtoolcache\windows\go\1.24.13\x64\bin;C:\hostedtoolcache\windows\Python\3.12.10\x64\Scripts;C:\hostedtoolcache\windows\Python\3.12.10\x64;C:\hostedtoolcache\windows\Ruby\3.3.12\x64\bin;C:\Program Files\OpenSSL\bin;C:\tools\kotlinc\bin;C:\hostedtoolcache\windows\Java_Temurin-Hotspot_jdk\8.0.504-1\x64\bin;C:\Program Files\ImageMagick-7.1.2-Q16-HDRI;C:\Program Files\Microsoft SDKs\Azure\CLI2\wbin;C:\ProgramData\kind;C:\ProgramData\Chocolatey\bin;C:\Windows\system32;C:\Windows;C:\Windows\System32\Wbem;C:\Windows\System32\WindowsPowerShell\v1.0\;C:\Windows\System32\OpenSSH\;C:\Program Files\dotnet\;C:\Program Files\PowerShell\7\;C:\Program Files\Microsoft\Web Platform Installer\;C:\Program Files\TortoiseSVN\bin;C:\Program Files\Microsoft SQL Server\Client SDK\ODBC\170\Tools\Binn\;C:\Program Files\Microsoft SQL Server\150\Tools\Binn\;C:\Program Files (x86)\Windows Kits\10\Windows Performance Toolkit\;C:\Program Files (x86)\WiX Toolset v3.14\bin;C:\Program Files\Microsoft SQL Server\130\DTS\Binn\;C:\Program Files\Microsoft SQL Server\140\DTS\Binn\;C:\Program Files\Microsoft SQL Server\150\DTS\Binn\;C:\Program Files\Microsoft SQL Server\160\DTS\Binn\;C:\Program Files\Microsoft SQL Server\170\DTS\Binn\;C:\Strawberry\c\bin;C:\Strawberry\perl\site\bin;C:\Strawberry\perl\bin;C:\ProgramData\chocolatey\lib\pulumi\tools\Pulumi\bin;C:\Program Files\CMake\bin;C:\ProgramData\chocolatey\lib\maven\apache-maven-3.9.16\bin;C:\Program Files\Microsoft Service Fabric\bin\Fabric\Fabric.Code;C:\Program Files\Microsoft SDKs\Service Fabric\Tools\ServiceFabricLocalClusterManager;C:\Program Files\nodejs\;C:\Program Files\Git\cmd;C:\Program Files\Git\mingw64\bin;C:\Program Files\Git\usr\bin;C:\Program Files\GitHub CLI\;c:\tools\php;C:\Program Files\Amazon\AWSCLIV2\;C:\Program Files\Amazon\SessionManagerPlugin\bin\;C:\Program Files\Amazon\AWSSAMCLI\bin\;C:\Program Files\Microsoft SQL Server\130\Tools\Binn\;C:\Program Files\mongosh\;C:\Program Files\LLVM\bin;C:\Program Files (x86)\LLVM\bin;C:\Users\runneradmin\.dotnet\tools;C:\Users\runneradmin\.cargo\bin;C:\Users\runneradmin\AppData\Local\Microsoft\WindowsApps;C:\Program Files (x86)\Microsoft Visual Studio\Installer;C:\Program Files\Microsoft Visual Studio\2022\Enterprise\Common7\IDE\CommonExtensions\Microsoft\CMake\CMake\bin;C:\Program Files\Microsoft Visual Studio\2022\Enterprise\Common7\IDE\CommonExtensions\Microsoft\CMake\Ninja;C:\Program Files\Microsoft Visual Studio\2022\Enterprise\Common7\IDE\VC\Linux\bin\ConnectionManagerExe;C:\Program Files\Microsoft Visual Studio\2022\Enterprise\VC\vcpkg
2026-10-08T11:34:37.1437164Z   Platform: x64
2026-10-08T11:34:37.1437363Z   UCRTVersion: 10.0.26100.0
2026-10-08T11:34:37.1437658Z   UniversalCRTSdkDir: C:\Program Files (x86)\Windows Kits\10\
2026-10-08T11:34:37.1438142Z   VCIDEInstallDir: C:\Program Files\Microsoft Visual Studio\2022\Enterprise\Common7\IDE\VC\
2026-10-08T11:34:37.1438674Z   VCINSTALLDIR: C:\Program Files\Microsoft Visual Studio\2022\Enterprise\VC\
2026-10-08T11:34:37.1439080Z   VCPKG_ROOT: D:\a\CaptureSuite\CaptureSuite\vcpkg
2026-10-08T11:34:37.1439565Z   VCToolsInstallDir: C:\Program Files\Microsoft Visual Studio\2022\Enterprise\VC\Tools\MSVC\14.44.35207\
2026-10-08T11:34:37.1440222Z   VCToolsRedistDir: C:\Program Files\Microsoft Visual Studio\2022\Enterprise\VC\Redist\MSVC\14.44.35112\
2026-10-08T11:34:37.1440688Z   VCToolsVersion: 14.44.35207
2026-10-08T11:34:37.1440916Z   VisualStudioVersion: 17.0
2026-10-08T11:34:37.1441284Z   VS170COMNTOOLS: C:\Program Files\Microsoft Visual Studio\2022\Enterprise\Common7\Tools\
2026-10-08T11:34:37.1441697Z   VSCMD_ARG_app_plat: Desktop
2026-10-08T11:34:37.1441913Z   VSCMD_ARG_HOST_ARCH: x64
2026-10-08T11:34:37.1442127Z   VSCMD_ARG_TGT_ARCH: x64
2026-10-08T11:34:37.1442324Z   VSCMD_VER: 17.14.41
2026-10-08T11:34:37.1442625Z   VSINSTALLDIR: C:\Program Files\Microsoft Visual Studio\2022\Enterprise\
2026-10-08T11:34:37.1443112Z   VSSDK150INSTALL: C:\Program Files\Microsoft Visual Studio\2022\Enterprise\VSSDK
2026-10-08T11:34:37.1443600Z   VSSDKINSTALL: C:\Program Files\Microsoft Visual Studio\2022\Enterprise\VSSDK
2026-10-08T11:34:37.1444283Z   WindowsLibPath: C:\Program Files (x86)\Windows Kits\10\UnionMetadata\10.0.26100.0;C:\Program Files (x86)\Windows Kits\10\References\10.0.26100.0
2026-10-08T11:34:37.1444936Z   WindowsSdkBinPath: C:\Program Files (x86)\Windows Kits\10\bin\
2026-10-08T11:34:37.1445326Z   WindowsSdkDir: C:\Program Files (x86)\Windows Kits\10\
2026-10-08T11:34:37.1445638Z   WindowsSDKLibVersion: 10.0.26100.0\
2026-10-08T11:34:37.1446002Z   WindowsSdkVerBinPath: C:\Program Files (x86)\Windows Kits\10\bin\10.0.26100.0\
2026-10-08T11:34:37.1446392Z   WindowsSDKVersion: 10.0.26100.0\
2026-10-08T11:34:37.1446840Z   WindowsSDK_ExecutablePath_x64: C:\Program Files (x86)\Microsoft SDKs\Windows\v10.0A\bin\NETFX 4.8 Tools\x64\
2026-10-08T11:34:37.1447505Z   WindowsSDK_ExecutablePath_x86: C:\Program Files (x86)\Microsoft SDKs\Windows\v10.0A\bin\NETFX 4.8 Tools\
2026-10-08T11:34:37.1447959Z   __DOTNET_ADD_64BIT: 1
2026-10-08T11:34:37.1448169Z   __DOTNET_PREFERRED_BITNESS: 64
2026-10-08T11:34:37.1457337Z   __VSCMD_PREINIT_PATH: C:\Program Files\MongoDB\Server\7.0\bin;C:\aliyun-cli;C:\vcpkg;C:\Program Files (x86)\NSIS\;C:\tools\zstd;C:\Program Files\Mercurial\;C:\hostedtoolcache\windows\stack\3.11.1\x64;C:\cabal\bin;C:\\ghcup\bin;C:\mingw64\bin;C:\Program Files\dotnet;C:\Program Files\MySQL\MySQL Server 8.0\bin;C:\Program Files\R\R-4.6.1\bin\x64;C:\SeleniumWebDrivers\GeckoDriver;C:\SeleniumWebDrivers\EdgeDriver\;C:\SeleniumWebDrivers\ChromeDriver;C:\Program Files (x86)\sbt\bin;C:\Program Files (x86)\GitHub CLI;C:\Program Files\Git\bin;C:\Program Files (x86)\pipx_bin;C:\npm\prefix;C:\hostedtoolcache\windows\go\1.24.13\x64\bin;C:\hostedtoolcache\windows\Python\3.12.10\x64\Scripts;C:\hostedtoolcache\windows\Python\3.12.10\x64;C:\hostedtoolcache\windows\Ruby\3.3.12\x64\bin;C:\Program Files\OpenSSL\bin;C:\tools\kotlinc\bin;C:\hostedtoolcache\windows\Java_Temurin-Hotspot_jdk\8.0.504-1\x64\bin;C:\Program Files\ImageMagick-7.1.2-Q16-HDRI;C:\Program Files\Microsoft SDKs\Azure\CLI2\wbin;C:\ProgramData\kind;C:\ProgramData\Chocolatey\bin;C:\Windows\system32;C:\Windows;C:\Windows\System32\Wbem;C:\Windows\System32\WindowsPowerShell\v1.0\;C:\Windows\System32\OpenSSH\;C:\Program Files\dotnet\;C:\Program Files\PowerShell\7\;C:\Program Files\Microsoft\Web Platform Installer\;C:\Program Files\TortoiseSVN\bin;C:\Program Files\Microsoft SQL Server\Client SDK\ODBC\170\Tools\Binn\;C:\Program Files\Microsoft SQL Server\150\Tools\Binn\;C:\Program Files (x86)\Windows Kits\10\Windows Performance Toolkit\;C:\Program Files (x86)\WiX Toolset v3.14\bin;C:\Program Files\Microsoft SQL Server\130\DTS\Binn\;C:\Program Files\Microsoft SQL Server\140\DTS\Binn\;C:\Program Files\Microsoft SQL Server\150\DTS\Binn\;C:\Program Files\Microsoft SQL Server\160\DTS\Binn\;C:\Program Files\Microsoft SQL Server\170\DTS\Binn\;C:\Strawberry\c\bin;C:\Strawberry\perl\site\bin;C:\Strawberry\perl\bin;C:\ProgramData\chocolatey\lib\pulumi\tools\Pulumi\bin;C:\Program Files\CMake\bin;C:\ProgramData\chocolatey\lib\maven\apache-maven-3.9.16\bin;C:\Program Files\Microsoft Service Fabric\bin\Fabric\Fabric.Code;C:\Program Files\Microsoft SDKs\Service Fabric\Tools\ServiceFabricLocalClusterManager;C:\Program Files\nodejs\;C:\Program Files\Git\cmd;C:\Program Files\Git\mingw64\bin;C:\Program Files\Git\usr\bin;C:\Program Files\GitHub CLI\;c:\tools\php;C:\Program Files (x86)\sbt\bin;C:\Program Files\Amazon\AWSCLIV2\;C:\Program Files\Amazon\SessionManagerPlugin\bin\;C:\Program Files\Amazon\AWSSAMCLI\bin\;C:\Program Files\Microsoft SQL Server\130\Tools\Binn\;C:\Program Files\mongosh\;C:\Program Files\LLVM\bin;C:\Program Files (x86)\LLVM\bin;C:\Users\runneradmin\.dotnet\tools;C:\Users\runneradmin\.cargo\bin;C:\Users\runneradmin\AppData\Local\Microsoft\WindowsApps;C:\Program Files (x86)\Microsoft Visual Studio\Installer
2026-10-08T11:34:37.1468858Z   VCPKG_DEFAULT_BINARY_CACHE: D:/a/CaptureSuite/CaptureSuite/969f6665-88a2-4c98-938e-ca9259871fec/vcpkg_cache
2026-10-08T11:34:37.1469561Z   VCPKG_BINARY_SOURCES: clear;x-gha,readwrite
2026-10-08T11:34:37.1469998Z   RUNVCPKG_VCPKG_ROOT: D:\a\CaptureSuite\CaptureSuite\vcpkg
2026-10-08T11:34:37.1470382Z ##[endgroup]
2026-10-08T11:34:37.4772250Z {
2026-10-08T11:34:37.4772681Z   "accepted": true,
2026-10-08T11:34:37.4772991Z   "errors": []
2026-10-08T11:34:37.4773222Z }
2026-10-08T11:34:37.6053979Z ##[group]Run cmake --preset windows-release -DCAPTURE_WERROR=ON
2026-10-08T11:34:37.6054511Z [36;1mcmake --preset windows-release -DCAPTURE_WERROR=ON[0m
2026-10-08T11:34:37.6092483Z shell: C:\Program Files\PowerShell\7\pwsh.EXE -command ". '{0}'"
2026-10-08T11:34:37.6092826Z env:
2026-10-08T11:34:37.6093034Z   CommandPromptType: Native
2026-10-08T11:34:37.6093398Z   DevEnvDir: C:\Program Files\Microsoft Visual Studio\2022\Enterprise\Common7\IDE\
2026-10-08T11:34:37.6093916Z   ExtensionSdkDir: C:\Program Files (x86)\Microsoft SDKs\Windows Kits\10\ExtensionSDKs
2026-10-08T11:34:37.6096379Z   EXTERNAL_INCLUDE: C:\Program Files\Microsoft Visual Studio\2022\Enterprise\VC\Tools\MSVC\14.44.35207\include;C:\Program Files\Microsoft Visual Studio\2022\Enterprise\VC\Tools\MSVC\14.44.35207\ATLMFC\include;C:\Program Files\Microsoft Visual Studio\2022\Enterprise\VC\Auxiliary\VS\include;C:\Program Files (x86)\Windows Kits\10\include\10.0.26100.0\ucrt;C:\Program Files (x86)\Windows Kits\10\\include\10.0.26100.0\\um;C:\Program Files (x86)\Windows Kits\10\\include\10.0.26100.0\\shared;C:\Program Files (x86)\Windows Kits\10\\include\10.0.26100.0\\winrt;C:\Program Files (x86)\Windows Kits\10\\include\10.0.26100.0\\cppwinrt;C:\Program Files (x86)\Windows Kits\NETFXSDK\4.8\include\um
2026-10-08T11:34:37.6098618Z   Framework40Version: v4.0
2026-10-08T11:34:37.6099030Z   FrameworkDir: C:\Windows\Microsoft.NET\Framework64\
2026-10-08T11:34:37.6099361Z   FrameworkDir64: C:\Windows\Microsoft.NET\Framework64\
2026-10-08T11:34:37.6099652Z   FrameworkVersion: v4.0.30319
2026-10-08T11:34:37.6099880Z   FrameworkVersion64: v4.0.30319
2026-10-08T11:34:37.6100396Z   FSHARPINSTALLDIR: C:\Program Files\Microsoft Visual Studio\2022\Enterprise\Common7\IDE\CommonExtensions\Microsoft\FSharp\Tools
2026-10-08T11:34:37.6100991Z   HTMLHelpDir: C:\Program Files (x86)\HTML Help Workshop
2026-10-08T11:34:37.6101466Z   IFCPATH: C:\Program Files\Microsoft Visual Studio\2022\Enterprise\VC\Tools\MSVC\14.44.35207\ifc\x64
2026-10-08T11:34:37.6103834Z   INCLUDE: C:\Program Files\Microsoft Visual Studio\2022\Enterprise\VC\Tools\MSVC\14.44.35207\include;C:\Program Files\Microsoft Visual Studio\2022\Enterprise\VC\Tools\MSVC\14.44.35207\ATLMFC\include;C:\Program Files\Microsoft Visual Studio\2022\Enterprise\VC\Auxiliary\VS\include;C:\Program Files (x86)\Windows Kits\10\include\10.0.26100.0\ucrt;C:\Program Files (x86)\Windows Kits\10\\include\10.0.26100.0\\um;C:\Program Files (x86)\Windows Kits\10\\include\10.0.26100.0\\shared;C:\Program Files (x86)\Windows Kits\10\\include\10.0.26100.0\\winrt;C:\Program Files (x86)\Windows Kits\10\\include\10.0.26100.0\\cppwinrt;C:\Program Files (x86)\Windows Kits\NETFXSDK\4.8\include\um
2026-10-08T11:34:37.6106008Z   is_x64_arch: true
2026-10-08T11:34:37.6107221Z   LIB: C:\Program Files\Microsoft Visual Studio\2022\Enterprise\VC\Tools\MSVC\14.44.35207\ATLMFC\lib\x64;C:\Program Files\Microsoft Visual Studio\2022\Enterprise\VC\Tools\MSVC\14.44.35207\lib\x64;C:\Program Files (x86)\Windows Kits\NETFXSDK\4.8\lib\um\x64;C:\Program Files (x86)\Windows Kits\10\lib\10.0.26100.0\ucrt\x64;C:\Program Files (x86)\Windows Kits\10\\lib\10.0.26100.0\\um\x64
2026-10-08T11:34:37.6109847Z   LIBPATH: C:\Program Files\Microsoft Visual Studio\2022\Enterprise\VC\Tools\MSVC\14.44.35207\ATLMFC\lib\x64;C:\Program Files\Microsoft Visual Studio\2022\Enterprise\VC\Tools\MSVC\14.44.35207\lib\x64;C:\Program Files\Microsoft Visual Studio\2022\Enterprise\VC\Tools\MSVC\14.44.35207\lib\x86\store\references;C:\Program Files (x86)\Windows Kits\10\UnionMetadata\10.0.26100.0;C:\Program Files (x86)\Windows Kits\10\References\10.0.26100.0;C:\Windows\Microsoft.NET\Framework64\v4.0.30319
2026-10-08T11:34:37.6111541Z   NETFXSDKDir: C:\Program Files (x86)\Windows Kits\NETFXSDK\4.8\
2026-10-08T11:34:37.6128444Z   Path: C:\Program Files\Microsoft Visual Studio\2022\Enterprise\VC\Tools\MSVC\14.44.35207\bin\HostX64\x64;C:\Program Files\Microsoft Visual Studio\2022\Enterprise\Common7\IDE\VC\VCPackages;C:\Program Files\Microsoft Visual Studio\2022\Enterprise\Common7\IDE\CommonExtensions\Microsoft\TestWindow;C:\Program Files\Microsoft Visual Studio\2022\Enterprise\Common7\IDE\CommonExtensions\Microsoft\TeamFoundation\Team Explorer;C:\Program Files\Microsoft Visual Studio\2022\Enterprise\MSBuild\Current\bin\Roslyn;C:\Program Files (x86)\Microsoft SDKs\Windows\v10.0A\bin\NETFX 4.8 Tools\x64\;C:\Program Files (x86)\HTML Help Workshop;C:\Program Files\Microsoft Visual Studio\2022\Enterprise\Common7\IDE\CommonExtensions\Microsoft\FSharp\Tools;C:\Program Files\Microsoft Visual Studio\2022\Enterprise\Team Tools\DiagnosticsHub\Collector;C:\Program Files\Microsoft Visual Studio\2022\Enterprise\Common7\IDE\Extensions\Microsoft\CodeCoverage.Console;C:\Program Files\Microsoft Visual Studio\2022\Enterprise\VC\Tools\Llvm\x64\bin;C:\Program Files (x86)\Windows Kits\10\bin\10.0.26100.0\\x64;C:\Program Files (x86)\Windows Kits\10\bin\\x64;C:\Program Files\Microsoft Visual Studio\2022\Enterprise\\MSBuild\Current\Bin\amd64;C:\Windows\Microsoft.NET\Framework64\v4.0.30319;C:\Program Files\Microsoft Visual Studio\2022\Enterprise\Common7\IDE\;C:\Program Files\Microsoft Visual Studio\2022\Enterprise\Common7\Tools\;C:\Program Files\MongoDB\Server\7.0\bin;C:\aliyun-cli;C:\vcpkg;C:\Program Files (x86)\NSIS\;C:\tools\zstd;C:\Program Files\Mercurial\;C:\hostedtoolcache\windows\stack\3.11.1\x64;C:\cabal\bin;C:\\ghcup\bin;C:\mingw64\bin;C:\Program Files\dotnet;C:\Program Files\MySQL\MySQL Server 8.0\bin;C:\Program Files\R\R-4.6.1\bin\x64;C:\SeleniumWebDrivers\GeckoDriver;C:\SeleniumWebDrivers\EdgeDriver\;C:\SeleniumWebDrivers\ChromeDriver;C:\Program Files (x86)\sbt\bin;C:\Program Files (x86)\GitHub CLI;C:\Program Files\Git\bin;C:\Program Files (x86)\pipx_bin;C:\npm\prefix;C:\hostedtoolcache\windows\go\1.24.13\x64\bin;C:\hostedtoolcache\windows\Python\3.12.10\x64\Scripts;C:\hostedtoolcache\windows\Python\3.12.10\x64;C:\hostedtoolcache\windows\Ruby\3.3.12\x64\bin;C:\Program Files\OpenSSL\bin;C:\tools\kotlinc\bin;C:\hostedtoolcache\windows\Java_Temurin-Hotspot_jdk\8.0.504-1\x64\bin;C:\Program Files\ImageMagick-7.1.2-Q16-HDRI;C:\Program Files\Microsoft SDKs\Azure\CLI2\wbin;C:\ProgramData\kind;C:\ProgramData\Chocolatey\bin;C:\Windows\system32;C:\Windows;C:\Windows\System32\Wbem;C:\Windows\System32\WindowsPowerShell\v1.0\;C:\Windows\System32\OpenSSH\;C:\Program Files\dotnet\;C:\Program Files\PowerShell\7\;C:\Program Files\Microsoft\Web Platform Installer\;C:\Program Files\TortoiseSVN\bin;C:\Program Files\Microsoft SQL Server\Client SDK\ODBC\170\Tools\Binn\;C:\Program Files\Microsoft SQL Server\150\Tools\Binn\;C:\Program Files (x86)\Windows Kits\10\Windows Performance Toolkit\;C:\Program Files (x86)\WiX Toolset v3.14\bin;C:\Program Files\Microsoft SQL Server\130\DTS\Binn\;C:\Program Files\Microsoft SQL Server\140\DTS\Binn\;C:\Program Files\Microsoft SQL Server\150\DTS\Binn\;C:\Program Files\Microsoft SQL Server\160\DTS\Binn\;C:\Program Files\Microsoft SQL Server\170\DTS\Binn\;C:\Strawberry\c\bin;C:\Strawberry\perl\site\bin;C:\Strawberry\perl\bin;C:\ProgramData\chocolatey\lib\pulumi\tools\Pulumi\bin;C:\Program Files\CMake\bin;C:\ProgramData\chocolatey\lib\maven\apache-maven-3.9.16\bin;C:\Program Files\Microsoft Service Fabric\bin\Fabric\Fabric.Code;C:\Program Files\Microsoft SDKs\Service Fabric\Tools\ServiceFabricLocalClusterManager;C:\Program Files\nodejs\;C:\Program Files\Git\cmd;C:\Program Files\Git\mingw64\bin;C:\Program Files\Git\usr\bin;C:\Program Files\GitHub CLI\;c:\tools\php;C:\Program Files\Amazon\AWSCLIV2\;C:\Program Files\Amazon\SessionManagerPlugin\bin\;C:\Program Files\Amazon\AWSSAMCLI\bin\;C:\Program Files\Microsoft SQL Server\130\Tools\Binn\;C:\Program Files\mongosh\;C:\Program Files\LLVM\bin;C:\Program Files (x86)\LLVM\bin;C:\Users\runneradmin\.dotnet\tools;C:\Users\runneradmin\.cargo\bin;C:\Users\runneradmin\AppData\Local\Microsoft\WindowsApps;C:\Program Files (x86)\Microsoft Visual Studio\Installer;C:\Program Files\Microsoft Visual Studio\2022\Enterprise\Common7\IDE\CommonExtensions\Microsoft\CMake\CMake\bin;C:\Program Files\Microsoft Visual Studio\2022\Enterprise\Common7\IDE\CommonExtensions\Microsoft\CMake\Ninja;C:\Program Files\Microsoft Visual Studio\2022\Enterprise\Common7\IDE\VC\Linux\bin\ConnectionManagerExe;C:\Program Files\Microsoft Visual Studio\2022\Enterprise\VC\vcpkg
2026-10-08T11:34:37.6143947Z   Platform: x64
2026-10-08T11:34:37.6144139Z   UCRTVersion: 10.0.26100.0
2026-10-08T11:34:37.6144437Z   UniversalCRTSdkDir: C:\Program Files (x86)\Windows Kits\10\
2026-10-08T11:34:37.6144920Z   VCIDEInstallDir: C:\Program Files\Microsoft Visual Studio\2022\Enterprise\Common7\IDE\VC\
2026-10-08T11:34:37.6145446Z   VCINSTALLDIR: C:\Program Files\Microsoft Visual Studio\2022\Enterprise\VC\
2026-10-08T11:34:37.6145853Z   VCPKG_ROOT: D:\a\CaptureSuite\CaptureSuite/vcpkg
2026-10-08T11:34:37.6146340Z   VCToolsInstallDir: C:\Program Files\Microsoft Visual Studio\2022\Enterprise\VC\Tools\MSVC\14.44.35207\
2026-10-08T11:34:37.6146984Z   VCToolsRedistDir: C:\Program Files\Microsoft Visual Studio\2022\Enterprise\VC\Redist\MSVC\14.44.35112\
2026-10-08T11:34:37.6147442Z   VCToolsVersion: 14.44.35207
2026-10-08T11:34:37.6147668Z   VisualStudioVersion: 17.0
2026-10-08T11:34:37.6148030Z   VS170COMNTOOLS: C:\Program Files\Microsoft Visual Studio\2022\Enterprise\Common7\Tools\
2026-10-08T11:34:37.6148437Z   VSCMD_ARG_app_plat: Desktop
2026-10-08T11:34:37.6148655Z   VSCMD_ARG_HOST_ARCH: x64
2026-10-08T11:34:37.6148959Z   VSCMD_ARG_TGT_ARCH: x64
2026-10-08T11:34:37.6149163Z   VSCMD_VER: 17.14.41
2026-10-08T11:34:37.6149469Z   VSINSTALLDIR: C:\Program Files\Microsoft Visual Studio\2022\Enterprise\
2026-10-08T11:34:37.6149967Z   VSSDK150INSTALL: C:\Program Files\Microsoft Visual Studio\2022\Enterprise\VSSDK
2026-10-08T11:34:37.6150468Z   VSSDKINSTALL: C:\Program Files\Microsoft Visual Studio\2022\Enterprise\VSSDK
2026-10-08T11:34:37.6151668Z   WindowsLibPath: C:\Program Files (x86)\Windows Kits\10\UnionMetadata\10.0.26100.0;C:\Program Files (x86)\Windows Kits\10\References\10.0.26100.0
2026-10-08T11:34:37.6152336Z   WindowsSdkBinPath: C:\Program Files (x86)\Windows Kits\10\bin\
2026-10-08T11:34:37.6152727Z   WindowsSdkDir: C:\Program Files (x86)\Windows Kits\10\
2026-10-08T11:34:37.6153036Z   WindowsSDKLibVersion: 10.0.26100.0\
2026-10-08T11:34:37.6153399Z   WindowsSdkVerBinPath: C:\Program Files (x86)\Windows Kits\10\bin\10.0.26100.0\
2026-10-08T11:34:37.6153783Z   WindowsSDKVersion: 10.0.26100.0\
2026-10-08T11:34:37.6154231Z   WindowsSDK_ExecutablePath_x64: C:\Program Files (x86)\Microsoft SDKs\Windows\v10.0A\bin\NETFX 4.8 Tools\x64\
2026-10-08T11:34:37.6154894Z   WindowsSDK_ExecutablePath_x86: C:\Program Files (x86)\Microsoft SDKs\Windows\v10.0A\bin\NETFX 4.8 Tools\
2026-10-08T11:34:37.6155335Z   __DOTNET_ADD_64BIT: 1
2026-10-08T11:34:37.6155538Z   __DOTNET_PREFERRED_BITNESS: 64
2026-10-08T11:34:37.6164670Z   __VSCMD_PREINIT_PATH: C:\Program Files\MongoDB\Server\7.0\bin;C:\aliyun-cli;C:\vcpkg;C:\Program Files (x86)\NSIS\;C:\tools\zstd;C:\Program Files\Mercurial\;C:\hostedtoolcache\windows\stack\3.11.1\x64;C:\cabal\bin;C:\\ghcup\bin;C:\mingw64\bin;C:\Program Files\dotnet;C:\Program Files\MySQL\MySQL Server 8.0\bin;C:\Program Files\R\R-4.6.1\bin\x64;C:\SeleniumWebDrivers\GeckoDriver;C:\SeleniumWebDrivers\EdgeDriver\;C:\SeleniumWebDrivers\ChromeDriver;C:\Program Files (x86)\sbt\bin;C:\Program Files (x86)\GitHub CLI;C:\Program Files\Git\bin;C:\Program Files (x86)\pipx_bin;C:\npm\prefix;C:\hostedtoolcache\windows\go\1.24.13\x64\bin;C:\hostedtoolcache\windows\Python\3.12.10\x64\Scripts;C:\hostedtoolcache\windows\Python\3.12.10\x64;C:\hostedtoolcache\windows\Ruby\3.3.12\x64\bin;C:\Program Files\OpenSSL\bin;C:\tools\kotlinc\bin;C:\hostedtoolcache\windows\Java_Temurin-Hotspot_jdk\8.0.504-1\x64\bin;C:\Program Files\ImageMagick-7.1.2-Q16-HDRI;C:\Program Files\Microsoft SDKs\Azure\CLI2\wbin;C:\ProgramData\kind;C:\ProgramData\Chocolatey\bin;C:\Windows\system32;C:\Windows;C:\Windows\System32\Wbem;C:\Windows\System32\WindowsPowerShell\v1.0\;C:\Windows\System32\OpenSSH\;C:\Program Files\dotnet\;C:\Program Files\PowerShell\7\;C:\Program Files\Microsoft\Web Platform Installer\;C:\Program Files\TortoiseSVN\bin;C:\Program Files\Microsoft SQL Server\Client SDK\ODBC\170\Tools\Binn\;C:\Program Files\Microsoft SQL Server\150\Tools\Binn\;C:\Program Files (x86)\Windows Kits\10\Windows Performance Toolkit\;C:\Program Files (x86)\WiX Toolset v3.14\bin;C:\Program Files\Microsoft SQL Server\130\DTS\Binn\;C:\Program Files\Microsoft SQL Server\140\DTS\Binn\;C:\Program Files\Microsoft SQL Server\150\DTS\Binn\;C:\Program Files\Microsoft SQL Server\160\DTS\Binn\;C:\Program Files\Microsoft SQL Server\170\DTS\Binn\;C:\Strawberry\c\bin;C:\Strawberry\perl\site\bin;C:\Strawberry\perl\bin;C:\ProgramData\chocolatey\lib\pulumi\tools\Pulumi\bin;C:\Program Files\CMake\bin;C:\ProgramData\chocolatey\lib\maven\apache-maven-3.9.16\bin;C:\Program Files\Microsoft Service Fabric\bin\Fabric\Fabric.Code;C:\Program Files\Microsoft SDKs\Service Fabric\Tools\ServiceFabricLocalClusterManager;C:\Program Files\nodejs\;C:\Program Files\Git\cmd;C:\Program Files\Git\mingw64\bin;C:\Program Files\Git\usr\bin;C:\Program Files\GitHub CLI\;c:\tools\php;C:\Program Files (x86)\sbt\bin;C:\Program Files\Amazon\AWSCLIV2\;C:\Program Files\Amazon\SessionManagerPlugin\bin\;C:\Program Files\Amazon\AWSSAMCLI\bin\;C:\Program Files\Microsoft SQL Server\130\Tools\Binn\;C:\Program Files\mongosh\;C:\Program Files\LLVM\bin;C:\Program Files (x86)\LLVM\bin;C:\Users\runneradmin\.dotnet\tools;C:\Users\runneradmin\.cargo\bin;C:\Users\runneradmin\AppData\Local\Microsoft\WindowsApps;C:\Program Files (x86)\Microsoft Visual Studio\Installer
2026-10-08T11:34:37.6174162Z   VCPKG_DEFAULT_BINARY_CACHE: D:/a/CaptureSuite/CaptureSuite/969f6665-88a2-4c98-938e-ca9259871fec/vcpkg_cache
2026-10-08T11:34:37.6174669Z   VCPKG_BINARY_SOURCES: clear;x-gha,readwrite
2026-10-08T11:34:37.6175004Z   RUNVCPKG_VCPKG_ROOT: D:\a\CaptureSuite\CaptureSuite\vcpkg
2026-10-08T11:34:37.6175305Z ##[endgroup]
2026-10-08T11:34:37.8587141Z Preset CMake variables:
2026-10-08T11:34:37.8587453Z 
2026-10-08T11:34:37.8587791Z   CMAKE_BUILD_TYPE="Release"
2026-10-08T11:34:37.8588375Z   CMAKE_EXPORT_COMPILE_COMMANDS="ON"
2026-10-08T11:34:37.8589562Z   CMAKE_TOOLCHAIN_FILE:FILEPATH="D:\a\CaptureSuite\CaptureSuite/vcpkg/scripts/buildsystems/vcpkg.cmake"
2026-10-08T11:34:37.8590595Z   VCPKG_TARGET_TRIPLET="x64-windows"
2026-10-08T11:34:37.8590904Z 
2026-10-08T11:34:37.8645620Z -- Running vcpkg install
2026-10-08T11:34:39.0121487Z Detecting compiler hash for triplet x64-windows...
2026-10-08T11:34:41.5252467Z Compiler found: C:/Program Files/Microsoft Visual Studio/2022/Enterprise/VC/Tools/MSVC/14.44.35207/bin/Hostx64/x64/cl.exe
2026-10-08T11:34:41.5443511Z The following packages will be built and installed:
2026-10-08T11:34:41.5444577Z   * abseil:x64-windows@20250127.1#4
2026-10-08T11:34:41.5445312Z     blake3:x64-windows@1.8.1
2026-10-08T11:34:41.5446072Z     catch2:x64-windows@3.10.0
2026-10-08T11:34:41.5452305Z   * fmt:x64-windows@11.2.0
2026-10-08T11:34:41.5454092Z   * lz4:x64-windows@1.10.0
2026-10-08T11:34:41.5455019Z     mcap[core,lz4,zstd]:x64-windows@2.0.2
2026-10-08T11:34:41.5459799Z     nlohmann-json:x64-windows@3.12.0#1
2026-10-08T11:34:41.5460585Z     protobuf:x64-windows@5.29.5#1
2026-10-08T11:34:41.5461707Z     spdlog:x64-windows@1.15.3
2026-10-08T11:34:41.5462430Z     sqlite3[core,json1]:x64-windows@3.50.4
2026-10-08T11:34:41.5463149Z   * utf8-range:x64-windows@5.29.5
2026-10-08T11:34:41.5463855Z   * vcpkg-cmake:x64-windows@2024-04-23
2026-10-08T11:34:41.5464659Z   * vcpkg-cmake-config:x64-windows@2024-05-23
2026-10-08T11:34:41.5465398Z   * zstd:x64-windows@1.5.7
2026-10-08T11:34:41.5466287Z Additional packages (*) will be modified to complete this operation.
2026-10-08T11:34:41.5468998Z %VCPKG_BINARY_SOURCES%: warning: The 'x-gha' binary caching backend has been removed. Consider using a NuGet-based binary caching provider instead, see extended documentation at https://learn.microsoft.com/vcpkg/users/binarycaching?WT.mc_id=vcpkg_inproduct_cli.
2026-10-08T11:34:41.5470932Z   on expression: clear;x-gha,readwrite
2026-10-08T11:34:41.5471503Z                                       ^
2026-10-08T11:34:41.5472495Z Installing 1/14 vcpkg-cmake-config:x64-windows@2024-05-23...
2026-10-08T11:34:41.5473382Z Building vcpkg-cmake-config:x64-windows@2024-05-23...
2026-10-08T11:34:41.5814284Z -- Installing: D:/a/CaptureSuite/CaptureSuite/vcpkg/packages/vcpkg-cmake-config_x64-windows/share/vcpkg-cmake-config/vcpkg_cmake_config_fixup.cmake
2026-10-08T11:34:41.5820530Z -- Installing: D:/a/CaptureSuite/CaptureSuite/vcpkg/packages/vcpkg-cmake-config_x64-windows/share/vcpkg-cmake-config/vcpkg-port-config.cmake
2026-10-08T11:34:41.5827449Z -- Installing: D:/a/CaptureSuite/CaptureSuite/vcpkg/packages/vcpkg-cmake-config_x64-windows/share/vcpkg-cmake-config/copyright
2026-10-08T11:34:41.5885489Z -- Skipping post-build validation due to VCPKG_POLICY_EMPTY_PACKAGE
2026-10-08T11:34:41.5920938Z Elapsed time to handle vcpkg-cmake-config:x64-windows: 46.8 ms
2026-10-08T11:34:41.5922386Z vcpkg-cmake-config:x64-windows package ABI: 896bdf4012782ae6c5ef5e2c594711d53f9135d38f97d956ce3b35a6fabf50bb
2026-10-08T11:34:41.5923561Z Installing 2/14 vcpkg-cmake:x64-windows@2024-04-23...
2026-10-08T11:34:41.5924278Z Building vcpkg-cmake:x64-windows@2024-04-23...
2026-10-08T11:34:41.6222638Z -- Installing: D:/a/CaptureSuite/CaptureSuite/vcpkg/packages/vcpkg-cmake_x64-windows/share/vcpkg-cmake/vcpkg_cmake_configure.cmake
2026-10-08T11:34:41.6230354Z -- Installing: D:/a/CaptureSuite/CaptureSuite/vcpkg/packages/vcpkg-cmake_x64-windows/share/vcpkg-cmake/vcpkg_cmake_build.cmake
2026-10-08T11:34:41.6236760Z -- Installing: D:/a/CaptureSuite/CaptureSuite/vcpkg/packages/vcpkg-cmake_x64-windows/share/vcpkg-cmake/vcpkg_cmake_install.cmake
2026-10-08T11:34:41.6243454Z -- Installing: D:/a/CaptureSuite/CaptureSuite/vcpkg/packages/vcpkg-cmake_x64-windows/share/vcpkg-cmake/vcpkg-port-config.cmake
2026-10-08T11:34:41.6248844Z -- Installing: D:/a/CaptureSuite/CaptureSuite/vcpkg/packages/vcpkg-cmake_x64-windows/share/vcpkg-cmake/copyright
2026-10-08T11:34:41.6303821Z -- Performing post-build validation
2026-10-08T11:34:41.6349711Z Elapsed time to handle vcpkg-cmake:x64-windows: 42.9 ms
2026-10-08T11:34:41.6350976Z vcpkg-cmake:x64-windows package ABI: 6e5636fafc4232f85644a367423292e715df0f5574d51f2f436d19bb80600fce
2026-10-08T11:34:41.6351987Z Installing 3/14 blake3:x64-windows@1.8.1...
2026-10-08T11:34:41.6352574Z Building blake3:x64-windows@1.8.1...
2026-10-08T11:34:41.6787330Z Downloading https://github.com/BLAKE3-team/BLAKE3/archive/1.8.1.tar.gz -> BLAKE3-team-BLAKE3-1.8.1.tar.gz
2026-10-08T11:34:42.4160766Z Successfully downloaded BLAKE3-team-BLAKE3-1.8.1.tar.gz
2026-10-08T11:34:42.6780417Z -- Extracting source D:/a/CaptureSuite/CaptureSuite/vcpkg/downloads/BLAKE3-team-BLAKE3-1.8.1.tar.gz
2026-10-08T11:34:42.8179671Z -- Applying patch fix-windows-arm-build-error.patch
2026-10-08T11:34:42.8435653Z -- Using source at D:/a/CaptureSuite/CaptureSuite/vcpkg/buildtrees/blake3/src/1.8.1-194041e9ce.clean
2026-10-08T11:34:42.8554343Z -- Found external ninja('1.12.1').
2026-10-08T11:34:42.8589636Z -- Configuring x64-windows
2026-10-08T11:34:45.2094767Z -- Building x64-windows-dbg
2026-10-08T11:34:47.1026856Z -- Building x64-windows-rel
2026-10-08T11:34:50.0784197Z -- Fixing pkgconfig file: D:/a/CaptureSuite/CaptureSuite/vcpkg/packages/blake3_x64-windows/lib/pkgconfig/libblake3.pc
2026-10-08T11:34:50.0983192Z Downloading msys2-mingw-w64-x86_64-pkgconf-1~2.4.3-1-any.pkg.tar.zst, trying https://mirror.msys2.org/mingw/mingw64/mingw-w64-x86_64-pkgconf-1~2.4.3-1-any.pkg.tar.zst
2026-10-08T11:34:50.9985610Z Successfully downloaded msys2-mingw-w64-x86_64-pkgconf-1~2.4.3-1-any.pkg.tar.zst
2026-10-08T11:34:51.0217914Z Downloading msys2-msys2-runtime-3.6.2-2-x86_64.pkg.tar.zst, trying https://mirror.msys2.org/msys/x86_64/msys2-runtime-3.6.2-2-x86_64.pkg.tar.zst
2026-10-08T11:34:51.7822909Z Successfully downloaded msys2-msys2-runtime-3.6.2-2-x86_64.pkg.tar.zst
2026-10-08T11:34:51.8557153Z -- Using msys root at D:/a/CaptureSuite/CaptureSuite/vcpkg/downloads/tools/msys2/9272adbcaf19caef
2026-10-08T11:34:51.8651356Z -- Fixing pkgconfig file: D:/a/CaptureSuite/CaptureSuite/vcpkg/packages/blake3_x64-windows/debug/lib/pkgconfig/libblake3.pc
2026-10-08T11:34:51.8785767Z -- Performing post-build validation
2026-10-08T11:34:51.8862383Z Elapsed time to handle blake3:x64-windows: 10 s
2026-10-08T11:34:51.8863400Z blake3:x64-windows package ABI: d01e8683dbf5a4ae04e7a3a4d347f7f535bb48b868c199aeacd40fbe6a01a8f3
2026-10-08T11:34:51.8864014Z Installing 4/14 catch2:x64-windows@3.10.0...
2026-10-08T11:34:51.8864373Z Building catch2:x64-windows@3.10.0...
2026-10-08T11:34:51.9166064Z -- Note: catch2 only supports static library linkage. Building static library.
2026-10-08T11:34:51.9262316Z Downloading https://github.com/catchorg/Catch2/archive/v3.10.0.tar.gz -> catchorg-Catch2-v3.10.0.tar.gz
2026-10-08T11:34:52.8992239Z Successfully downloaded catchorg-Catch2-v3.10.0.tar.gz
2026-10-08T11:34:52.9153337Z -- Extracting source D:/a/CaptureSuite/CaptureSuite/vcpkg/downloads/catchorg-Catch2-v3.10.0.tar.gz
2026-10-08T11:34:53.1255102Z -- Applying patch fix-install-path.patch
2026-10-08T11:34:53.1470924Z -- Using source at D:/a/CaptureSuite/CaptureSuite/vcpkg/buildtrees/catch2/src/v3.10.0-0c9c014064.clean
2026-10-08T11:34:53.1589251Z -- Found external ninja('1.12.1').
2026-10-08T11:34:53.1622850Z -- Configuring x64-windows
2026-10-08T11:34:54.0411663Z -- Building x64-windows-dbg
2026-10-08T11:35:18.1991687Z -- Building x64-windows-rel
2026-10-08T11:35:50.4746824Z -- Fixing pkgconfig file: D:/a/CaptureSuite/CaptureSuite/vcpkg/packages/catch2_x64-windows/lib/pkgconfig/catch2-with-main.pc
2026-10-08T11:35:50.4752971Z -- Fixing pkgconfig file: D:/a/CaptureSuite/CaptureSuite/vcpkg/packages/catch2_x64-windows/lib/pkgconfig/catch2.pc
2026-10-08T11:35:50.4858881Z -- Using cached msys2-mingw-w64-x86_64-pkgconf-1~2.4.3-1-any.pkg.tar.zst
2026-10-08T11:35:50.4932113Z -- Using cached msys2-msys2-runtime-3.6.2-2-x86_64.pkg.tar.zst
2026-10-08T11:35:50.4937386Z -- Using msys root at D:/a/CaptureSuite/CaptureSuite/vcpkg/downloads/tools/msys2/9272adbcaf19caef
2026-10-08T11:35:50.5072216Z -- Fixing pkgconfig file: D:/a/CaptureSuite/CaptureSuite/vcpkg/packages/catch2_x64-windows/debug/lib/pkgconfig/catch2-with-main.pc
2026-10-08T11:35:50.5079711Z -- Fixing pkgconfig file: D:/a/CaptureSuite/CaptureSuite/vcpkg/packages/catch2_x64-windows/debug/lib/pkgconfig/catch2.pc
2026-10-08T11:35:50.5342248Z -- Installing: D:/a/CaptureSuite/CaptureSuite/vcpkg/packages/catch2_x64-windows/share/catch2/copyright
2026-10-08T11:35:50.5393713Z -- Performing post-build validation
2026-10-08T11:35:50.6825929Z Elapsed time to handle catch2:x64-windows: 59 s
2026-10-08T11:35:50.6827120Z catch2:x64-windows package ABI: 77a0b0aa103760dc1150bdb2188b2017db1e518227e5f72d4bf990a23ddbbf89
2026-10-08T11:35:50.6828052Z Installing 5/14 zstd:x64-windows@1.5.7...
2026-10-08T11:35:50.6828498Z Building zstd:x64-windows@1.5.7...
2026-10-08T11:35:50.7230370Z Downloading https://github.com/facebook/zstd/archive/v1.5.7.tar.gz -> facebook-zstd-v1.5.7.tar.gz
2026-10-08T11:35:51.5265881Z Successfully downloaded facebook-zstd-v1.5.7.tar.gz
2026-10-08T11:35:51.5460885Z -- Extracting source D:/a/CaptureSuite/CaptureSuite/vcpkg/downloads/facebook-zstd-v1.5.7.tar.gz
2026-10-08T11:35:51.7732836Z -- Applying patch no-static-suffix.patch
2026-10-08T11:35:51.7947769Z -- Applying patch fix-emscripten-and-clang-cl.patch
2026-10-08T11:35:51.8144838Z -- Applying patch fix-windows-rc-compile.patch
2026-10-08T11:35:51.8349838Z -- Using source at D:/a/CaptureSuite/CaptureSuite/vcpkg/buildtrees/zstd/src/v1.5.7-bb6cae2b2e.clean
2026-10-08T11:35:51.8471927Z -- Found external ninja('1.12.1').
2026-10-08T11:35:51.8506958Z -- Configuring x64-windows
2026-10-08T11:35:55.1829851Z -- Building x64-windows-dbg
2026-10-08T11:35:57.0709421Z -- Building x64-windows-rel
2026-10-08T11:36:06.3373060Z -- Fixing pkgconfig file: D:/a/CaptureSuite/CaptureSuite/vcpkg/packages/zstd_x64-windows/lib/pkgconfig/libzstd.pc
2026-10-08T11:36:06.3477778Z -- Using cached msys2-mingw-w64-x86_64-pkgconf-1~2.4.3-1-any.pkg.tar.zst
2026-10-08T11:36:06.3549159Z -- Using cached msys2-msys2-runtime-3.6.2-2-x86_64.pkg.tar.zst
2026-10-08T11:36:06.3554254Z -- Using msys root at D:/a/CaptureSuite/CaptureSuite/vcpkg/downloads/tools/msys2/9272adbcaf19caef
2026-10-08T11:36:06.3622041Z -- Fixing pkgconfig file: D:/a/CaptureSuite/CaptureSuite/vcpkg/packages/zstd_x64-windows/debug/lib/pkgconfig/libzstd.pc
2026-10-08T11:36:06.3741705Z -- Installing: D:/a/CaptureSuite/CaptureSuite/vcpkg/packages/zstd_x64-windows/share/zstd/usage
2026-10-08T11:36:06.3801853Z -- Performing post-build validation
2026-10-08T11:36:06.3959706Z Elapsed time to handle zstd:x64-windows: 16 s
2026-10-08T11:36:06.3960897Z zstd:x64-windows package ABI: d1503b511668f1701d917bb742d9f40feefaa7b28200160a8d742121ab1f215c
2026-10-08T11:36:06.3961901Z Installing 6/14 lz4:x64-windows@1.10.0...
2026-10-08T11:36:06.3962505Z Building lz4:x64-windows@1.10.0...
2026-10-08T11:36:06.4363912Z Downloading https://github.com/lz4/lz4/archive/v1.10.0.tar.gz -> lz4-lz4-v1.10.0.tar.gz
2026-10-08T11:36:06.9394630Z Successfully downloaded lz4-lz4-v1.10.0.tar.gz
2026-10-08T11:36:06.9512744Z -- Extracting source D:/a/CaptureSuite/CaptureSuite/vcpkg/downloads/lz4-lz4-v1.10.0.tar.gz
2026-10-08T11:36:07.1021758Z -- Applying patch target-lz4-lz4.diff
2026-10-08T11:36:07.1228374Z -- Using source at D:/a/CaptureSuite/CaptureSuite/vcpkg/buildtrees/lz4/src/v1.10.0-61bd08d80e.clean
2026-10-08T11:36:07.1346393Z -- Found external ninja('1.12.1').
2026-10-08T11:36:07.1379738Z -- Configuring x64-windows
2026-10-08T11:36:07.9034269Z -- Building x64-windows-dbg
2026-10-08T11:36:08.3108097Z -- Building x64-windows-rel
2026-10-08T11:36:11.8673970Z -- Fixing pkgconfig file: D:/a/CaptureSuite/CaptureSuite/vcpkg/packages/lz4_x64-windows/lib/pkgconfig/liblz4.pc
2026-10-08T11:36:11.8779814Z -- Using cached msys2-mingw-w64-x86_64-pkgconf-1~2.4.3-1-any.pkg.tar.zst
2026-10-08T11:36:11.8852661Z -- Using cached msys2-msys2-runtime-3.6.2-2-x86_64.pkg.tar.zst
2026-10-08T11:36:11.8858148Z -- Using msys root at D:/a/CaptureSuite/CaptureSuite/vcpkg/downloads/tools/msys2/9272adbcaf19caef
2026-10-08T11:36:11.8924755Z -- Fixing pkgconfig file: D:/a/CaptureSuite/CaptureSuite/vcpkg/packages/lz4_x64-windows/debug/lib/pkgconfig/liblz4.pc
2026-10-08T11:36:11.9003456Z -- Installing: D:/a/CaptureSuite/CaptureSuite/vcpkg/packages/lz4_x64-windows/share/lz4/usage
2026-10-08T11:36:11.9013214Z -- Installing: D:/a/CaptureSuite/CaptureSuite/vcpkg/packages/lz4_x64-windows/share/lz4/copyright
2026-10-08T11:36:11.9062056Z -- Performing post-build validation
2026-10-08T11:36:11.9173096Z Elapsed time to handle lz4:x64-windows: 5.5 s
2026-10-08T11:36:11.9174262Z lz4:x64-windows package ABI: 7219532f34156addc05fb83210c7661d5bf181656d687d8d8ecf5254f1125931
2026-10-08T11:36:11.9175379Z Installing 7/14 mcap[core,lz4,zstd]:x64-windows@2.0.2...
2026-10-08T11:36:11.9176181Z Building mcap[core,lz4,zstd]:x64-windows@2.0.2...
2026-10-08T11:36:11.9554315Z Downloading https://github.com/foxglove/mcap/archive/releases/cpp/v2.0.2.tar.gz -> foxglove-mcap-releases_-cpp_-v2.0.2.tar.gz
2026-10-08T11:36:12.7470685Z Successfully downloaded foxglove-mcap-releases_-cpp_-v2.0.2.tar.gz
2026-10-08T11:36:12.7613075Z -- Extracting source D:/a/CaptureSuite/CaptureSuite/vcpkg/downloads/foxglove-mcap-releases_-cpp_-v2.0.2.tar.gz
2026-10-08T11:36:13.0788757Z -- Using source at D:/a/CaptureSuite/CaptureSuite/vcpkg/buildtrees/mcap/src/pp_-v2.0.2-be763db1af.clean
2026-10-08T11:36:13.0792396Z -- Up-to-date: D:/a/CaptureSuite/CaptureSuite/vcpkg/packages/mcap_x64-windows/include
2026-10-08T11:36:13.0795131Z -- Installing: D:/a/CaptureSuite/CaptureSuite/vcpkg/packages/mcap_x64-windows/include/mcap
2026-10-08T11:36:13.0799870Z -- Installing: D:/a/CaptureSuite/CaptureSuite/vcpkg/packages/mcap_x64-windows/include/mcap/crc32.hpp
2026-10-08T11:36:13.0805539Z -- Installing: D:/a/CaptureSuite/CaptureSuite/vcpkg/packages/mcap_x64-windows/include/mcap/errors.hpp
2026-10-08T11:36:13.0810449Z -- Installing: D:/a/CaptureSuite/CaptureSuite/vcpkg/packages/mcap_x64-windows/include/mcap/internal.hpp
2026-10-08T11:36:13.0816285Z -- Installing: D:/a/CaptureSuite/CaptureSuite/vcpkg/packages/mcap_x64-windows/include/mcap/intervaltree.hpp
2026-10-08T11:36:13.0821726Z -- Installing: D:/a/CaptureSuite/CaptureSuite/vcpkg/packages/mcap_x64-windows/include/mcap/mcap.hpp
2026-10-08T11:36:13.0826998Z -- Installing: D:/a/CaptureSuite/CaptureSuite/vcpkg/packages/mcap_x64-windows/include/mcap/reader.hpp
2026-10-08T11:36:13.0833121Z -- Installing: D:/a/CaptureSuite/CaptureSuite/vcpkg/packages/mcap_x64-windows/include/mcap/reader.inl
2026-10-08T11:36:13.0842249Z -- Installing: D:/a/CaptureSuite/CaptureSuite/vcpkg/packages/mcap_x64-windows/include/mcap/read_job_queue.hpp
2026-10-08T11:36:13.0847562Z -- Installing: D:/a/CaptureSuite/CaptureSuite/vcpkg/packages/mcap_x64-windows/include/mcap/types.hpp
2026-10-08T11:36:13.0853213Z -- Installing: D:/a/CaptureSuite/CaptureSuite/vcpkg/packages/mcap_x64-windows/include/mcap/types.inl
2026-10-08T11:36:13.0858645Z -- Installing: D:/a/CaptureSuite/CaptureSuite/vcpkg/packages/mcap_x64-windows/include/mcap/visibility.hpp
2026-10-08T11:36:13.0863649Z -- Installing: D:/a/CaptureSuite/CaptureSuite/vcpkg/packages/mcap_x64-windows/include/mcap/writer.hpp
2026-10-08T11:36:13.0869409Z -- Installing: D:/a/CaptureSuite/CaptureSuite/vcpkg/packages/mcap_x64-windows/include/mcap/writer.inl
2026-10-08T11:36:13.0931474Z -- Performing post-build validation
2026-10-08T11:36:13.1008915Z Elapsed time to handle mcap:x64-windows: 1.2 s
2026-10-08T11:36:13.1010087Z mcap:x64-windows package ABI: 21e7a4de928341f74dcddc5f813736c979bb19ee7edc88f4f1f1f158b3a74971
2026-10-08T11:36:13.1011166Z Installing 8/14 nlohmann-json:x64-windows@3.12.0#1...
2026-10-08T11:36:13.1011886Z Building nlohmann-json:x64-windows@3.12.0#1...
2026-10-08T11:36:13.1411043Z Downloading https://github.com/nlohmann/json/archive/v3.12.0.tar.gz -> nlohmann-json-v3.12.0.tar.gz
2026-10-08T11:36:13.8652617Z Successfully downloaded nlohmann-json-v3.12.0.tar.gz
2026-10-08T11:36:13.9138483Z -- Extracting source D:/a/CaptureSuite/CaptureSuite/vcpkg/downloads/nlohmann-json-v3.12.0.tar.gz
2026-10-08T11:36:14.2023291Z -- Applying patch fix-4742_std_optional.patch
2026-10-08T11:36:14.2311191Z -- Using source at D:/a/CaptureSuite/CaptureSuite/vcpkg/buildtrees/nlohmann-json/src/v3.12.0-087f34fe5c.clean
2026-10-08T11:36:14.2435802Z -- Found external ninja('1.12.1').
2026-10-08T11:36:14.2474190Z -- Configuring x64-windows
2026-10-08T11:36:15.0432855Z -- Building x64-windows-dbg
2026-10-08T11:36:15.1156210Z -- Building x64-windows-rel
2026-10-08T11:36:15.1938061Z -- Fixing pkgconfig file: D:/a/CaptureSuite/CaptureSuite/vcpkg/packages/nlohmann-json_x64-windows/share/pkgconfig/nlohmann_json.pc
2026-10-08T11:36:15.2043748Z -- Using cached msys2-mingw-w64-x86_64-pkgconf-1~2.4.3-1-any.pkg.tar.zst
2026-10-08T11:36:15.2114502Z -- Using cached msys2-msys2-runtime-3.6.2-2-x86_64.pkg.tar.zst
2026-10-08T11:36:15.2119601Z -- Using msys root at D:/a/CaptureSuite/CaptureSuite/vcpkg/downloads/tools/msys2/9272adbcaf19caef
2026-10-08T11:36:15.2196281Z -- Fixing pkgconfig file: D:/a/CaptureSuite/CaptureSuite/vcpkg/packages/nlohmann-json_x64-windows/debug/share/pkgconfig/nlohmann_json.pc
2026-10-08T11:36:15.2311766Z -- Installing: D:/a/CaptureSuite/CaptureSuite/vcpkg/packages/nlohmann-json_x64-windows/share/nlohmann-json/copyright
2026-10-08T11:36:15.2364095Z -- Performing post-build validation
2026-10-08T11:36:15.2520510Z Elapsed time to handle nlohmann-json:x64-windows: 2.2 s
2026-10-08T11:36:15.2521864Z nlohmann-json:x64-windows package ABI: 8bd2a29ca56ed5f9f1d4fe73683b75034aba39a285eade8d38e147dde0252624
2026-10-08T11:36:15.2522996Z Installing 9/14 abseil:x64-windows@20250127.1#4...
2026-10-08T11:36:15.2523697Z Building abseil:x64-windows@20250127.1#4...
2026-10-08T11:36:15.2916204Z Downloading https://github.com/abseil/abseil-cpp/archive/20250127.1.tar.gz -> abseil-abseil-cpp-20250127.1.tar.gz
2026-10-08T11:36:16.0647681Z Successfully downloaded abseil-abseil-cpp-20250127.1.tar.gz
2026-10-08T11:36:16.0848514Z -- Extracting source D:/a/CaptureSuite/CaptureSuite/vcpkg/downloads/abseil-abseil-cpp-20250127.1.tar.gz
2026-10-08T11:36:16.4221724Z -- Applying patch 001-mingw-dll.patch
2026-10-08T11:36:16.4451637Z -- Using source at D:/a/CaptureSuite/CaptureSuite/vcpkg/buildtrees/abseil/src/20250127.1-2a0a5c697e.clean
2026-10-08T11:36:16.4576707Z -- Found external ninja('1.12.1').
2026-10-08T11:36:16.4602738Z -- Configuring x64-windows-dbg
2026-10-08T11:36:19.4290101Z -- Configuring x64-windows-rel
2026-10-08T11:36:21.3592979Z -- Building x64-windows-dbg
2026-10-08T11:37:03.4989657Z -- Building x64-windows-rel
2026-10-08T11:37:53.8169931Z -- Fixing pkgconfig file: D:/a/CaptureSuite/CaptureSuite/vcpkg/packages/abseil_x64-windows/lib/pkgconfig/abseil_dll.pc
2026-10-08T11:37:53.8178105Z -- Fixing pkgconfig file: D:/a/CaptureSuite/CaptureSuite/vcpkg/packages/abseil_x64-windows/lib/pkgconfig/absl_absl_check.pc
2026-10-08T11:37:53.8186546Z -- Fixing pkgconfig file: D:/a/CaptureSuite/CaptureSuite/vcpkg/packages/abseil_x64-windows/lib/pkgconfig/absl_absl_log.pc
2026-10-08T11:37:53.8192838Z -- Fixing pkgconfig file: D:/a/CaptureSuite/CaptureSuite/vcpkg/packages/abseil_x64-windows/lib/pkgconfig/absl_absl_vlog_is_on.pc
2026-10-08T11:37:53.8198995Z -- Fixing pkgconfig file: D:/a/CaptureSuite/CaptureSuite/vcpkg/packages/abseil_x64-windows/lib/pkgconfig/absl_algorithm.pc
2026-10-08T11:37:53.8203782Z -- Fixing pkgconfig file: D:/a/CaptureSuite/CaptureSuite/vcpkg/packages/abseil_x64-windows/lib/pkgconfig/absl_algorithm_container.pc
2026-10-08T11:37:53.8211401Z -- Fixing pkgconfig file: D:/a/CaptureSuite/CaptureSuite/vcpkg/packages/abseil_x64-windows/lib/pkgconfig/absl_any.pc
2026-10-08T11:37:53.8216428Z -- Fixing pkgconfig file: D:/a/CaptureSuite/CaptureSuite/vcpkg/packages/abseil_x64-windows/lib/pkgconfig/absl_any_invocable.pc
2026-10-08T11:37:53.8222053Z -- Fixing pkgconfig file: D:/a/CaptureSuite/CaptureSuite/vcpkg/packages/abseil_x64-windows/lib/pkgconfig/absl_atomic_hook.pc
2026-10-08T11:37:53.8229724Z -- Fixing pkgconfig file: D:/a/CaptureSuite/CaptureSuite/vcpkg/packages/abseil_x64-windows/lib/pkgconfig/absl_bad_any_cast.pc
2026-10-08T11:37:53.8237216Z -- Fixing pkgconfig file: D:/a/CaptureSuite/CaptureSuite/vcpkg/packages/abseil_x64-windows/lib/pkgconfig/absl_bad_any_cast_impl.pc
2026-10-08T11:37:53.8244652Z -- Fixing pkgconfig file: D:/a/CaptureSuite/CaptureSuite/vcpkg/packages/abseil_x64-windows/lib/pkgconfig/absl_bad_optional_access.pc
2026-10-08T11:37:53.8253287Z -- Fixing pkgconfig file: D:/a/CaptureSuite/CaptureSuite/vcpkg/packages/abseil_x64-windows/lib/pkgconfig/absl_bad_variant_access.pc
2026-10-08T11:37:53.8260562Z -- Fixing pkgconfig file: D:/a/CaptureSuite/CaptureSuite/vcpkg/packages/abseil_x64-windows/lib/pkgconfig/absl_base.pc
2026-10-08T11:37:53.8267916Z -- Fixing pkgconfig file: D:/a/CaptureSuite/CaptureSuite/vcpkg/packages/abseil_x64-windows/lib/pkgconfig/absl_base_internal.pc
2026-10-08T11:37:53.8275776Z -- Fixing pkgconfig file: D:/a/CaptureSuite/CaptureSuite/vcpkg/packages/abseil_x64-windows/lib/pkgconfig/absl_bind_front.pc
2026-10-08T11:37:53.8283082Z -- Fixing pkgconfig file: D:/a/CaptureSuite/CaptureSuite/vcpkg/packages/abseil_x64-windows/lib/pkgconfig/absl_bits.pc
2026-10-08T11:37:53.8290166Z -- Fixing pkgconfig file: D:/a/CaptureSuite/CaptureSuite/vcpkg/packages/abseil_x64-windows/lib/pkgconfig/absl_bounded_utf8_length_sequence.pc
2026-10-08T11:37:53.8297093Z -- Fixing pkgconfig file: D:/a/CaptureSuite/CaptureSuite/vcpkg/packages/abseil_x64-windows/lib/pkgconfig/absl_btree.pc
2026-10-08T11:37:53.8306005Z -- Fixing pkgconfig file: D:/a/CaptureSuite/CaptureSuite/vcpkg/packages/abseil_x64-windows/lib/pkgconfig/absl_charset.pc
2026-10-08T11:37:53.8313238Z -- Fixing pkgconfig file: D:/a/CaptureSuite/CaptureSuite/vcpkg/packages/abseil_x64-windows/lib/pkgconfig/absl_check.pc
2026-10-08T11:37:53.8320086Z -- Fixing pkgconfig file: D:/a/CaptureSuite/CaptureSuite/vcpkg/packages/abseil_x64-windows/lib/pkgconfig/absl_city.pc
2026-10-08T11:37:53.8326172Z -- Fixing pkgconfig file: D:/a/CaptureSuite/CaptureSuite/vcpkg/packages/abseil_x64-windows/lib/pkgconfig/absl_civil_time.pc
2026-10-08T11:37:53.8333067Z -- Fixing pkgconfig file: D:/a/CaptureSuite/CaptureSuite/vcpkg/packages/abseil_x64-windows/lib/pkgconfig/absl_cleanup.pc
2026-10-08T11:37:53.8339619Z -- Fixing pkgconfig file: D:/a/CaptureSuite/CaptureSuite/vcpkg/packages/abseil_x64-windows/lib/pkgconfig/absl_cleanup_internal.pc
2026-10-08T11:37:53.8345302Z -- Fixing pkgconfig file: D:/a/CaptureSuite/CaptureSuite/vcpkg/packages/abseil_x64-windows/lib/pkgconfig/absl_common_policy_traits.pc
2026-10-08T11:37:53.8350232Z -- Fixing pkgconfig file: D:/a/CaptureSuite/CaptureSuite/vcpkg/packages/abseil_x64-windows/lib/pkgconfig/absl_compare.pc
2026-10-08T11:37:53.8357382Z -- Fixing pkgconfig file: D:/a/CaptureSuite/CaptureSuite/vcpkg/packages/abseil_x64-windows/lib/pkgconfig/absl_compressed_tuple.pc
2026-10-08T11:37:53.8364352Z -- Fixing pkgconfig file: D:/a/CaptureSuite/CaptureSuite/vcpkg/packages/abseil_x64-windows/lib/pkgconfig/absl_config.pc
2026-10-08T11:37:53.8372126Z -- Fixing pkgconfig file: D:/a/CaptureSuite/CaptureSuite/vcpkg/packages/abseil_x64-windows/lib/pkgconfig/absl_container_common.pc
2026-10-08T11:37:53.8380592Z -- Fixing pkgconfig file: D:/a/CaptureSuite/CaptureSuite/vcpkg/packages/abseil_x64-windows/lib/pkgconfig/absl_container_memory.pc
2026-10-08T11:37:53.8387813Z -- Fixing pkgconfig file: D:/a/CaptureSuite/CaptureSuite/vcpkg/packages/abseil_x64-windows/lib/pkgconfig/absl_cord.pc
2026-10-08T11:37:53.8395730Z -- Fixing pkgconfig file: D:/a/CaptureSuite/CaptureSuite/vcpkg/packages/abseil_x64-windows/lib/pkgconfig/absl_cord_internal.pc
2026-10-08T11:37:53.8402200Z -- Fixing pkgconfig file: D:/a/CaptureSuite/CaptureSuite/vcpkg/packages/abseil_x64-windows/lib/pkgconfig/absl_cordz_functions.pc
2026-10-08T11:37:53.8410148Z -- Fixing pkgconfig file: D:/a/CaptureSuite/CaptureSuite/vcpkg/packages/abseil_x64-windows/lib/pkgconfig/absl_cordz_handle.pc
2026-10-08T11:37:53.8417619Z -- Fixing pkgconfig file: D:/a/CaptureSuite/CaptureSuite/vcpkg/packages/abseil_x64-windows/lib/pkgconfig/absl_cordz_info.pc
2026-10-08T11:37:53.8424210Z -- Fixing pkgconfig file: D:/a/CaptureSuite/CaptureSuite/vcpkg/packages/abseil_x64-windows/lib/pkgconfig/absl_cordz_sample_token.pc
2026-10-08T11:37:53.8433323Z -- Fixing pkgconfig file: D:/a/CaptureSuite/CaptureSuite/vcpkg/packages/abseil_x64-windows/lib/pkgconfig/absl_cordz_statistics.pc
2026-10-08T11:37:53.8440418Z -- Fixing pkgconfig file: D:/a/CaptureSuite/CaptureSuite/vcpkg/packages/abseil_x64-windows/lib/pkgconfig/absl_cordz_update_scope.pc
2026-10-08T11:37:53.8446982Z -- Fixing pkgconfig file: D:/a/CaptureSuite/CaptureSuite/vcpkg/packages/abseil_x64-windows/lib/pkgconfig/absl_cordz_update_tracker.pc
2026-10-08T11:37:53.8452408Z -- Fixing pkgconfig file: D:/a/CaptureSuite/CaptureSuite/vcpkg/packages/abseil_x64-windows/lib/pkgconfig/absl_core_headers.pc
2026-10-08T11:37:53.8459805Z -- Fixing pkgconfig file: D:/a/CaptureSuite/CaptureSuite/vcpkg/packages/abseil_x64-windows/lib/pkgconfig/absl_crc32c.pc
2026-10-08T11:37:53.8465134Z -- Fixing pkgconfig file: D:/a/CaptureSuite/CaptureSuite/vcpkg/packages/abseil_x64-windows/lib/pkgconfig/absl_crc_cord_state.pc
2026-10-08T11:37:53.8472361Z -- Fixing pkgconfig file: D:/a/CaptureSuite/CaptureSuite/vcpkg/packages/abseil_x64-windows/lib/pkgconfig/absl_crc_cpu_detect.pc
2026-10-08T11:37:53.8479365Z -- Fixing pkgconfig file: D:/a/CaptureSuite/CaptureSuite/vcpkg/packages/abseil_x64-windows/lib/pkgconfig/absl_crc_internal.pc
2026-10-08T11:37:53.8486264Z -- Fixing pkgconfig file: D:/a/CaptureSuite/CaptureSuite/vcpkg/packages/abseil_x64-windows/lib/pkgconfig/absl_debugging.pc
2026-10-08T11:37:53.8493562Z -- Fixing pkgconfig file: D:/a/CaptureSuite/CaptureSuite/vcpkg/packages/abseil_x64-windows/lib/pkgconfig/absl_debugging_internal.pc
2026-10-08T11:37:53.8501019Z -- Fixing pkgconfig file: D:/a/CaptureSuite/CaptureSuite/vcpkg/packages/abseil_x64-windows/lib/pkgconfig/absl_decode_rust_punycode.pc
2026-10-08T11:37:53.8508624Z -- Fixing pkgconfig file: D:/a/CaptureSuite/CaptureSuite/vcpkg/packages/abseil_x64-windows/lib/pkgconfig/absl_demangle_internal.pc
2026-10-08T11:37:53.8515056Z -- Fixing pkgconfig file: D:/a/CaptureSuite/CaptureSuite/vcpkg/packages/abseil_x64-windows/lib/pkgconfig/absl_demangle_rust.pc
2026-10-08T11:37:53.8521687Z -- Fixing pkgconfig file: D:/a/CaptureSuite/CaptureSuite/vcpkg/packages/abseil_x64-windows/lib/pkgconfig/absl_die_if_null.pc
2026-10-08T11:37:53.8531000Z -- Fixing pkgconfig file: D:/a/CaptureSuite/CaptureSuite/vcpkg/packages/abseil_x64-windows/lib/pkgconfig/absl_dynamic_annotations.pc
2026-10-08T11:37:53.8537982Z -- Fixing pkgconfig file: D:/a/CaptureSuite/CaptureSuite/vcpkg/packages/abseil_x64-windows/lib/pkgconfig/absl_endian.pc
2026-10-08T11:37:53.8544727Z -- Fixing pkgconfig file: D:/a/CaptureSuite/CaptureSuite/vcpkg/packages/abseil_x64-windows/lib/pkgconfig/absl_errno_saver.pc
2026-10-08T11:37:53.8552254Z -- Fixing pkgconfig file: D:/a/CaptureSuite/CaptureSuite/vcpkg/packages/abseil_x64-windows/lib/pkgconfig/absl_examine_stack.pc
2026-10-08T11:37:53.8558561Z -- Fixing pkgconfig file: D:/a/CaptureSuite/CaptureSuite/vcpkg/packages/abseil_x64-windows/lib/pkgconfig/absl_exponential_biased.pc
2026-10-08T11:37:53.8563621Z -- Fixing pkgconfig file: D:/a/CaptureSuite/CaptureSuite/vcpkg/packages/abseil_x64-windows/lib/pkgconfig/absl_failure_signal_handler.pc
2026-10-08T11:37:53.8570815Z -- Fixing pkgconfig file: D:/a/CaptureSuite/CaptureSuite/vcpkg/packages/abseil_x64-windows/lib/pkgconfig/absl_fast_type_id.pc
2026-10-08T11:37:53.8577023Z -- Fixing pkgconfig file: D:/a/CaptureSuite/CaptureSuite/vcpkg/packages/abseil_x64-windows/lib/pkgconfig/absl_fixed_array.pc
2026-10-08T11:37:53.8583529Z -- Fixing pkgconfig file: D:/a/CaptureSuite/CaptureSuite/vcpkg/packages/abseil_x64-windows/lib/pkgconfig/absl_flags.pc
2026-10-08T11:37:53.8592187Z -- Fixing pkgconfig file: D:/a/CaptureSuite/CaptureSuite/vcpkg/packages/abseil_x64-windows/lib/pkgconfig/absl_flags_commandlineflag.pc
2026-10-08T11:37:53.8598583Z -- Fixing pkgconfig file: D:/a/CaptureSuite/CaptureSuite/vcpkg/packages/abseil_x64-windows/lib/pkgconfig/absl_flags_commandlineflag_internal.pc
2026-10-08T11:37:53.8604820Z -- Fixing pkgconfig file: D:/a/CaptureSuite/CaptureSuite/vcpkg/packages/abseil_x64-windows/lib/pkgconfig/absl_flags_config.pc
2026-10-08T11:37:53.8614066Z -- Fixing pkgconfig file: D:/a/CaptureSuite/CaptureSuite/vcpkg/packages/abseil_x64-windows/lib/pkgconfig/absl_flags_internal.pc
2026-10-08T11:37:53.8620380Z -- Fixing pkgconfig file: D:/a/CaptureSuite/CaptureSuite/vcpkg/packages/abseil_x64-windows/lib/pkgconfig/absl_flags_marshalling.pc
2026-10-08T11:37:53.8629989Z -- Fixing pkgconfig file: D:/a/CaptureSuite/CaptureSuite/vcpkg/packages/abseil_x64-windows/lib/pkgconfig/absl_flags_parse.pc
2026-10-08T11:37:53.8639559Z -- Fixing pkgconfig file: D:/a/CaptureSuite/CaptureSuite/vcpkg/packages/abseil_x64-windows/lib/pkgconfig/absl_flags_path_util.pc
2026-10-08T11:37:53.8647496Z -- Fixing pkgconfig file: D:/a/CaptureSuite/CaptureSuite/vcpkg/packages/abseil_x64-windows/lib/pkgconfig/absl_flags_private_handle_accessor.pc
2026-10-08T11:37:53.8656284Z -- Fixing pkgconfig file: D:/a/CaptureSuite/CaptureSuite/vcpkg/packages/abseil_x64-windows/lib/pkgconfig/absl_flags_program_name.pc
2026-10-08T11:37:53.8665754Z -- Fixing pkgconfig file: D:/a/CaptureSuite/CaptureSuite/vcpkg/packages/abseil_x64-windows/lib/pkgconfig/absl_flags_reflection.pc
2026-10-08T11:37:53.8675009Z -- Fixing pkgconfig file: D:/a/CaptureSuite/CaptureSuite/vcpkg/packages/abseil_x64-windows/lib/pkgconfig/absl_flags_usage.pc
2026-10-08T11:37:53.8685046Z -- Fixing pkgconfig file: D:/a/CaptureSuite/CaptureSuite/vcpkg/packages/abseil_x64-windows/lib/pkgconfig/absl_flags_usage_internal.pc
2026-10-08T11:37:53.8692879Z -- Fixing pkgconfig file: D:/a/CaptureSuite/CaptureSuite/vcpkg/packages/abseil_x64-windows/lib/pkgconfig/absl_flat_hash_map.pc
2026-10-08T11:37:53.8700260Z -- Fixing pkgconfig file: D:/a/CaptureSuite/CaptureSuite/vcpkg/packages/abseil_x64-windows/lib/pkgconfig/absl_flat_hash_set.pc
2026-10-08T11:37:53.8705540Z -- Fixing pkgconfig file: D:/a/CaptureSuite/CaptureSuite/vcpkg/packages/abseil_x64-windows/lib/pkgconfig/absl_function_ref.pc
2026-10-08T11:37:53.8712897Z -- Fixing pkgconfig file: D:/a/CaptureSuite/CaptureSuite/vcpkg/packages/abseil_x64-windows/lib/pkgconfig/absl_graphcycles_internal.pc
2026-10-08T11:37:53.8718796Z -- Fixing pkgconfig file: D:/a/CaptureSuite/CaptureSuite/vcpkg/packages/abseil_x64-windows/lib/pkgconfig/absl_has_ostream_operator.pc
2026-10-08T11:37:53.8723663Z -- Fixing pkgconfig file: D:/a/CaptureSuite/CaptureSuite/vcpkg/packages/abseil_x64-windows/lib/pkgconfig/absl_hash.pc
2026-10-08T11:37:53.8731692Z -- Fixing pkgconfig file: D:/a/CaptureSuite/CaptureSuite/vcpkg/packages/abseil_x64-windows/lib/pkgconfig/absl_hash_container_defaults.pc
2026-10-08T11:37:53.8738107Z -- Fixing pkgconfig file: D:/a/CaptureSuite/CaptureSuite/vcpkg/packages/abseil_x64-windows/lib/pkgconfig/absl_hash_function_defaults.pc
2026-10-08T11:37:53.8742778Z -- Fixing pkgconfig file: D:/a/CaptureSuite/CaptureSuite/vcpkg/packages/abseil_x64-windows/lib/pkgconfig/absl_hash_policy_traits.pc
2026-10-08T11:37:53.8750019Z -- Fixing pkgconfig file: D:/a/CaptureSuite/CaptureSuite/vcpkg/packages/abseil_x64-windows/lib/pkgconfig/absl_hashtable_debug.pc
2026-10-08T11:37:53.8757853Z -- Fixing pkgconfig file: D:/a/CaptureSuite/CaptureSuite/vcpkg/packages/abseil_x64-windows/lib/pkgconfig/absl_hashtable_debug_hooks.pc
2026-10-08T11:37:53.8764818Z -- Fixing pkgconfig file: D:/a/CaptureSuite/CaptureSuite/vcpkg/packages/abseil_x64-windows/lib/pkgconfig/absl_hashtablez_sampler.pc
2026-10-08T11:37:53.8771954Z -- Fixing pkgconfig file: D:/a/CaptureSuite/CaptureSuite/vcpkg/packages/abseil_x64-windows/lib/pkgconfig/absl_if_constexpr.pc
2026-10-08T11:37:53.8779549Z -- Fixing pkgconfig file: D:/a/CaptureSuite/CaptureSuite/vcpkg/packages/abseil_x64-windows/lib/pkgconfig/absl_inlined_vector.pc
2026-10-08T11:37:53.8786037Z -- Fixing pkgconfig file: D:/a/CaptureSuite/CaptureSuite/vcpkg/packages/abseil_x64-windows/lib/pkgconfig/absl_inlined_vector_internal.pc
2026-10-08T11:37:53.8793279Z -- Fixing pkgconfig file: D:/a/CaptureSuite/CaptureSuite/vcpkg/packages/abseil_x64-windows/lib/pkgconfig/absl_int128.pc
2026-10-08T11:37:53.8800612Z -- Fixing pkgconfig file: D:/a/CaptureSuite/CaptureSuite/vcpkg/packages/abseil_x64-windows/lib/pkgconfig/absl_kernel_timeout_internal.pc
2026-10-08T11:37:53.8806704Z -- Fixing pkgconfig file: D:/a/CaptureSuite/CaptureSuite/vcpkg/packages/abseil_x64-windows/lib/pkgconfig/absl_layout.pc
2026-10-08T11:37:53.8813383Z -- Fixing pkgconfig file: D:/a/CaptureSuite/CaptureSuite/vcpkg/packages/abseil_x64-windows/lib/pkgconfig/absl_leak_check.pc
2026-10-08T11:37:53.8820430Z -- Fixing pkgconfig file: D:/a/CaptureSuite/CaptureSuite/vcpkg/packages/abseil_x64-windows/lib/pkgconfig/absl_log.pc
2026-10-08T11:37:53.8828015Z -- Fixing pkgconfig file: D:/a/CaptureSuite/CaptureSuite/vcpkg/packages/abseil_x64-windows/lib/pkgconfig/absl_log_entry.pc
2026-10-08T11:37:53.8836288Z -- Fixing pkgconfig file: D:/a/CaptureSuite/CaptureSuite/vcpkg/packages/abseil_x64-windows/lib/pkgconfig/absl_log_flags.pc
2026-10-08T11:37:53.8844049Z -- Fixing pkgconfig file: D:/a/CaptureSuite/CaptureSuite/vcpkg/packages/abseil_x64-windows/lib/pkgconfig/absl_log_globals.pc
2026-10-08T11:37:53.8852037Z -- Fixing pkgconfig file: D:/a/CaptureSuite/CaptureSuite/vcpkg/packages/abseil_x64-windows/lib/pkgconfig/absl_log_initialize.pc
2026-10-08T11:37:53.8858364Z -- Fixing pkgconfig file: D:/a/CaptureSuite/CaptureSuite/vcpkg/packages/abseil_x64-windows/lib/pkgconfig/absl_log_internal_append_truncated.pc
2026-10-08T11:37:53.8866070Z -- Fixing pkgconfig file: D:/a/CaptureSuite/CaptureSuite/vcpkg/packages/abseil_x64-windows/lib/pkgconfig/absl_log_internal_check_impl.pc
2026-10-08T11:37:53.8871404Z -- Fixing pkgconfig file: D:/a/CaptureSuite/CaptureSuite/vcpkg/packages/abseil_x64-windows/lib/pkgconfig/absl_log_internal_check_op.pc
2026-10-08T11:37:53.8879615Z -- Fixing pkgconfig file: D:/a/CaptureSuite/CaptureSuite/vcpkg/packages/abseil_x64-windows/lib/pkgconfig/absl_log_internal_conditions.pc
2026-10-08T11:37:53.8884892Z -- Fixing pkgconfig file: D:/a/CaptureSuite/CaptureSuite/vcpkg/packages/abseil_x64-windows/lib/pkgconfig/absl_log_internal_config.pc
2026-10-08T11:37:53.8893255Z -- Fixing pkgconfig file: D:/a/CaptureSuite/CaptureSuite/vcpkg/packages/abseil_x64-windows/lib/pkgconfig/absl_log_internal_flags.pc
2026-10-08T11:37:53.8899976Z -- Fixing pkgconfig file: D:/a/CaptureSuite/CaptureSuite/vcpkg/packages/abseil_x64-windows/lib/pkgconfig/absl_log_internal_fnmatch.pc
2026-10-08T11:37:53.8907189Z -- Fixing pkgconfig file: D:/a/CaptureSuite/CaptureSuite/vcpkg/packages/abseil_x64-windows/lib/pkgconfig/absl_log_internal_format.pc
2026-10-08T11:37:53.8916037Z -- Fixing pkgconfig file: D:/a/CaptureSuite/CaptureSuite/vcpkg/packages/abseil_x64-windows/lib/pkgconfig/absl_log_internal_globals.pc
2026-10-08T11:37:53.8922798Z -- Fixing pkgconfig file: D:/a/CaptureSuite/CaptureSuite/vcpkg/packages/abseil_x64-windows/lib/pkgconfig/absl_log_internal_log_impl.pc
2026-10-08T11:37:53.8931934Z -- Fixing pkgconfig file: D:/a/CaptureSuite/CaptureSuite/vcpkg/packages/abseil_x64-windows/lib/pkgconfig/absl_log_internal_log_sink_set.pc
2026-10-08T11:37:53.8939851Z -- Fixing pkgconfig file: D:/a/CaptureSuite/CaptureSuite/vcpkg/packages/abseil_x64-windows/lib/pkgconfig/absl_log_internal_message.pc
2026-10-08T11:37:53.8947460Z -- Fixing pkgconfig file: D:/a/CaptureSuite/CaptureSuite/vcpkg/packages/abseil_x64-windows/lib/pkgconfig/absl_log_internal_nullguard.pc
2026-10-08T11:37:53.8954336Z -- Fixing pkgconfig file: D:/a/CaptureSuite/CaptureSuite/vcpkg/packages/abseil_x64-windows/lib/pkgconfig/absl_log_internal_nullstream.pc
2026-10-08T11:37:53.8962105Z -- Fixing pkgconfig file: D:/a/CaptureSuite/CaptureSuite/vcpkg/packages/abseil_x64-windows/lib/pkgconfig/absl_log_internal_proto.pc
2026-10-08T11:37:53.8970461Z -- Fixing pkgconfig file: D:/a/CaptureSuite/CaptureSuite/vcpkg/packages/abseil_x64-windows/lib/pkgconfig/absl_log_internal_strip.pc
2026-10-08T11:37:53.8977415Z -- Fixing pkgconfig file: D:/a/CaptureSuite/CaptureSuite/vcpkg/packages/abseil_x64-windows/lib/pkgconfig/absl_log_internal_structured.pc
2026-10-08T11:37:53.8982650Z -- Fixing pkgconfig file: D:/a/CaptureSuite/CaptureSuite/vcpkg/packages/abseil_x64-windows/lib/pkgconfig/absl_log_internal_structured_proto.pc
2026-10-08T11:37:53.8989027Z -- Fixing pkgconfig file: D:/a/CaptureSuite/CaptureSuite/vcpkg/packages/abseil_x64-windows/lib/pkgconfig/absl_log_internal_voidify.pc
2026-10-08T11:37:53.8996911Z -- Fixing pkgconfig file: D:/a/CaptureSuite/CaptureSuite/vcpkg/packages/abseil_x64-windows/lib/pkgconfig/absl_log_severity.pc
2026-10-08T11:37:53.9005472Z -- Fixing pkgconfig file: D:/a/CaptureSuite/CaptureSuite/vcpkg/packages/abseil_x64-windows/lib/pkgconfig/absl_log_sink.pc
2026-10-08T11:37:53.9012024Z -- Fixing pkgconfig file: D:/a/CaptureSuite/CaptureSuite/vcpkg/packages/abseil_x64-windows/lib/pkgconfig/absl_log_sink_registry.pc
2026-10-08T11:37:53.9017950Z -- Fixing pkgconfig file: D:/a/CaptureSuite/CaptureSuite/vcpkg/packages/abseil_x64-windows/lib/pkgconfig/absl_log_streamer.pc
2026-10-08T11:37:53.9026044Z -- Fixing pkgconfig file: D:/a/CaptureSuite/CaptureSuite/vcpkg/packages/abseil_x64-windows/lib/pkgconfig/absl_log_structured.pc
2026-10-08T11:37:53.9034017Z -- Fixing pkgconfig file: D:/a/CaptureSuite/CaptureSuite/vcpkg/packages/abseil_x64-windows/lib/pkgconfig/absl_low_level_hash.pc
2026-10-08T11:37:53.9042374Z -- Fixing pkgconfig file: D:/a/CaptureSuite/CaptureSuite/vcpkg/packages/abseil_x64-windows/lib/pkgconfig/absl_malloc_internal.pc
2026-10-08T11:37:53.9048472Z -- Fixing pkgconfig file: D:/a/CaptureSuite/CaptureSuite/vcpkg/packages/abseil_x64-windows/lib/pkgconfig/absl_memory.pc
2026-10-08T11:37:53.9056330Z -- Fixing pkgconfig file: D:/a/CaptureSuite/CaptureSuite/vcpkg/packages/abseil_x64-windows/lib/pkgconfig/absl_meta.pc
2026-10-08T11:37:53.9062973Z -- Fixing pkgconfig file: D:/a/CaptureSuite/CaptureSuite/vcpkg/packages/abseil_x64-windows/lib/pkgconfig/absl_no_destructor.pc
2026-10-08T11:37:53.9069511Z -- Fixing pkgconfig file: D:/a/CaptureSuite/CaptureSuite/vcpkg/packages/abseil_x64-windows/lib/pkgconfig/absl_node_hash_map.pc
2026-10-08T11:37:53.9077015Z -- Fixing pkgconfig file: D:/a/CaptureSuite/CaptureSuite/vcpkg/packages/abseil_x64-windows/lib/pkgconfig/absl_node_hash_set.pc
2026-10-08T11:37:53.9084511Z -- Fixing pkgconfig file: D:/a/CaptureSuite/CaptureSuite/vcpkg/packages/abseil_x64-windows/lib/pkgconfig/absl_node_slot_policy.pc
2026-10-08T11:37:53.9091526Z -- Fixing pkgconfig file: D:/a/CaptureSuite/CaptureSuite/vcpkg/packages/abseil_x64-windows/lib/pkgconfig/absl_non_temporal_arm_intrinsics.pc
2026-10-08T11:37:53.9099715Z -- Fixing pkgconfig file: D:/a/CaptureSuite/CaptureSuite/vcpkg/packages/abseil_x64-windows/lib/pkgconfig/absl_non_temporal_memcpy.pc
2026-10-08T11:37:53.9107685Z -- Fixing pkgconfig file: D:/a/CaptureSuite/CaptureSuite/vcpkg/packages/abseil_x64-windows/lib/pkgconfig/absl_nullability.pc
2026-10-08T11:37:53.9113766Z -- Fixing pkgconfig file: D:/a/CaptureSuite/CaptureSuite/vcpkg/packages/abseil_x64-windows/lib/pkgconfig/absl_numeric.pc
2026-10-08T11:37:53.9119235Z -- Fixing pkgconfig file: D:/a/CaptureSuite/CaptureSuite/vcpkg/packages/abseil_x64-windows/lib/pkgconfig/absl_numeric_representation.pc
2026-10-08T11:37:53.9124840Z -- Fixing pkgconfig file: D:/a/CaptureSuite/CaptureSuite/vcpkg/packages/abseil_x64-windows/lib/pkgconfig/absl_optional.pc
2026-10-08T11:37:53.9130096Z -- Fixing pkgconfig file: D:/a/CaptureSuite/CaptureSuite/vcpkg/packages/abseil_x64-windows/lib/pkgconfig/absl_overload.pc
2026-10-08T11:37:53.9136671Z -- Fixing pkgconfig file: D:/a/CaptureSuite/CaptureSuite/vcpkg/packages/abseil_x64-windows/lib/pkgconfig/absl_periodic_sampler.pc
2026-10-08T11:37:53.9144015Z -- Fixing pkgconfig file: D:/a/CaptureSuite/CaptureSuite/vcpkg/packages/abseil_x64-windows/lib/pkgconfig/absl_poison.pc
2026-10-08T11:37:53.9150096Z -- Fixing pkgconfig file: D:/a/CaptureSuite/CaptureSuite/vcpkg/packages/abseil_x64-windows/lib/pkgconfig/absl_prefetch.pc
2026-10-08T11:37:53.9157912Z -- Fixing pkgconfig file: D:/a/CaptureSuite/CaptureSuite/vcpkg/packages/abseil_x64-windows/lib/pkgconfig/absl_pretty_function.pc
2026-10-08T11:37:53.9163940Z -- Fixing pkgconfig file: D:/a/CaptureSuite/CaptureSuite/vcpkg/packages/abseil_x64-windows/lib/pkgconfig/absl_random_bit_gen_ref.pc
2026-10-08T11:37:53.9172183Z -- Fixing pkgconfig file: D:/a/CaptureSuite/CaptureSuite/vcpkg/packages/abseil_x64-windows/lib/pkgconfig/absl_random_distributions.pc
2026-10-08T11:37:53.9179817Z -- Fixing pkgconfig file: D:/a/CaptureSuite/CaptureSuite/vcpkg/packages/abseil_x64-windows/lib/pkgconfig/absl_random_internal_distribution_caller.pc
2026-10-08T11:37:53.9188710Z -- Fixing pkgconfig file: D:/a/CaptureSuite/CaptureSuite/vcpkg/packages/abseil_x64-windows/lib/pkgconfig/absl_random_internal_distribution_test_util.pc
2026-10-08T11:37:53.9197586Z -- Fixing pkgconfig file: D:/a/CaptureSuite/CaptureSuite/vcpkg/packages/abseil_x64-windows/lib/pkgconfig/absl_random_internal_fast_uniform_bits.pc
2026-10-08T11:37:53.9206008Z -- Fixing pkgconfig file: D:/a/CaptureSuite/CaptureSuite/vcpkg/packages/abseil_x64-windows/lib/pkgconfig/absl_random_internal_fastmath.pc
2026-10-08T11:37:53.9213360Z -- Fixing pkgconfig file: D:/a/CaptureSuite/CaptureSuite/vcpkg/packages/abseil_x64-windows/lib/pkgconfig/absl_random_internal_generate_real.pc
2026-10-08T11:37:53.9221953Z -- Fixing pkgconfig file: D:/a/CaptureSuite/CaptureSuite/vcpkg/packages/abseil_x64-windows/lib/pkgconfig/absl_random_internal_iostream_state_saver.pc
2026-10-08T11:37:53.9229988Z -- Fixing pkgconfig file: D:/a/CaptureSuite/CaptureSuite/vcpkg/packages/abseil_x64-windows/lib/pkgconfig/absl_random_internal_mock_helpers.pc
2026-10-08T11:37:53.9238015Z -- Fixing pkgconfig file: D:/a/CaptureSuite/CaptureSuite/vcpkg/packages/abseil_x64-windows/lib/pkgconfig/absl_random_internal_nonsecure_base.pc
2026-10-08T11:37:53.9245984Z -- Fixing pkgconfig file: D:/a/CaptureSuite/CaptureSuite/vcpkg/packages/abseil_x64-windows/lib/pkgconfig/absl_random_internal_pcg_engine.pc
2026-10-08T11:37:53.9253608Z -- Fixing pkgconfig file: D:/a/CaptureSuite/CaptureSuite/vcpkg/packages/abseil_x64-windows/lib/pkgconfig/absl_random_internal_platform.pc
2026-10-08T11:37:53.9259726Z -- Fixing pkgconfig file: D:/a/CaptureSuite/CaptureSuite/vcpkg/packages/abseil_x64-windows/lib/pkgconfig/absl_random_internal_pool_urbg.pc
2026-10-08T11:37:53.9265463Z -- Fixing pkgconfig file: D:/a/CaptureSuite/CaptureSuite/vcpkg/packages/abseil_x64-windows/lib/pkgconfig/absl_random_internal_randen.pc
2026-10-08T11:37:53.9271648Z -- Fixing pkgconfig file: D:/a/CaptureSuite/CaptureSuite/vcpkg/packages/abseil_x64-windows/lib/pkgconfig/absl_random_internal_randen_engine.pc
2026-10-08T11:37:53.9277188Z -- Fixing pkgconfig file: D:/a/CaptureSuite/CaptureSuite/vcpkg/packages/abseil_x64-windows/lib/pkgconfig/absl_random_internal_randen_hwaes.pc
2026-10-08T11:37:53.9285182Z -- Fixing pkgconfig file: D:/a/CaptureSuite/CaptureSuite/vcpkg/packages/abseil_x64-windows/lib/pkgconfig/absl_random_internal_randen_hwaes_impl.pc
2026-10-08T11:37:53.9292800Z -- Fixing pkgconfig file: D:/a/CaptureSuite/CaptureSuite/vcpkg/packages/abseil_x64-windows/lib/pkgconfig/absl_random_internal_randen_slow.pc
2026-10-08T11:37:53.9298676Z -- Fixing pkgconfig file: D:/a/CaptureSuite/CaptureSuite/vcpkg/packages/abseil_x64-windows/lib/pkgconfig/absl_random_internal_salted_seed_seq.pc
2026-10-08T11:37:53.9305335Z -- Fixing pkgconfig file: D:/a/CaptureSuite/CaptureSuite/vcpkg/packages/abseil_x64-windows/lib/pkgconfig/absl_random_internal_seed_material.pc
2026-10-08T11:37:53.9314243Z -- Fixing pkgconfig file: D:/a/CaptureSuite/CaptureSuite/vcpkg/packages/abseil_x64-windows/lib/pkgconfig/absl_random_internal_traits.pc
2026-10-08T11:37:53.9320561Z -- Fixing pkgconfig file: D:/a/CaptureSuite/CaptureSuite/vcpkg/packages/abseil_x64-windows/lib/pkgconfig/absl_random_internal_uniform_helper.pc
2026-10-08T11:37:53.9328743Z -- Fixing pkgconfig file: D:/a/CaptureSuite/CaptureSuite/vcpkg/packages/abseil_x64-windows/lib/pkgconfig/absl_random_internal_wide_multiply.pc
2026-10-08T11:37:53.9336755Z -- Fixing pkgconfig file: D:/a/CaptureSuite/CaptureSuite/vcpkg/packages/abseil_x64-windows/lib/pkgconfig/absl_random_random.pc
2026-10-08T11:37:53.9345960Z -- Fixing pkgconfig file: D:/a/CaptureSuite/CaptureSuite/vcpkg/packages/abseil_x64-windows/lib/pkgconfig/absl_random_seed_gen_exception.pc
2026-10-08T11:37:53.9354645Z -- Fixing pkgconfig file: D:/a/CaptureSuite/CaptureSuite/vcpkg/packages/abseil_x64-windows/lib/pkgconfig/absl_random_seed_sequences.pc
2026-10-08T11:37:53.9363333Z -- Fixing pkgconfig file: D:/a/CaptureSuite/CaptureSuite/vcpkg/packages/abseil_x64-windows/lib/pkgconfig/absl_raw_hash_map.pc
2026-10-08T11:37:53.9369134Z -- Fixing pkgconfig file: D:/a/CaptureSuite/CaptureSuite/vcpkg/packages/abseil_x64-windows/lib/pkgconfig/absl_raw_hash_set.pc
2026-10-08T11:37:53.9377397Z -- Fixing pkgconfig file: D:/a/CaptureSuite/CaptureSuite/vcpkg/packages/abseil_x64-windows/lib/pkgconfig/absl_raw_logging_internal.pc
2026-10-08T11:37:53.9385196Z -- Fixing pkgconfig file: D:/a/CaptureSuite/CaptureSuite/vcpkg/packages/abseil_x64-windows/lib/pkgconfig/absl_sample_recorder.pc
2026-10-08T11:37:53.9390465Z -- Fixing pkgconfig file: D:/a/CaptureSuite/CaptureSuite/vcpkg/packages/abseil_x64-windows/lib/pkgconfig/absl_scoped_set_env.pc
2026-10-08T11:37:53.9396566Z -- Fixing pkgconfig file: D:/a/CaptureSuite/CaptureSuite/vcpkg/packages/abseil_x64-windows/lib/pkgconfig/absl_span.pc
2026-10-08T11:37:53.9402585Z -- Fixing pkgconfig file: D:/a/CaptureSuite/CaptureSuite/vcpkg/packages/abseil_x64-windows/lib/pkgconfig/absl_spinlock_wait.pc
2026-10-08T11:37:53.9408639Z -- Fixing pkgconfig file: D:/a/CaptureSuite/CaptureSuite/vcpkg/packages/abseil_x64-windows/lib/pkgconfig/absl_stacktrace.pc
2026-10-08T11:37:53.9415182Z -- Fixing pkgconfig file: D:/a/CaptureSuite/CaptureSuite/vcpkg/packages/abseil_x64-windows/lib/pkgconfig/absl_status.pc
2026-10-08T11:37:53.9419885Z -- Fixing pkgconfig file: D:/a/CaptureSuite/CaptureSuite/vcpkg/packages/abseil_x64-windows/lib/pkgconfig/absl_statusor.pc
2026-10-08T11:37:53.9426267Z -- Fixing pkgconfig file: D:/a/CaptureSuite/CaptureSuite/vcpkg/packages/abseil_x64-windows/lib/pkgconfig/absl_str_format.pc
2026-10-08T11:37:53.9432924Z -- Fixing pkgconfig file: D:/a/CaptureSuite/CaptureSuite/vcpkg/packages/abseil_x64-windows/lib/pkgconfig/absl_str_format_internal.pc
2026-10-08T11:37:53.9439282Z -- Fixing pkgconfig file: D:/a/CaptureSuite/CaptureSuite/vcpkg/packages/abseil_x64-windows/lib/pkgconfig/absl_strerror.pc
2026-10-08T11:37:53.9445762Z -- Fixing pkgconfig file: D:/a/CaptureSuite/CaptureSuite/vcpkg/packages/abseil_x64-windows/lib/pkgconfig/absl_string_view.pc
2026-10-08T11:37:53.9451393Z -- Fixing pkgconfig file: D:/a/CaptureSuite/CaptureSuite/vcpkg/packages/abseil_x64-windows/lib/pkgconfig/absl_strings.pc
2026-10-08T11:37:53.9457244Z -- Fixing pkgconfig file: D:/a/CaptureSuite/CaptureSuite/vcpkg/packages/abseil_x64-windows/lib/pkgconfig/absl_strings_internal.pc
2026-10-08T11:37:53.9465224Z -- Fixing pkgconfig file: D:/a/CaptureSuite/CaptureSuite/vcpkg/packages/abseil_x64-windows/lib/pkgconfig/absl_symbolize.pc
2026-10-08T11:37:53.9472555Z -- Fixing pkgconfig file: D:/a/CaptureSuite/CaptureSuite/vcpkg/packages/abseil_x64-windows/lib/pkgconfig/absl_synchronization.pc
2026-10-08T11:37:53.9478885Z -- Fixing pkgconfig file: D:/a/CaptureSuite/CaptureSuite/vcpkg/packages/abseil_x64-windows/lib/pkgconfig/absl_throw_delegate.pc
2026-10-08T11:37:53.9486402Z -- Fixing pkgconfig file: D:/a/CaptureSuite/CaptureSuite/vcpkg/packages/abseil_x64-windows/lib/pkgconfig/absl_time.pc
2026-10-08T11:37:53.9494577Z -- Fixing pkgconfig file: D:/a/CaptureSuite/CaptureSuite/vcpkg/packages/abseil_x64-windows/lib/pkgconfig/absl_time_zone.pc
2026-10-08T11:37:53.9501642Z -- Fixing pkgconfig file: D:/a/CaptureSuite/CaptureSuite/vcpkg/packages/abseil_x64-windows/lib/pkgconfig/absl_tracing_internal.pc
2026-10-08T11:37:53.9509426Z -- Fixing pkgconfig file: D:/a/CaptureSuite/CaptureSuite/vcpkg/packages/abseil_x64-windows/lib/pkgconfig/absl_type_traits.pc
2026-10-08T11:37:53.9517022Z -- Fixing pkgconfig file: D:/a/CaptureSuite/CaptureSuite/vcpkg/packages/abseil_x64-windows/lib/pkgconfig/absl_utf8_for_code_point.pc
2026-10-08T11:37:53.9525647Z -- Fixing pkgconfig file: D:/a/CaptureSuite/CaptureSuite/vcpkg/packages/abseil_x64-windows/lib/pkgconfig/absl_utility.pc
2026-10-08T11:37:53.9533750Z -- Fixing pkgconfig file: D:/a/CaptureSuite/CaptureSuite/vcpkg/packages/abseil_x64-windows/lib/pkgconfig/absl_variant.pc
2026-10-08T11:37:53.9540159Z -- Fixing pkgconfig file: D:/a/CaptureSuite/CaptureSuite/vcpkg/packages/abseil_x64-windows/lib/pkgconfig/absl_vlog_config_internal.pc
2026-10-08T11:37:53.9546021Z -- Fixing pkgconfig file: D:/a/CaptureSuite/CaptureSuite/vcpkg/packages/abseil_x64-windows/lib/pkgconfig/absl_vlog_is_on.pc
2026-10-08T11:37:53.9685203Z -- Using cached msys2-mingw-w64-x86_64-pkgconf-1~2.4.3-1-any.pkg.tar.zst
2026-10-08T11:37:53.9763733Z -- Using cached msys2-msys2-runtime-3.6.2-2-x86_64.pkg.tar.zst
2026-10-08T11:37:53.9770677Z -- Using msys root at D:/a/CaptureSuite/CaptureSuite/vcpkg/downloads/tools/msys2/9272adbcaf19caef
2026-10-08T11:37:55.3766466Z -- Fixing pkgconfig file: D:/a/CaptureSuite/CaptureSuite/vcpkg/packages/abseil_x64-windows/debug/lib/pkgconfig/abseil_dll.pc
2026-10-08T11:37:55.3773040Z -- Fixing pkgconfig file: D:/a/CaptureSuite/CaptureSuite/vcpkg/packages/abseil_x64-windows/debug/lib/pkgconfig/absl_absl_check.pc
2026-10-08T11:37:55.3779399Z -- Fixing pkgconfig file: D:/a/CaptureSuite/CaptureSuite/vcpkg/packages/abseil_x64-windows/debug/lib/pkgconfig/absl_absl_log.pc
2026-10-08T11:37:55.3788445Z -- Fixing pkgconfig file: D:/a/CaptureSuite/CaptureSuite/vcpkg/packages/abseil_x64-windows/debug/lib/pkgconfig/absl_absl_vlog_is_on.pc
2026-10-08T11:37:55.3794516Z -- Fixing pkgconfig file: D:/a/CaptureSuite/CaptureSuite/vcpkg/packages/abseil_x64-windows/debug/lib/pkgconfig/absl_algorithm.pc
2026-10-08T11:37:55.3801635Z -- Fixing pkgconfig file: D:/a/CaptureSuite/CaptureSuite/vcpkg/packages/abseil_x64-windows/debug/lib/pkgconfig/absl_algorithm_container.pc
2026-10-08T11:37:55.3808104Z -- Fixing pkgconfig file: D:/a/CaptureSuite/CaptureSuite/vcpkg/packages/abseil_x64-windows/debug/lib/pkgconfig/absl_any.pc
2026-10-08T11:37:55.3814305Z -- Fixing pkgconfig file: D:/a/CaptureSuite/CaptureSuite/vcpkg/packages/abseil_x64-windows/debug/lib/pkgconfig/absl_any_invocable.pc
2026-10-08T11:37:55.3820494Z -- Fixing pkgconfig file: D:/a/CaptureSuite/CaptureSuite/vcpkg/packages/abseil_x64-windows/debug/lib/pkgconfig/absl_atomic_hook.pc
2026-10-08T11:37:55.3826743Z -- Fixing pkgconfig file: D:/a/CaptureSuite/CaptureSuite/vcpkg/packages/abseil_x64-windows/debug/lib/pkgconfig/absl_bad_any_cast.pc
2026-10-08T11:37:55.3833034Z -- Fixing pkgconfig file: D:/a/CaptureSuite/CaptureSuite/vcpkg/packages/abseil_x64-windows/debug/lib/pkgconfig/absl_bad_any_cast_impl.pc
2026-10-08T11:37:55.3839411Z -- Fixing pkgconfig file: D:/a/CaptureSuite/CaptureSuite/vcpkg/packages/abseil_x64-windows/debug/lib/pkgconfig/absl_bad_optional_access.pc
2026-10-08T11:37:55.3845655Z -- Fixing pkgconfig file: D:/a/CaptureSuite/CaptureSuite/vcpkg/packages/abseil_x64-windows/debug/lib/pkgconfig/absl_bad_variant_access.pc
2026-10-08T11:37:55.3852281Z -- Fixing pkgconfig file: D:/a/CaptureSuite/CaptureSuite/vcpkg/packages/abseil_x64-windows/debug/lib/pkgconfig/absl_base.pc
2026-10-08T11:37:55.3858586Z -- Fixing pkgconfig file: D:/a/CaptureSuite/CaptureSuite/vcpkg/packages/abseil_x64-windows/debug/lib/pkgconfig/absl_base_internal.pc
2026-10-08T11:37:55.3864576Z -- Fixing pkgconfig file: D:/a/CaptureSuite/CaptureSuite/vcpkg/packages/abseil_x64-windows/debug/lib/pkgconfig/absl_bind_front.pc
2026-10-08T11:37:55.3870453Z -- Fixing pkgconfig file: D:/a/CaptureSuite/CaptureSuite/vcpkg/packages/abseil_x64-windows/debug/lib/pkgconfig/absl_bits.pc
2026-10-08T11:37:55.3877105Z -- Fixing pkgconfig file: D:/a/CaptureSuite/CaptureSuite/vcpkg/packages/abseil_x64-windows/debug/lib/pkgconfig/absl_bounded_utf8_length_sequence.pc
2026-10-08T11:37:55.3883675Z -- Fixing pkgconfig file: D:/a/CaptureSuite/CaptureSuite/vcpkg/packages/abseil_x64-windows/debug/lib/pkgconfig/absl_btree.pc
2026-10-08T11:37:55.3890464Z -- Fixing pkgconfig file: D:/a/CaptureSuite/CaptureSuite/vcpkg/packages/abseil_x64-windows/debug/lib/pkgconfig/absl_charset.pc
2026-10-08T11:37:55.3896737Z -- Fixing pkgconfig file: D:/a/CaptureSuite/CaptureSuite/vcpkg/packages/abseil_x64-windows/debug/lib/pkgconfig/absl_check.pc
2026-10-08T11:37:55.3903154Z -- Fixing pkgconfig file: D:/a/CaptureSuite/CaptureSuite/vcpkg/packages/abseil_x64-windows/debug/lib/pkgconfig/absl_city.pc
2026-10-08T11:37:55.3909003Z -- Fixing pkgconfig file: D:/a/CaptureSuite/CaptureSuite/vcpkg/packages/abseil_x64-windows/debug/lib/pkgconfig/absl_civil_time.pc
2026-10-08T11:37:55.3914953Z -- Fixing pkgconfig file: D:/a/CaptureSuite/CaptureSuite/vcpkg/packages/abseil_x64-windows/debug/lib/pkgconfig/absl_cleanup.pc
2026-10-08T11:37:55.3920240Z -- Fixing pkgconfig file: D:/a/CaptureSuite/CaptureSuite/vcpkg/packages/abseil_x64-windows/debug/lib/pkgconfig/absl_cleanup_internal.pc
2026-10-08T11:37:55.3926347Z -- Fixing pkgconfig file: D:/a/CaptureSuite/CaptureSuite/vcpkg/packages/abseil_x64-windows/debug/lib/pkgconfig/absl_common_policy_traits.pc
2026-10-08T11:37:55.3932215Z -- Fixing pkgconfig file: D:/a/CaptureSuite/CaptureSuite/vcpkg/packages/abseil_x64-windows/debug/lib/pkgconfig/absl_compare.pc
2026-10-08T11:37:55.3937809Z -- Fixing pkgconfig file: D:/a/CaptureSuite/CaptureSuite/vcpkg/packages/abseil_x64-windows/debug/lib/pkgconfig/absl_compressed_tuple.pc
2026-10-08T11:37:55.3943789Z -- Fixing pkgconfig file: D:/a/CaptureSuite/CaptureSuite/vcpkg/packages/abseil_x64-windows/debug/lib/pkgconfig/absl_config.pc
2026-10-08T11:37:55.3949961Z -- Fixing pkgconfig file: D:/a/CaptureSuite/CaptureSuite/vcpkg/packages/abseil_x64-windows/debug/lib/pkgconfig/absl_container_common.pc
2026-10-08T11:37:55.3956300Z -- Fixing pkgconfig file: D:/a/CaptureSuite/CaptureSuite/vcpkg/packages/abseil_x64-windows/debug/lib/pkgconfig/absl_container_memory.pc
2026-10-08T11:37:55.3963169Z -- Fixing pkgconfig file: D:/a/CaptureSuite/CaptureSuite/vcpkg/packages/abseil_x64-windows/debug/lib/pkgconfig/absl_cord.pc
2026-10-08T11:37:55.3968470Z -- Fixing pkgconfig file: D:/a/CaptureSuite/CaptureSuite/vcpkg/packages/abseil_x64-windows/debug/lib/pkgconfig/absl_cord_internal.pc
2026-10-08T11:37:55.3974893Z -- Fixing pkgconfig file: D:/a/CaptureSuite/CaptureSuite/vcpkg/packages/abseil_x64-windows/debug/lib/pkgconfig/absl_cordz_functions.pc
2026-10-08T11:37:55.3981331Z -- Fixing pkgconfig file: D:/a/CaptureSuite/CaptureSuite/vcpkg/packages/abseil_x64-windows/debug/lib/pkgconfig/absl_cordz_handle.pc
2026-10-08T11:37:55.3988117Z -- Fixing pkgconfig file: D:/a/CaptureSuite/CaptureSuite/vcpkg/packages/abseil_x64-windows/debug/lib/pkgconfig/absl_cordz_info.pc
2026-10-08T11:37:55.3994598Z -- Fixing pkgconfig file: D:/a/CaptureSuite/CaptureSuite/vcpkg/packages/abseil_x64-windows/debug/lib/pkgconfig/absl_cordz_sample_token.pc
2026-10-08T11:37:55.4001015Z -- Fixing pkgconfig file: D:/a/CaptureSuite/CaptureSuite/vcpkg/packages/abseil_x64-windows/debug/lib/pkgconfig/absl_cordz_statistics.pc
2026-10-08T11:37:55.4007827Z -- Fixing pkgconfig file: D:/a/CaptureSuite/CaptureSuite/vcpkg/packages/abseil_x64-windows/debug/lib/pkgconfig/absl_cordz_update_scope.pc
2026-10-08T11:37:55.4014043Z -- Fixing pkgconfig file: D:/a/CaptureSuite/CaptureSuite/vcpkg/packages/abseil_x64-windows/debug/lib/pkgconfig/absl_cordz_update_tracker.pc
2026-10-08T11:37:55.4019322Z -- Fixing pkgconfig file: D:/a/CaptureSuite/CaptureSuite/vcpkg/packages/abseil_x64-windows/debug/lib/pkgconfig/absl_core_headers.pc
2026-10-08T11:37:55.4024841Z -- Fixing pkgconfig file: D:/a/CaptureSuite/CaptureSuite/vcpkg/packages/abseil_x64-windows/debug/lib/pkgconfig/absl_crc32c.pc
2026-10-08T11:37:55.4029966Z -- Fixing pkgconfig file: D:/a/CaptureSuite/CaptureSuite/vcpkg/packages/abseil_x64-windows/debug/lib/pkgconfig/absl_crc_cord_state.pc
2026-10-08T11:37:55.4035893Z -- Fixing pkgconfig file: D:/a/CaptureSuite/CaptureSuite/vcpkg/packages/abseil_x64-windows/debug/lib/pkgconfig/absl_crc_cpu_detect.pc
2026-10-08T11:37:55.4041688Z -- Fixing pkgconfig file: D:/a/CaptureSuite/CaptureSuite/vcpkg/packages/abseil_x64-windows/debug/lib/pkgconfig/absl_crc_internal.pc
2026-10-08T11:37:55.4047558Z -- Fixing pkgconfig file: D:/a/CaptureSuite/CaptureSuite/vcpkg/packages/abseil_x64-windows/debug/lib/pkgconfig/absl_debugging.pc
2026-10-08T11:37:55.4053918Z -- Fixing pkgconfig file: D:/a/CaptureSuite/CaptureSuite/vcpkg/packages/abseil_x64-windows/debug/lib/pkgconfig/absl_debugging_internal.pc
2026-10-08T11:37:55.4059828Z -- Fixing pkgconfig file: D:/a/CaptureSuite/CaptureSuite/vcpkg/packages/abseil_x64-windows/debug/lib/pkgconfig/absl_decode_rust_punycode.pc
2026-10-08T11:37:55.4066026Z -- Fixing pkgconfig file: D:/a/CaptureSuite/CaptureSuite/vcpkg/packages/abseil_x64-windows/debug/lib/pkgconfig/absl_demangle_internal.pc
2026-10-08T11:37:55.4071919Z -- Fixing pkgconfig file: D:/a/CaptureSuite/CaptureSuite/vcpkg/packages/abseil_x64-windows/debug/lib/pkgconfig/absl_demangle_rust.pc
2026-10-08T11:37:55.4078915Z -- Fixing pkgconfig file: D:/a/CaptureSuite/CaptureSuite/vcpkg/packages/abseil_x64-windows/debug/lib/pkgconfig/absl_die_if_null.pc
2026-10-08T11:37:55.4085674Z -- Fixing pkgconfig file: D:/a/CaptureSuite/CaptureSuite/vcpkg/packages/abseil_x64-windows/debug/lib/pkgconfig/absl_dynamic_annotations.pc
2026-10-08T11:37:55.4091968Z -- Fixing pkgconfig file: D:/a/CaptureSuite/CaptureSuite/vcpkg/packages/abseil_x64-windows/debug/lib/pkgconfig/absl_endian.pc
2026-10-08T11:37:55.4098355Z -- Fixing pkgconfig file: D:/a/CaptureSuite/CaptureSuite/vcpkg/packages/abseil_x64-windows/debug/lib/pkgconfig/absl_errno_saver.pc
2026-10-08T11:37:55.4104803Z -- Fixing pkgconfig file: D:/a/CaptureSuite/CaptureSuite/vcpkg/packages/abseil_x64-windows/debug/lib/pkgconfig/absl_examine_stack.pc
2026-10-08T11:37:55.4111134Z -- Fixing pkgconfig file: D:/a/CaptureSuite/CaptureSuite/vcpkg/packages/abseil_x64-windows/debug/lib/pkgconfig/absl_exponential_biased.pc
2026-10-08T11:37:55.4116958Z -- Fixing pkgconfig file: D:/a/CaptureSuite/CaptureSuite/vcpkg/packages/abseil_x64-windows/debug/lib/pkgconfig/absl_failure_signal_handler.pc
2026-10-08T11:37:55.4122319Z -- Fixing pkgconfig file: D:/a/CaptureSuite/CaptureSuite/vcpkg/packages/abseil_x64-windows/debug/lib/pkgconfig/absl_fast_type_id.pc
2026-10-08T11:37:55.4128347Z -- Fixing pkgconfig file: D:/a/CaptureSuite/CaptureSuite/vcpkg/packages/abseil_x64-windows/debug/lib/pkgconfig/absl_fixed_array.pc
2026-10-08T11:37:55.4134553Z -- Fixing pkgconfig file: D:/a/CaptureSuite/CaptureSuite/vcpkg/packages/abseil_x64-windows/debug/lib/pkgconfig/absl_flags.pc
2026-10-08T11:37:55.4141718Z -- Fixing pkgconfig file: D:/a/CaptureSuite/CaptureSuite/vcpkg/packages/abseil_x64-windows/debug/lib/pkgconfig/absl_flags_commandlineflag.pc
2026-10-08T11:37:55.4149203Z -- Fixing pkgconfig file: D:/a/CaptureSuite/CaptureSuite/vcpkg/packages/abseil_x64-windows/debug/lib/pkgconfig/absl_flags_commandlineflag_internal.pc
2026-10-08T11:37:55.4156533Z -- Fixing pkgconfig file: D:/a/CaptureSuite/CaptureSuite/vcpkg/packages/abseil_x64-windows/debug/lib/pkgconfig/absl_flags_config.pc
2026-10-08T11:37:55.4164509Z -- Fixing pkgconfig file: D:/a/CaptureSuite/CaptureSuite/vcpkg/packages/abseil_x64-windows/debug/lib/pkgconfig/absl_flags_internal.pc
2026-10-08T11:37:55.4171749Z -- Fixing pkgconfig file: D:/a/CaptureSuite/CaptureSuite/vcpkg/packages/abseil_x64-windows/debug/lib/pkgconfig/absl_flags_marshalling.pc
2026-10-08T11:37:55.4179216Z -- Fixing pkgconfig file: D:/a/CaptureSuite/CaptureSuite/vcpkg/packages/abseil_x64-windows/debug/lib/pkgconfig/absl_flags_parse.pc
2026-10-08T11:37:55.4186367Z -- Fixing pkgconfig file: D:/a/CaptureSuite/CaptureSuite/vcpkg/packages/abseil_x64-windows/debug/lib/pkgconfig/absl_flags_path_util.pc
2026-10-08T11:37:55.4193142Z -- Fixing pkgconfig file: D:/a/CaptureSuite/CaptureSuite/vcpkg/packages/abseil_x64-windows/debug/lib/pkgconfig/absl_flags_private_handle_accessor.pc
2026-10-08T11:37:55.4199539Z -- Fixing pkgconfig file: D:/a/CaptureSuite/CaptureSuite/vcpkg/packages/abseil_x64-windows/debug/lib/pkgconfig/absl_flags_program_name.pc
2026-10-08T11:37:55.4206065Z -- Fixing pkgconfig file: D:/a/CaptureSuite/CaptureSuite/vcpkg/packages/abseil_x64-windows/debug/lib/pkgconfig/absl_flags_reflection.pc
2026-10-08T11:37:55.4213157Z -- Fixing pkgconfig file: D:/a/CaptureSuite/CaptureSuite/vcpkg/packages/abseil_x64-windows/debug/lib/pkgconfig/absl_flags_usage.pc
2026-10-08T11:37:55.4220520Z -- Fixing pkgconfig file: D:/a/CaptureSuite/CaptureSuite/vcpkg/packages/abseil_x64-windows/debug/lib/pkgconfig/absl_flags_usage_internal.pc
2026-10-08T11:37:55.4228187Z -- Fixing pkgconfig file: D:/a/CaptureSuite/CaptureSuite/vcpkg/packages/abseil_x64-windows/debug/lib/pkgconfig/absl_flat_hash_map.pc
2026-10-08T11:37:55.4234645Z -- Fixing pkgconfig file: D:/a/CaptureSuite/CaptureSuite/vcpkg/packages/abseil_x64-windows/debug/lib/pkgconfig/absl_flat_hash_set.pc
2026-10-08T11:37:55.4241035Z -- Fixing pkgconfig file: D:/a/CaptureSuite/CaptureSuite/vcpkg/packages/abseil_x64-windows/debug/lib/pkgconfig/absl_function_ref.pc
2026-10-08T11:37:55.4246910Z -- Fixing pkgconfig file: D:/a/CaptureSuite/CaptureSuite/vcpkg/packages/abseil_x64-windows/debug/lib/pkgconfig/absl_graphcycles_internal.pc
2026-10-08T11:37:55.4252761Z -- Fixing pkgconfig file: D:/a/CaptureSuite/CaptureSuite/vcpkg/packages/abseil_x64-windows/debug/lib/pkgconfig/absl_has_ostream_operator.pc
2026-10-08T11:37:55.4258909Z -- Fixing pkgconfig file: D:/a/CaptureSuite/CaptureSuite/vcpkg/packages/abseil_x64-windows/debug/lib/pkgconfig/absl_hash.pc
2026-10-08T11:37:55.4265349Z -- Fixing pkgconfig file: D:/a/CaptureSuite/CaptureSuite/vcpkg/packages/abseil_x64-windows/debug/lib/pkgconfig/absl_hash_container_defaults.pc
2026-10-08T11:37:55.4271904Z -- Fixing pkgconfig file: D:/a/CaptureSuite/CaptureSuite/vcpkg/packages/abseil_x64-windows/debug/lib/pkgconfig/absl_hash_function_defaults.pc
2026-10-08T11:37:55.4278212Z -- Fixing pkgconfig file: D:/a/CaptureSuite/CaptureSuite/vcpkg/packages/abseil_x64-windows/debug/lib/pkgconfig/absl_hash_policy_traits.pc
2026-10-08T11:37:55.4284731Z -- Fixing pkgconfig file: D:/a/CaptureSuite/CaptureSuite/vcpkg/packages/abseil_x64-windows/debug/lib/pkgconfig/absl_hashtable_debug.pc
2026-10-08T11:37:55.4290982Z -- Fixing pkgconfig file: D:/a/CaptureSuite/CaptureSuite/vcpkg/packages/abseil_x64-windows/debug/lib/pkgconfig/absl_hashtable_debug_hooks.pc
2026-10-08T11:37:55.4297298Z -- Fixing pkgconfig file: D:/a/CaptureSuite/CaptureSuite/vcpkg/packages/abseil_x64-windows/debug/lib/pkgconfig/absl_hashtablez_sampler.pc
2026-10-08T11:37:55.4303104Z -- Fixing pkgconfig file: D:/a/CaptureSuite/CaptureSuite/vcpkg/packages/abseil_x64-windows/debug/lib/pkgconfig/absl_if_constexpr.pc
2026-10-08T11:37:55.4308906Z -- Fixing pkgconfig file: D:/a/CaptureSuite/CaptureSuite/vcpkg/packages/abseil_x64-windows/debug/lib/pkgconfig/absl_inlined_vector.pc
2026-10-08T11:37:55.4315269Z -- Fixing pkgconfig file: D:/a/CaptureSuite/CaptureSuite/vcpkg/packages/abseil_x64-windows/debug/lib/pkgconfig/absl_inlined_vector_internal.pc
2026-10-08T11:37:55.4320854Z -- Fixing pkgconfig file: D:/a/CaptureSuite/CaptureSuite/vcpkg/packages/abseil_x64-windows/debug/lib/pkgconfig/absl_int128.pc
2026-10-08T11:37:55.4327228Z -- Fixing pkgconfig file: D:/a/CaptureSuite/CaptureSuite/vcpkg/packages/abseil_x64-windows/debug/lib/pkgconfig/absl_kernel_timeout_internal.pc
2026-10-08T11:37:55.4333374Z -- Fixing pkgconfig file: D:/a/CaptureSuite/CaptureSuite/vcpkg/packages/abseil_x64-windows/debug/lib/pkgconfig/absl_layout.pc
2026-10-08T11:37:55.4339818Z -- Fixing pkgconfig file: D:/a/CaptureSuite/CaptureSuite/vcpkg/packages/abseil_x64-windows/debug/lib/pkgconfig/absl_leak_check.pc
2026-10-08T11:37:55.4346217Z -- Fixing pkgconfig file: D:/a/CaptureSuite/CaptureSuite/vcpkg/packages/abseil_x64-windows/debug/lib/pkgconfig/absl_log.pc
2026-10-08T11:37:55.4352922Z -- Fixing pkgconfig file: D:/a/CaptureSuite/CaptureSuite/vcpkg/packages/abseil_x64-windows/debug/lib/pkgconfig/absl_log_entry.pc
2026-10-08T11:37:55.4359562Z -- Fixing pkgconfig file: D:/a/CaptureSuite/CaptureSuite/vcpkg/packages/abseil_x64-windows/debug/lib/pkgconfig/absl_log_flags.pc
2026-10-08T11:37:55.4367067Z -- Fixing pkgconfig file: D:/a/CaptureSuite/CaptureSuite/vcpkg/packages/abseil_x64-windows/debug/lib/pkgconfig/absl_log_globals.pc
2026-10-08T11:37:55.4373816Z -- Fixing pkgconfig file: D:/a/CaptureSuite/CaptureSuite/vcpkg/packages/abseil_x64-windows/debug/lib/pkgconfig/absl_log_initialize.pc
2026-10-08T11:37:55.4380574Z -- Fixing pkgconfig file: D:/a/CaptureSuite/CaptureSuite/vcpkg/packages/abseil_x64-windows/debug/lib/pkgconfig/absl_log_internal_append_truncated.pc
2026-10-08T11:37:55.4387390Z -- Fixing pkgconfig file: D:/a/CaptureSuite/CaptureSuite/vcpkg/packages/abseil_x64-windows/debug/lib/pkgconfig/absl_log_internal_check_impl.pc
2026-10-08T11:37:55.4394340Z -- Fixing pkgconfig file: D:/a/CaptureSuite/CaptureSuite/vcpkg/packages/abseil_x64-windows/debug/lib/pkgconfig/absl_log_internal_check_op.pc
2026-10-08T11:37:55.4400150Z -- Fixing pkgconfig file: D:/a/CaptureSuite/CaptureSuite/vcpkg/packages/abseil_x64-windows/debug/lib/pkgconfig/absl_log_internal_conditions.pc
2026-10-08T11:37:55.4406961Z -- Fixing pkgconfig file: D:/a/CaptureSuite/CaptureSuite/vcpkg/packages/abseil_x64-windows/debug/lib/pkgconfig/absl_log_internal_config.pc
2026-10-08T11:37:55.4413709Z -- Fixing pkgconfig file: D:/a/CaptureSuite/CaptureSuite/vcpkg/packages/abseil_x64-windows/debug/lib/pkgconfig/absl_log_internal_flags.pc
2026-10-08T11:37:55.4420378Z -- Fixing pkgconfig file: D:/a/CaptureSuite/CaptureSuite/vcpkg/packages/abseil_x64-windows/debug/lib/pkgconfig/absl_log_internal_fnmatch.pc
2026-10-08T11:37:55.4427120Z -- Fixing pkgconfig file: D:/a/CaptureSuite/CaptureSuite/vcpkg/packages/abseil_x64-windows/debug/lib/pkgconfig/absl_log_internal_format.pc
2026-10-08T11:37:55.4433274Z -- Fixing pkgconfig file: D:/a/CaptureSuite/CaptureSuite/vcpkg/packages/abseil_x64-windows/debug/lib/pkgconfig/absl_log_internal_globals.pc
2026-10-08T11:37:55.4439578Z -- Fixing pkgconfig file: D:/a/CaptureSuite/CaptureSuite/vcpkg/packages/abseil_x64-windows/debug/lib/pkgconfig/absl_log_internal_log_impl.pc
2026-10-08T11:37:55.4446618Z -- Fixing pkgconfig file: D:/a/CaptureSuite/CaptureSuite/vcpkg/packages/abseil_x64-windows/debug/lib/pkgconfig/absl_log_internal_log_sink_set.pc
2026-10-08T11:37:55.4453436Z -- Fixing pkgconfig file: D:/a/CaptureSuite/CaptureSuite/vcpkg/packages/abseil_x64-windows/debug/lib/pkgconfig/absl_log_internal_message.pc
2026-10-08T11:37:55.4460217Z -- Fixing pkgconfig file: D:/a/CaptureSuite/CaptureSuite/vcpkg/packages/abseil_x64-windows/debug/lib/pkgconfig/absl_log_internal_nullguard.pc
2026-10-08T11:37:55.4466988Z -- Fixing pkgconfig file: D:/a/CaptureSuite/CaptureSuite/vcpkg/packages/abseil_x64-windows/debug/lib/pkgconfig/absl_log_internal_nullstream.pc
2026-10-08T11:37:55.4473779Z -- Fixing pkgconfig file: D:/a/CaptureSuite/CaptureSuite/vcpkg/packages/abseil_x64-windows/debug/lib/pkgconfig/absl_log_internal_proto.pc
2026-10-08T11:37:55.4480693Z -- Fixing pkgconfig file: D:/a/CaptureSuite/CaptureSuite/vcpkg/packages/abseil_x64-windows/debug/lib/pkgconfig/absl_log_internal_strip.pc
2026-10-08T11:37:55.4487021Z -- Fixing pkgconfig file: D:/a/CaptureSuite/CaptureSuite/vcpkg/packages/abseil_x64-windows/debug/lib/pkgconfig/absl_log_internal_structured.pc
2026-10-08T11:37:55.4493958Z -- Fixing pkgconfig file: D:/a/CaptureSuite/CaptureSuite/vcpkg/packages/abseil_x64-windows/debug/lib/pkgconfig/absl_log_internal_structured_proto.pc
2026-10-08T11:37:55.4501434Z -- Fixing pkgconfig file: D:/a/CaptureSuite/CaptureSuite/vcpkg/packages/abseil_x64-windows/debug/lib/pkgconfig/absl_log_internal_voidify.pc
2026-10-08T11:37:55.4508094Z -- Fixing pkgconfig file: D:/a/CaptureSuite/CaptureSuite/vcpkg/packages/abseil_x64-windows/debug/lib/pkgconfig/absl_log_severity.pc
2026-10-08T11:37:55.4514443Z -- Fixing pkgconfig file: D:/a/CaptureSuite/CaptureSuite/vcpkg/packages/abseil_x64-windows/debug/lib/pkgconfig/absl_log_sink.pc
2026-10-08T11:37:55.4521121Z -- Fixing pkgconfig file: D:/a/CaptureSuite/CaptureSuite/vcpkg/packages/abseil_x64-windows/debug/lib/pkgconfig/absl_log_sink_registry.pc
2026-10-08T11:37:55.4527792Z -- Fixing pkgconfig file: D:/a/CaptureSuite/CaptureSuite/vcpkg/packages/abseil_x64-windows/debug/lib/pkgconfig/absl_log_streamer.pc
2026-10-08T11:37:55.4534413Z -- Fixing pkgconfig file: D:/a/CaptureSuite/CaptureSuite/vcpkg/packages/abseil_x64-windows/debug/lib/pkgconfig/absl_log_structured.pc
2026-10-08T11:37:55.4540563Z -- Fixing pkgconfig file: D:/a/CaptureSuite/CaptureSuite/vcpkg/packages/abseil_x64-windows/debug/lib/pkgconfig/absl_low_level_hash.pc
2026-10-08T11:37:55.4546402Z -- Fixing pkgconfig file: D:/a/CaptureSuite/CaptureSuite/vcpkg/packages/abseil_x64-windows/debug/lib/pkgconfig/absl_malloc_internal.pc
2026-10-08T11:37:55.4552537Z -- Fixing pkgconfig file: D:/a/CaptureSuite/CaptureSuite/vcpkg/packages/abseil_x64-windows/debug/lib/pkgconfig/absl_memory.pc
2026-10-08T11:37:55.4558184Z -- Fixing pkgconfig file: D:/a/CaptureSuite/CaptureSuite/vcpkg/packages/abseil_x64-windows/debug/lib/pkgconfig/absl_meta.pc
2026-10-08T11:37:55.4563916Z -- Fixing pkgconfig file: D:/a/CaptureSuite/CaptureSuite/vcpkg/packages/abseil_x64-windows/debug/lib/pkgconfig/absl_no_destructor.pc
2026-10-08T11:37:55.4570234Z -- Fixing pkgconfig file: D:/a/CaptureSuite/CaptureSuite/vcpkg/packages/abseil_x64-windows/debug/lib/pkgconfig/absl_node_hash_map.pc
2026-10-08T11:37:55.4576561Z -- Fixing pkgconfig file: D:/a/CaptureSuite/CaptureSuite/vcpkg/packages/abseil_x64-windows/debug/lib/pkgconfig/absl_node_hash_set.pc
2026-10-08T11:37:55.4582894Z -- Fixing pkgconfig file: D:/a/CaptureSuite/CaptureSuite/vcpkg/packages/abseil_x64-windows/debug/lib/pkgconfig/absl_node_slot_policy.pc
2026-10-08T11:37:55.4589321Z -- Fixing pkgconfig file: D:/a/CaptureSuite/CaptureSuite/vcpkg/packages/abseil_x64-windows/debug/lib/pkgconfig/absl_non_temporal_arm_intrinsics.pc
2026-10-08T11:37:55.4595757Z -- Fixing pkgconfig file: D:/a/CaptureSuite/CaptureSuite/vcpkg/packages/abseil_x64-windows/debug/lib/pkgconfig/absl_non_temporal_memcpy.pc
2026-10-08T11:37:55.4602310Z -- Fixing pkgconfig file: D:/a/CaptureSuite/CaptureSuite/vcpkg/packages/abseil_x64-windows/debug/lib/pkgconfig/absl_nullability.pc
2026-10-08T11:37:55.4608607Z -- Fixing pkgconfig file: D:/a/CaptureSuite/CaptureSuite/vcpkg/packages/abseil_x64-windows/debug/lib/pkgconfig/absl_numeric.pc
2026-10-08T11:37:55.4614472Z -- Fixing pkgconfig file: D:/a/CaptureSuite/CaptureSuite/vcpkg/packages/abseil_x64-windows/debug/lib/pkgconfig/absl_numeric_representation.pc
2026-10-08T11:37:55.4620094Z -- Fixing pkgconfig file: D:/a/CaptureSuite/CaptureSuite/vcpkg/packages/abseil_x64-windows/debug/lib/pkgconfig/absl_optional.pc
2026-10-08T11:37:55.4625850Z -- Fixing pkgconfig file: D:/a/CaptureSuite/CaptureSuite/vcpkg/packages/abseil_x64-windows/debug/lib/pkgconfig/absl_overload.pc
2026-10-08T11:37:55.4631610Z -- Fixing pkgconfig file: D:/a/CaptureSuite/CaptureSuite/vcpkg/packages/abseil_x64-windows/debug/lib/pkgconfig/absl_periodic_sampler.pc
2026-10-08T11:37:55.4637928Z -- Fixing pkgconfig file: D:/a/CaptureSuite/CaptureSuite/vcpkg/packages/abseil_x64-windows/debug/lib/pkgconfig/absl_poison.pc
2026-10-08T11:37:55.4645137Z -- Fixing pkgconfig file: D:/a/CaptureSuite/CaptureSuite/vcpkg/packages/abseil_x64-windows/debug/lib/pkgconfig/absl_prefetch.pc
2026-10-08T11:37:55.4651504Z -- Fixing pkgconfig file: D:/a/CaptureSuite/CaptureSuite/vcpkg/packages/abseil_x64-windows/debug/lib/pkgconfig/absl_pretty_function.pc
2026-10-08T11:37:55.4657372Z -- Fixing pkgconfig file: D:/a/CaptureSuite/CaptureSuite/vcpkg/packages/abseil_x64-windows/debug/lib/pkgconfig/absl_random_bit_gen_ref.pc
2026-10-08T11:37:55.4664103Z -- Fixing pkgconfig file: D:/a/CaptureSuite/CaptureSuite/vcpkg/packages/abseil_x64-windows/debug/lib/pkgconfig/absl_random_distributions.pc
2026-10-08T11:37:55.4671033Z -- Fixing pkgconfig file: D:/a/CaptureSuite/CaptureSuite/vcpkg/packages/abseil_x64-windows/debug/lib/pkgconfig/absl_random_internal_distribution_caller.pc
2026-10-08T11:37:55.4677408Z -- Fixing pkgconfig file: D:/a/CaptureSuite/CaptureSuite/vcpkg/packages/abseil_x64-windows/debug/lib/pkgconfig/absl_random_internal_distribution_test_util.pc
2026-10-08T11:37:55.4684036Z -- Fixing pkgconfig file: D:/a/CaptureSuite/CaptureSuite/vcpkg/packages/abseil_x64-windows/debug/lib/pkgconfig/absl_random_internal_fast_uniform_bits.pc
2026-10-08T11:37:55.4690826Z -- Fixing pkgconfig file: D:/a/CaptureSuite/CaptureSuite/vcpkg/packages/abseil_x64-windows/debug/lib/pkgconfig/absl_random_internal_fastmath.pc
2026-10-08T11:37:55.4697867Z -- Fixing pkgconfig file: D:/a/CaptureSuite/CaptureSuite/vcpkg/packages/abseil_x64-windows/debug/lib/pkgconfig/absl_random_internal_generate_real.pc
2026-10-08T11:37:55.4704839Z -- Fixing pkgconfig file: D:/a/CaptureSuite/CaptureSuite/vcpkg/packages/abseil_x64-windows/debug/lib/pkgconfig/absl_random_internal_iostream_state_saver.pc
2026-10-08T11:37:55.4711347Z -- Fixing pkgconfig file: D:/a/CaptureSuite/CaptureSuite/vcpkg/packages/abseil_x64-windows/debug/lib/pkgconfig/absl_random_internal_mock_helpers.pc
2026-10-08T11:37:55.4718050Z -- Fixing pkgconfig file: D:/a/CaptureSuite/CaptureSuite/vcpkg/packages/abseil_x64-windows/debug/lib/pkgconfig/absl_random_internal_nonsecure_base.pc
2026-10-08T11:37:55.4724964Z -- Fixing pkgconfig file: D:/a/CaptureSuite/CaptureSuite/vcpkg/packages/abseil_x64-windows/debug/lib/pkgconfig/absl_random_internal_pcg_engine.pc
2026-10-08T11:37:55.4731327Z -- Fixing pkgconfig file: D:/a/CaptureSuite/CaptureSuite/vcpkg/packages/abseil_x64-windows/debug/lib/pkgconfig/absl_random_internal_platform.pc
2026-10-08T11:37:55.4737746Z -- Fixing pkgconfig file: D:/a/CaptureSuite/CaptureSuite/vcpkg/packages/abseil_x64-windows/debug/lib/pkgconfig/absl_random_internal_pool_urbg.pc
2026-10-08T11:37:55.4744614Z -- Fixing pkgconfig file: D:/a/CaptureSuite/CaptureSuite/vcpkg/packages/abseil_x64-windows/debug/lib/pkgconfig/absl_random_internal_randen.pc
2026-10-08T11:37:55.4751017Z -- Fixing pkgconfig file: D:/a/CaptureSuite/CaptureSuite/vcpkg/packages/abseil_x64-windows/debug/lib/pkgconfig/absl_random_internal_randen_engine.pc
2026-10-08T11:37:55.4757049Z -- Fixing pkgconfig file: D:/a/CaptureSuite/CaptureSuite/vcpkg/packages/abseil_x64-windows/debug/lib/pkgconfig/absl_random_internal_randen_hwaes.pc
2026-10-08T11:37:55.4762853Z -- Fixing pkgconfig file: D:/a/CaptureSuite/CaptureSuite/vcpkg/packages/abseil_x64-windows/debug/lib/pkgconfig/absl_random_internal_randen_hwaes_impl.pc
2026-10-08T11:37:55.4769544Z -- Fixing pkgconfig file: D:/a/CaptureSuite/CaptureSuite/vcpkg/packages/abseil_x64-windows/debug/lib/pkgconfig/absl_random_internal_randen_slow.pc
2026-10-08T11:37:55.4776442Z -- Fixing pkgconfig file: D:/a/CaptureSuite/CaptureSuite/vcpkg/packages/abseil_x64-windows/debug/lib/pkgconfig/absl_random_internal_salted_seed_seq.pc
2026-10-08T11:37:55.4783387Z -- Fixing pkgconfig file: D:/a/CaptureSuite/CaptureSuite/vcpkg/packages/abseil_x64-windows/debug/lib/pkgconfig/absl_random_internal_seed_material.pc
2026-10-08T11:37:55.4790066Z -- Fixing pkgconfig file: D:/a/CaptureSuite/CaptureSuite/vcpkg/packages/abseil_x64-windows/debug/lib/pkgconfig/absl_random_internal_traits.pc
2026-10-08T11:37:55.4796574Z -- Fixing pkgconfig file: D:/a/CaptureSuite/CaptureSuite/vcpkg/packages/abseil_x64-windows/debug/lib/pkgconfig/absl_random_internal_uniform_helper.pc
2026-10-08T11:37:55.4803016Z -- Fixing pkgconfig file: D:/a/CaptureSuite/CaptureSuite/vcpkg/packages/abseil_x64-windows/debug/lib/pkgconfig/absl_random_internal_wide_multiply.pc
2026-10-08T11:37:55.4809815Z -- Fixing pkgconfig file: D:/a/CaptureSuite/CaptureSuite/vcpkg/packages/abseil_x64-windows/debug/lib/pkgconfig/absl_random_random.pc
2026-10-08T11:37:55.4816601Z -- Fixing pkgconfig file: D:/a/CaptureSuite/CaptureSuite/vcpkg/packages/abseil_x64-windows/debug/lib/pkgconfig/absl_random_seed_gen_exception.pc
2026-10-08T11:37:55.4823454Z -- Fixing pkgconfig file: D:/a/CaptureSuite/CaptureSuite/vcpkg/packages/abseil_x64-windows/debug/lib/pkgconfig/absl_random_seed_sequences.pc
2026-10-08T11:37:55.4830208Z -- Fixing pkgconfig file: D:/a/CaptureSuite/CaptureSuite/vcpkg/packages/abseil_x64-windows/debug/lib/pkgconfig/absl_raw_hash_map.pc
2026-10-08T11:37:55.4836060Z -- Fixing pkgconfig file: D:/a/CaptureSuite/CaptureSuite/vcpkg/packages/abseil_x64-windows/debug/lib/pkgconfig/absl_raw_hash_set.pc
2026-10-08T11:37:55.4841912Z -- Fixing pkgconfig file: D:/a/CaptureSuite/CaptureSuite/vcpkg/packages/abseil_x64-windows/debug/lib/pkgconfig/absl_raw_logging_internal.pc
2026-10-08T11:37:55.4848223Z -- Fixing pkgconfig file: D:/a/CaptureSuite/CaptureSuite/vcpkg/packages/abseil_x64-windows/debug/lib/pkgconfig/absl_sample_recorder.pc
2026-10-08T11:37:55.4854445Z -- Fixing pkgconfig file: D:/a/CaptureSuite/CaptureSuite/vcpkg/packages/abseil_x64-windows/debug/lib/pkgconfig/absl_scoped_set_env.pc
2026-10-08T11:37:55.4860722Z -- Fixing pkgconfig file: D:/a/CaptureSuite/CaptureSuite/vcpkg/packages/abseil_x64-windows/debug/lib/pkgconfig/absl_span.pc
2026-10-08T11:37:55.4866956Z -- Fixing pkgconfig file: D:/a/CaptureSuite/CaptureSuite/vcpkg/packages/abseil_x64-windows/debug/lib/pkgconfig/absl_spinlock_wait.pc
2026-10-08T11:37:55.4873262Z -- Fixing pkgconfig file: D:/a/CaptureSuite/CaptureSuite/vcpkg/packages/abseil_x64-windows/debug/lib/pkgconfig/absl_stacktrace.pc
2026-10-08T11:37:55.4879469Z -- Fixing pkgconfig file: D:/a/CaptureSuite/CaptureSuite/vcpkg/packages/abseil_x64-windows/debug/lib/pkgconfig/absl_status.pc
2026-10-08T11:37:55.4885723Z -- Fixing pkgconfig file: D:/a/CaptureSuite/CaptureSuite/vcpkg/packages/abseil_x64-windows/debug/lib/pkgconfig/absl_statusor.pc
2026-10-08T11:37:55.4891944Z -- Fixing pkgconfig file: D:/a/CaptureSuite/CaptureSuite/vcpkg/packages/abseil_x64-windows/debug/lib/pkgconfig/absl_str_format.pc
2026-10-08T11:37:55.4898261Z -- Fixing pkgconfig file: D:/a/CaptureSuite/CaptureSuite/vcpkg/packages/abseil_x64-windows/debug/lib/pkgconfig/absl_str_format_internal.pc
2026-10-08T11:37:55.4904431Z -- Fixing pkgconfig file: D:/a/CaptureSuite/CaptureSuite/vcpkg/packages/abseil_x64-windows/debug/lib/pkgconfig/absl_strerror.pc
2026-10-08T11:37:55.4911418Z -- Fixing pkgconfig file: D:/a/CaptureSuite/CaptureSuite/vcpkg/packages/abseil_x64-windows/debug/lib/pkgconfig/absl_string_view.pc
2026-10-08T11:37:55.4917494Z -- Fixing pkgconfig file: D:/a/CaptureSuite/CaptureSuite/vcpkg/packages/abseil_x64-windows/debug/lib/pkgconfig/absl_strings.pc
2026-10-08T11:37:55.4923817Z -- Fixing pkgconfig file: D:/a/CaptureSuite/CaptureSuite/vcpkg/packages/abseil_x64-windows/debug/lib/pkgconfig/absl_strings_internal.pc
2026-10-08T11:37:55.4930052Z -- Fixing pkgconfig file: D:/a/CaptureSuite/CaptureSuite/vcpkg/packages/abseil_x64-windows/debug/lib/pkgconfig/absl_symbolize.pc
2026-10-08T11:37:55.4936724Z -- Fixing pkgconfig file: D:/a/CaptureSuite/CaptureSuite/vcpkg/packages/abseil_x64-windows/debug/lib/pkgconfig/absl_synchronization.pc
2026-10-08T11:37:55.4942985Z -- Fixing pkgconfig file: D:/a/CaptureSuite/CaptureSuite/vcpkg/packages/abseil_x64-windows/debug/lib/pkgconfig/absl_throw_delegate.pc
2026-10-08T11:37:55.4949831Z -- Fixing pkgconfig file: D:/a/CaptureSuite/CaptureSuite/vcpkg/packages/abseil_x64-windows/debug/lib/pkgconfig/absl_time.pc
2026-10-08T11:37:55.4956009Z -- Fixing pkgconfig file: D:/a/CaptureSuite/CaptureSuite/vcpkg/packages/abseil_x64-windows/debug/lib/pkgconfig/absl_time_zone.pc
2026-10-08T11:37:55.4962434Z -- Fixing pkgconfig file: D:/a/CaptureSuite/CaptureSuite/vcpkg/packages/abseil_x64-windows/debug/lib/pkgconfig/absl_tracing_internal.pc
2026-10-08T11:37:55.4969099Z -- Fixing pkgconfig file: D:/a/CaptureSuite/CaptureSuite/vcpkg/packages/abseil_x64-windows/debug/lib/pkgconfig/absl_type_traits.pc
2026-10-08T11:37:55.4975564Z -- Fixing pkgconfig file: D:/a/CaptureSuite/CaptureSuite/vcpkg/packages/abseil_x64-windows/debug/lib/pkgconfig/absl_utf8_for_code_point.pc
2026-10-08T11:37:55.4982282Z -- Fixing pkgconfig file: D:/a/CaptureSuite/CaptureSuite/vcpkg/packages/abseil_x64-windows/debug/lib/pkgconfig/absl_utility.pc
2026-10-08T11:37:55.4994831Z -- Fixing pkgconfig file: D:/a/CaptureSuite/CaptureSuite/vcpkg/packages/abseil_x64-windows/debug/lib/pkgconfig/absl_variant.pc
2026-10-08T11:37:55.4996134Z -- Fixing pkgconfig file: D:/a/CaptureSuite/CaptureSuite/vcpkg/packages/abseil_x64-windows/debug/lib/pkgconfig/absl_vlog_config_internal.pc
2026-10-08T11:37:55.5001226Z -- Fixing pkgconfig file: D:/a/CaptureSuite/CaptureSuite/vcpkg/packages/abseil_x64-windows/debug/lib/pkgconfig/absl_vlog_is_on.pc
2026-10-08T11:37:56.9155126Z -- Installing: D:/a/CaptureSuite/CaptureSuite/vcpkg/packages/abseil_x64-windows/share/abseil/copyright
2026-10-08T11:37:56.9213567Z -- Performing post-build validation
2026-10-08T11:37:57.1537710Z Elapsed time to handle abseil:x64-windows: 1.7 min
2026-10-08T11:37:57.1538637Z abseil:x64-windows package ABI: 103b07818652929a86ddfad5a986398f1bf0e2eefd463e4d0490d23ca0c95526
2026-10-08T11:37:57.1539379Z Installing 10/14 utf8-range:x64-windows@5.29.5...
2026-10-08T11:37:57.1539854Z Building utf8-range:x64-windows@5.29.5...
2026-10-08T11:37:57.1851956Z -- Note: utf8-range only supports static library linkage. Building static library.
2026-10-08T11:37:57.1947924Z Downloading https://github.com/protocolbuffers/protobuf/archive/v5.29.5.tar.gz -> protocolbuffers-protobuf-v5.29.5.tar.gz
2026-10-08T11:37:58.1779392Z Successfully downloaded protocolbuffers-protobuf-v5.29.5.tar.gz
2026-10-08T11:37:58.2244336Z -- Extracting source D:/a/CaptureSuite/CaptureSuite/vcpkg/downloads/protocolbuffers-protobuf-v5.29.5.tar.gz
2026-10-08T11:37:58.8519083Z -- Applying patch fix-cmake.patch
2026-10-08T11:37:58.8761309Z -- Using source at D:/a/CaptureSuite/CaptureSuite/vcpkg/buildtrees/utf8-range/src/v5.29.5-196482051e.clean
2026-10-08T11:37:58.8877925Z -- Found external ninja('1.12.1').
2026-10-08T11:37:58.8911859Z -- Configuring x64-windows
2026-10-08T11:38:00.6273080Z -- Building x64-windows-dbg
2026-10-08T11:38:01.0882456Z -- Building x64-windows-rel
2026-10-08T11:38:01.5577063Z -- Fixing pkgconfig file: D:/a/CaptureSuite/CaptureSuite/vcpkg/packages/utf8-range_x64-windows/lib/pkgconfig/utf8_range.pc
2026-10-08T11:38:01.5685896Z -- Using cached msys2-mingw-w64-x86_64-pkgconf-1~2.4.3-1-any.pkg.tar.zst
2026-10-08T11:38:01.5757595Z -- Using cached msys2-msys2-runtime-3.6.2-2-x86_64.pkg.tar.zst
2026-10-08T11:38:01.5762622Z -- Using msys root at D:/a/CaptureSuite/CaptureSuite/vcpkg/downloads/tools/msys2/9272adbcaf19caef
2026-10-08T11:38:01.5839099Z -- Fixing pkgconfig file: D:/a/CaptureSuite/CaptureSuite/vcpkg/packages/utf8-range_x64-windows/debug/lib/pkgconfig/utf8_range.pc
2026-10-08T11:38:01.5919825Z -- Installing: D:/a/CaptureSuite/CaptureSuite/vcpkg/packages/utf8-range_x64-windows/share/utf8-range/copyright
2026-10-08T11:38:01.5969359Z -- Performing post-build validation
2026-10-08T11:38:01.6058280Z Elapsed time to handle utf8-range:x64-windows: 4.5 s
2026-10-08T11:38:01.6059577Z utf8-range:x64-windows package ABI: 6a94266e09e987e407d041dbd070421a6a21cdbffb459d369673b536bd6b9494
2026-10-08T11:38:01.6060680Z Installing 11/14 protobuf:x64-windows@5.29.5#1...
2026-10-08T11:38:01.6061378Z Building protobuf:x64-windows@5.29.5#1...
2026-10-08T11:38:01.6691627Z -- Using cached protocolbuffers-protobuf-v5.29.5.tar.gz
2026-10-08T11:38:01.7016218Z -- Extracting source D:/a/CaptureSuite/CaptureSuite/vcpkg/downloads/protocolbuffers-protobuf-v5.29.5.tar.gz
2026-10-08T11:38:02.3237440Z -- Applying patch fix-static-build.patch
2026-10-08T11:38:02.3450356Z -- Applying patch fix-default-proto-file-path.patch
2026-10-08T11:38:02.3654948Z -- Applying patch fix-utf8-range.patch
2026-10-08T11:38:02.3863378Z -- Applying patch fix-install-dirs.patch
2026-10-08T11:38:02.4067682Z -- Applying patch fix-mingw-tail-call.patch
2026-10-08T11:38:02.4299695Z -- Using source at D:/a/CaptureSuite/CaptureSuite/vcpkg/buildtrees/protobuf/src/v5.29.5-e0ab922525.clean
2026-10-08T11:38:02.5605946Z -- Found external ninja('1.12.1').
2026-10-08T11:38:02.5641442Z -- Configuring x64-windows
2026-10-08T11:38:04.7974173Z -- Building x64-windows-dbg
2026-10-08T11:42:32.6610982Z -- Building x64-windows-rel
2026-10-08T11:50:29.0387255Z -- Fixing pkgconfig file: D:/a/CaptureSuite/CaptureSuite/vcpkg/packages/protobuf_x64-windows/lib/pkgconfig/protobuf-lite.pc
2026-10-08T11:50:29.0392315Z -- Fixing pkgconfig file: D:/a/CaptureSuite/CaptureSuite/vcpkg/packages/protobuf_x64-windows/lib/pkgconfig/protobuf.pc
2026-10-08T11:50:29.0499775Z -- Using cached msys2-mingw-w64-x86_64-pkgconf-1~2.4.3-1-any.pkg.tar.zst
2026-10-08T11:50:29.0573809Z -- Using cached msys2-msys2-runtime-3.6.2-2-x86_64.pkg.tar.zst
2026-10-08T11:50:29.0579998Z -- Using msys root at D:/a/CaptureSuite/CaptureSuite/vcpkg/downloads/tools/msys2/9272adbcaf19caef
2026-10-08T11:50:29.0742962Z -- Fixing pkgconfig file: D:/a/CaptureSuite/CaptureSuite/vcpkg/packages/protobuf_x64-windows/debug/lib/pkgconfig/protobuf-lite.pc
2026-10-08T11:50:29.0749202Z -- Fixing pkgconfig file: D:/a/CaptureSuite/CaptureSuite/vcpkg/packages/protobuf_x64-windows/debug/lib/pkgconfig/protobuf.pc
2026-10-08T11:50:29.1110184Z -- Installing: D:/a/CaptureSuite/CaptureSuite/vcpkg/packages/protobuf_x64-windows/share/protobuf/copyright
2026-10-08T11:50:29.1180636Z -- Performing post-build validation
2026-10-08T11:50:29.8952782Z Elapsed time to handle protobuf:x64-windows: 12 min
2026-10-08T11:50:29.8953748Z protobuf:x64-windows package ABI: 765c1e2d87368dec8a9ae0add7b9ddd3ed57914527a1145b5979fd218201c702
2026-10-08T11:50:29.8954458Z Installing 12/14 fmt:x64-windows@11.2.0...
2026-10-08T11:50:29.8954893Z Building fmt:x64-windows@11.2.0...
2026-10-08T11:50:29.9417304Z Downloading https://github.com/fmtlib/fmt/archive/11.2.0.tar.gz -> fmtlib-fmt-11.2.0.tar.gz
2026-10-08T11:50:30.6745725Z Successfully downloaded fmtlib-fmt-11.2.0.tar.gz
2026-10-08T11:50:30.6874908Z -- Extracting source D:/a/CaptureSuite/CaptureSuite/vcpkg/downloads/fmtlib-fmt-11.2.0.tar.gz
2026-10-08T11:50:30.8393304Z -- Using source at D:/a/CaptureSuite/CaptureSuite/vcpkg/buildtrees/fmt/src/11.2.0-c4b53d7675.clean
2026-10-08T11:50:30.8524336Z -- Found external ninja('1.12.1').
2026-10-08T11:50:30.8562838Z -- Configuring x64-windows
2026-10-08T11:50:31.6718105Z -- Building x64-windows-dbg
2026-10-08T11:50:33.0318950Z -- Building x64-windows-rel
2026-10-08T11:50:35.4354000Z -- Fixing pkgconfig file: D:/a/CaptureSuite/CaptureSuite/vcpkg/packages/fmt_x64-windows/lib/pkgconfig/fmt.pc
2026-10-08T11:50:35.4461313Z -- Using cached msys2-mingw-w64-x86_64-pkgconf-1~2.4.3-1-any.pkg.tar.zst
2026-10-08T11:50:35.4533698Z -- Using cached msys2-msys2-runtime-3.6.2-2-x86_64.pkg.tar.zst
2026-10-08T11:50:35.4540196Z -- Using msys root at D:/a/CaptureSuite/CaptureSuite/vcpkg/downloads/tools/msys2/9272adbcaf19caef
2026-10-08T11:50:35.4617592Z -- Fixing pkgconfig file: D:/a/CaptureSuite/CaptureSuite/vcpkg/packages/fmt_x64-windows/debug/lib/pkgconfig/fmt.pc
2026-10-08T11:50:35.5102288Z -- Installing: D:/a/CaptureSuite/CaptureSuite/vcpkg/packages/fmt_x64-windows/share/fmt/usage
2026-10-08T11:50:35.5110688Z -- Installing: D:/a/CaptureSuite/CaptureSuite/vcpkg/packages/fmt_x64-windows/share/fmt/copyright
2026-10-08T11:50:35.5169076Z -- Performing post-build validation
2026-10-08T11:50:35.5343645Z Elapsed time to handle fmt:x64-windows: 5.6 s
2026-10-08T11:50:35.5345007Z fmt:x64-windows package ABI: 8e299178e450ed0369be071b510ecf5db5dd25059079bb59b50bc234b562729f
2026-10-08T11:50:35.5346426Z Installing 13/14 spdlog:x64-windows@1.15.3...
2026-10-08T11:50:35.5347209Z Building spdlog:x64-windows@1.15.3...
2026-10-08T11:50:35.5776709Z Downloading https://github.com/gabime/spdlog/archive/v1.15.3.tar.gz -> gabime-spdlog-v1.15.3.tar.gz
2026-10-08T11:50:36.1910878Z Successfully downloaded gabime-spdlog-v1.15.3.tar.gz
2026-10-08T11:50:36.2030455Z -- Extracting source D:/a/CaptureSuite/CaptureSuite/vcpkg/downloads/gabime-spdlog-v1.15.3.tar.gz
2026-10-08T11:50:36.3576273Z -- Using source at D:/a/CaptureSuite/CaptureSuite/vcpkg/buildtrees/spdlog/src/v1.15.3-425e0a81aa.clean
2026-10-08T11:50:36.3712943Z -- Found external ninja('1.12.1').
2026-10-08T11:50:36.3754180Z -- Configuring x64-windows
2026-10-08T11:50:37.9807820Z -- Building x64-windows-dbg
2026-10-08T11:50:41.5044916Z -- Building x64-windows-rel
2026-10-08T11:50:47.7172630Z -- Fixing pkgconfig file: D:/a/CaptureSuite/CaptureSuite/vcpkg/packages/spdlog_x64-windows/lib/pkgconfig/spdlog.pc
2026-10-08T11:50:47.7280453Z -- Using cached msys2-mingw-w64-x86_64-pkgconf-1~2.4.3-1-any.pkg.tar.zst
2026-10-08T11:50:47.7350817Z -- Using cached msys2-msys2-runtime-3.6.2-2-x86_64.pkg.tar.zst
2026-10-08T11:50:47.7356678Z -- Using msys root at D:/a/CaptureSuite/CaptureSuite/vcpkg/downloads/tools/msys2/9272adbcaf19caef
2026-10-08T11:50:47.7434092Z -- Fixing pkgconfig file: D:/a/CaptureSuite/CaptureSuite/vcpkg/packages/spdlog_x64-windows/debug/lib/pkgconfig/spdlog.pc
2026-10-08T11:50:47.8099343Z -- Installing: D:/a/CaptureSuite/CaptureSuite/vcpkg/packages/spdlog_x64-windows/share/spdlog/usage
2026-10-08T11:50:47.8105195Z -- Installing: D:/a/CaptureSuite/CaptureSuite/vcpkg/packages/spdlog_x64-windows/share/spdlog/copyright
2026-10-08T11:50:47.8167771Z -- Performing post-build validation
2026-10-08T11:50:47.8566117Z Elapsed time to handle spdlog:x64-windows: 12 s
2026-10-08T11:50:47.8567505Z spdlog:x64-windows package ABI: 3039418bdd18709e8aa2ba152f2b3152da1d620e95e509c74d66026a9ba711fa
2026-10-08T11:50:47.8568713Z Installing 14/14 sqlite3[core,json1]:x64-windows@3.50.4...
2026-10-08T11:50:47.8569624Z Building sqlite3[core,json1]:x64-windows@3.50.4...
2026-10-08T11:50:47.8997324Z Downloading https://sqlite.org/2025/sqlite-autoconf-3500400.tar.gz -> sqlite-autoconf-3500400.zip
2026-10-08T11:50:48.4084808Z Successfully downloaded sqlite-autoconf-3500400.zip
2026-10-08T11:50:48.4304000Z -- Extracting source D:/a/CaptureSuite/CaptureSuite/vcpkg/downloads/sqlite-autoconf-3500400.zip
2026-10-08T11:50:48.5992791Z -- Applying patch fix-arm-uwp.patch
2026-10-08T11:50:48.6247446Z -- Applying patch add-config-include.patch
2026-10-08T11:50:48.6735700Z -- Using source at D:/a/CaptureSuite/CaptureSuite/vcpkg/buildtrees/sqlite3/src/nf-3500400-27a76b56ef.clean
2026-10-08T11:50:48.6897336Z -- Found external ninja('1.12.1').
2026-10-08T11:50:48.6932362Z -- Configuring x64-windows
2026-10-08T11:50:50.0227356Z -- Building x64-windows-dbg
2026-10-08T11:50:51.4967869Z -- Building x64-windows-rel
2026-10-08T11:51:06.5234717Z -- Fixing pkgconfig file: D:/a/CaptureSuite/CaptureSuite/vcpkg/packages/sqlite3_x64-windows/lib/pkgconfig/sqlite3.pc
2026-10-08T11:51:06.5342101Z -- Using cached msys2-mingw-w64-x86_64-pkgconf-1~2.4.3-1-any.pkg.tar.zst
2026-10-08T11:51:06.5413322Z -- Using cached msys2-msys2-runtime-3.6.2-2-x86_64.pkg.tar.zst
2026-10-08T11:51:06.5418150Z -- Using msys root at D:/a/CaptureSuite/CaptureSuite/vcpkg/downloads/tools/msys2/9272adbcaf19caef
2026-10-08T11:51:06.5488979Z -- Fixing pkgconfig file: D:/a/CaptureSuite/CaptureSuite/vcpkg/packages/sqlite3_x64-windows/debug/lib/pkgconfig/sqlite3.pc
2026-10-08T11:51:06.5965594Z -- Installing: D:/a/CaptureSuite/CaptureSuite/vcpkg/packages/sqlite3_x64-windows/share/sqlite3/usage
2026-10-08T11:51:06.6018600Z -- Performing post-build validation
2026-10-08T11:51:06.6238791Z Elapsed time to handle sqlite3:x64-windows: 19 s
2026-10-08T11:51:06.6239756Z sqlite3:x64-windows package ABI: da52d2b24f83aa802a67015a005bb7e3874aa1db3d01857710c5d193ad74fbe9
2026-10-08T11:51:06.6274322Z Installed contents are licensed to you by owners. Microsoft is not responsible for, nor does it grant any licenses to, third-party packages.
2026-10-08T11:51:06.6276070Z Packages installed in this vcpkg installation declare the following licenses:
2026-10-08T11:51:06.6277397Z (BSD-3-Clause OR GPL-2.0-only)
2026-10-08T11:51:06.6278409Z (CC0-1.0 OR Apache-2.0)
2026-10-08T11:51:06.6278862Z Apache-2.0
2026-10-08T11:51:06.6279291Z BSD-2-Clause
2026-10-08T11:51:06.6279663Z BSD-3-Clause
2026-10-08T11:51:06.6280064Z BSL-1.0
2026-10-08T11:51:06.6280439Z MIT
2026-10-08T11:51:06.6280827Z blessing
2026-10-08T11:51:06.6281380Z blake3 provides CMake targets:
2026-10-08T11:51:06.6281752Z 
2026-10-08T11:51:06.6282244Z   # this is heuristically generated, and may not be correct
2026-10-08T11:51:06.6283115Z   find_package(blake3 CONFIG REQUIRED)
2026-10-08T11:51:06.6292636Z   target_link_libraries(main PRIVATE BLAKE3::blake3)
2026-10-08T11:51:06.6293114Z 
2026-10-08T11:51:06.6293511Z blake3 provides pkg-config modules:
2026-10-08T11:51:06.6293908Z 
2026-10-08T11:51:06.6294196Z   # BLAKE3 C implementation
2026-10-08T11:51:06.6294691Z   libblake3
2026-10-08T11:51:06.6294960Z 
2026-10-08T11:51:06.6295343Z catch2 provides CMake targets:
2026-10-08T11:51:06.6295674Z 
2026-10-08T11:51:06.6296192Z   # this is heuristically generated, and may not be correct
2026-10-08T11:51:06.6297028Z   find_package(Catch2 CONFIG REQUIRED)
2026-10-08T11:51:06.6298066Z   target_link_libraries(main PRIVATE Catch2::Catch2 Catch2::Catch2WithMain)
2026-10-08T11:51:06.6298706Z 
2026-10-08T11:51:06.6299047Z catch2 provides pkg-config modules:
2026-10-08T11:51:06.6299456Z 
2026-10-08T11:51:06.6300125Z   # A modern, C++-native test framework for C++14 and above (links in default main)
2026-10-08T11:51:06.6301006Z   catch2-with-main
2026-10-08T11:51:06.6301319Z 
2026-10-08T11:51:06.6301820Z   # A modern, C++-native, test framework for C++14 and above
2026-10-08T11:51:06.6302396Z   catch2
2026-10-08T11:51:06.6302581Z 
2026-10-08T11:51:06.6302913Z mcap provides CMake targets:
2026-10-08T11:51:06.6303264Z 
2026-10-08T11:51:06.6303744Z   # this is heuristically generated, and may not be correct
2026-10-08T11:51:06.6304624Z   find_package(unofficial-mcap CONFIG REQUIRED)
2026-10-08T11:51:06.6305557Z   target_link_libraries(main PRIVATE unofficial::mcap::mcap)
2026-10-08T11:51:06.6306099Z 
2026-10-08T11:51:06.6306543Z The package nlohmann-json provides CMake targets:
2026-10-08T11:51:06.6307103Z 
2026-10-08T11:51:06.6307483Z     find_package(nlohmann_json CONFIG REQUIRED)
2026-10-08T11:51:06.6308335Z     target_link_libraries(main PRIVATE nlohmann_json::nlohmann_json)
2026-10-08T11:51:06.6308804Z 
2026-10-08T11:51:06.6309592Z The package nlohmann-json can be configured to not provide implicit conversions via a custom triplet file:
2026-10-08T11:51:06.6310284Z 
2026-10-08T11:51:06.6310607Z     set(nlohmann-json_IMPLICIT_CONVERSIONS OFF)
2026-10-08T11:51:06.6310964Z 
2026-10-08T11:51:06.6311478Z For more information, see the docs here:
2026-10-08T11:51:06.6311921Z     
2026-10-08T11:51:06.6312559Z     https://json.nlohmann.me/api/macros/json_use_implicit_conversions/
2026-10-08T11:51:06.6312993Z 
2026-10-08T11:51:06.6313313Z protobuf provides CMake targets:
2026-10-08T11:51:06.6313635Z 
2026-10-08T11:51:06.6314191Z   # this is heuristically generated, and may not be correct
2026-10-08T11:51:06.6314925Z   find_package(protobuf CONFIG REQUIRED)
2026-10-08T11:51:06.6316118Z   target_link_libraries(main PRIVATE protobuf::libprotoc protobuf::libprotobuf protobuf::libprotobuf-lite)
2026-10-08T11:51:06.6316851Z 
2026-10-08T11:51:06.6317165Z protobuf provides pkg-config modules:
2026-10-08T11:51:06.6317467Z 
2026-10-08T11:51:06.6317758Z   # Google's Data Interchange Format
2026-10-08T11:51:06.6318233Z   protobuf-lite
2026-10-08T11:51:06.6318463Z 
2026-10-08T11:51:06.6318723Z   # Google's Data Interchange Format
2026-10-08T11:51:06.6319156Z   protobuf
2026-10-08T11:51:06.6319359Z 
2026-10-08T11:51:06.6319670Z The package spdlog provides CMake targets:
2026-10-08T11:51:06.6320024Z 
2026-10-08T11:51:06.6320332Z     find_package(spdlog CONFIG REQUIRED)
2026-10-08T11:51:06.6321029Z     target_link_libraries(main PRIVATE spdlog::spdlog)
2026-10-08T11:51:06.6321395Z 
2026-10-08T11:51:06.6321684Z     # Or use the header-only version
2026-10-08T11:51:06.6322502Z     find_package(spdlog CONFIG REQUIRED)
2026-10-08T11:51:06.6323429Z     target_link_libraries(main PRIVATE spdlog::spdlog_header_only)
2026-10-08T11:51:06.6323964Z 
2026-10-08T11:51:06.6324276Z sqlite3 provides pkgconfig bindings.
2026-10-08T11:51:06.6324960Z sqlite3 provides CMake targets:
2026-10-08T11:51:06.6325264Z 
2026-10-08T11:51:06.6325703Z     find_package(unofficial-sqlite3 CONFIG REQUIRED)
2026-10-08T11:51:06.6326685Z     target_link_libraries(main PRIVATE unofficial::sqlite3::sqlite3)
2026-10-08T11:51:06.6327186Z 
2026-10-08T11:51:06.6327719Z All requested installations completed successfully in: 16 min
2026-10-08T11:51:06.6432698Z -- Running vcpkg install - done
2026-10-08T11:51:07.0774186Z -- The CXX compiler identification is MSVC 19.44.35229.0
2026-10-08T11:51:07.2131717Z -- Detecting CXX compiler ABI info
2026-10-08T11:51:07.8807342Z -- Detecting CXX compiler ABI info - done
2026-10-08T11:51:07.8941059Z -- Check for working CXX compiler: C:/Program Files/Microsoft Visual Studio/2022/Enterprise/VC/Tools/MSVC/14.44.35207/bin/Hostx64/x64/cl.exe - skipped
2026-10-08T11:51:07.8945625Z -- Detecting CXX compile features
2026-10-08T11:51:07.8958640Z -- Detecting CXX compile features - done
2026-10-08T11:51:07.9052180Z -- Performing Test CMAKE_HAVE_LIBC_PTHREAD
2026-10-08T11:51:08.1133084Z -- Performing Test CMAKE_HAVE_LIBC_PTHREAD - Failed
2026-10-08T11:51:08.1134245Z -- Looking for pthread_create in pthreads
2026-10-08T11:51:08.3957400Z -- Looking for pthread_create in pthreads - not found
2026-10-08T11:51:08.3958910Z -- Looking for pthread_create in pthread
2026-10-08T11:51:08.6831092Z -- Looking for pthread_create in pthread - not found
2026-10-08T11:51:08.6843096Z -- Found Threads: TRUE
2026-10-08T11:51:08.7248578Z -- Protobuf 29.5.0 found — C++ codegen enabled
2026-10-08T11:51:08.7370204Z -- Found nlohmann_json: D:/a/CaptureSuite/CaptureSuite/build/windows-release/vcpkg_installed/x64-windows/share/nlohmann_json/nlohmann_jsonConfig.cmake (found version "3.12.0")
2026-10-08T11:51:09.2199407Z -- Configuring done (991.4s)
2026-10-08T11:51:09.3107834Z -- Generating done (0.1s)
2026-10-08T11:51:09.3118103Z -- Build files have been written to: D:/a/CaptureSuite/CaptureSuite/build/windows-release
2026-10-08T11:51:09.4375534Z ##[group]Run cmake --build build/windows-release --target capture_daemon capture_core_tests session_doctor -j 4
2026-10-08T11:51:09.4376472Z [36;1mcmake --build build/windows-release --target capture_daemon capture_core_tests session_doctor -j 4[0m
2026-10-08T11:51:09.4416262Z shell: C:\Program Files\PowerShell\7\pwsh.EXE -command ". '{0}'"
2026-10-08T11:51:09.4416668Z env:
2026-10-08T11:51:09.4416909Z   CommandPromptType: Native
2026-10-08T11:51:09.4417334Z   DevEnvDir: C:\Program Files\Microsoft Visual Studio\2022\Enterprise\Common7\IDE\
2026-10-08T11:51:09.4417912Z   ExtensionSdkDir: C:\Program Files (x86)\Microsoft SDKs\Windows Kits\10\ExtensionSDKs
2026-10-08T11:51:09.4420412Z   EXTERNAL_INCLUDE: C:\Program Files\Microsoft Visual Studio\2022\Enterprise\VC\Tools\MSVC\14.44.35207\include;C:\Program Files\Microsoft Visual Studio\2022\Enterprise\VC\Tools\MSVC\14.44.35207\ATLMFC\include;C:\Program Files\Microsoft Visual Studio\2022\Enterprise\VC\Auxiliary\VS\include;C:\Program Files (x86)\Windows Kits\10\include\10.0.26100.0\ucrt;C:\Program Files (x86)\Windows Kits\10\\include\10.0.26100.0\\um;C:\Program Files (x86)\Windows Kits\10\\include\10.0.26100.0\\shared;C:\Program Files (x86)\Windows Kits\10\\include\10.0.26100.0\\winrt;C:\Program Files (x86)\Windows Kits\10\\include\10.0.26100.0\\cppwinrt;C:\Program Files (x86)\Windows Kits\NETFXSDK\4.8\include\um
2026-10-08T11:51:09.4422691Z   Framework40Version: v4.0
2026-10-08T11:51:09.4423010Z   FrameworkDir: C:\Windows\Microsoft.NET\Framework64\
2026-10-08T11:51:09.4423422Z   FrameworkDir64: C:\Windows\Microsoft.NET\Framework64\
2026-10-08T11:51:09.4423767Z   FrameworkVersion: v4.0.30319
2026-10-08T11:51:09.4424048Z   FrameworkVersion64: v4.0.30319
2026-10-08T11:51:09.4424779Z   FSHARPINSTALLDIR: C:\Program Files\Microsoft Visual Studio\2022\Enterprise\Common7\IDE\CommonExtensions\Microsoft\FSharp\Tools
2026-10-08T11:51:09.4425423Z   HTMLHelpDir: C:\Program Files (x86)\HTML Help Workshop
2026-10-08T11:51:09.4425950Z   IFCPATH: C:\Program Files\Microsoft Visual Studio\2022\Enterprise\VC\Tools\MSVC\14.44.35207\ifc\x64
2026-10-08T11:51:09.4428368Z   INCLUDE: C:\Program Files\Microsoft Visual Studio\2022\Enterprise\VC\Tools\MSVC\14.44.35207\include;C:\Program Files\Microsoft Visual Studio\2022\Enterprise\VC\Tools\MSVC\14.44.35207\ATLMFC\include;C:\Program Files\Microsoft Visual Studio\2022\Enterprise\VC\Auxiliary\VS\include;C:\Program Files (x86)\Windows Kits\10\include\10.0.26100.0\ucrt;C:\Program Files (x86)\Windows Kits\10\\include\10.0.26100.0\\um;C:\Program Files (x86)\Windows Kits\10\\include\10.0.26100.0\\shared;C:\Program Files (x86)\Windows Kits\10\\include\10.0.26100.0\\winrt;C:\Program Files (x86)\Windows Kits\10\\include\10.0.26100.0\\cppwinrt;C:\Program Files (x86)\Windows Kits\NETFXSDK\4.8\include\um
2026-10-08T11:51:09.4430583Z   is_x64_arch: true
2026-10-08T11:51:09.4431844Z   LIB: C:\Program Files\Microsoft Visual Studio\2022\Enterprise\VC\Tools\MSVC\14.44.35207\ATLMFC\lib\x64;C:\Program Files\Microsoft Visual Studio\2022\Enterprise\VC\Tools\MSVC\14.44.35207\lib\x64;C:\Program Files (x86)\Windows Kits\NETFXSDK\4.8\lib\um\x64;C:\Program Files (x86)\Windows Kits\10\lib\10.0.26100.0\ucrt\x64;C:\Program Files (x86)\Windows Kits\10\\lib\10.0.26100.0\\um\x64
2026-10-08T11:51:09.4435189Z   LIBPATH: C:\Program Files\Microsoft Visual Studio\2022\Enterprise\VC\Tools\MSVC\14.44.35207\ATLMFC\lib\x64;C:\Program Files\Microsoft Visual Studio\2022\Enterprise\VC\Tools\MSVC\14.44.35207\lib\x64;C:\Program Files\Microsoft Visual Studio\2022\Enterprise\VC\Tools\MSVC\14.44.35207\lib\x86\store\references;C:\Program Files (x86)\Windows Kits\10\UnionMetadata\10.0.26100.0;C:\Program Files (x86)\Windows Kits\10\References\10.0.26100.0;C:\Windows\Microsoft.NET\Framework64\v4.0.30319
2026-10-08T11:51:09.4436953Z   NETFXSDKDir: C:\Program Files (x86)\Windows Kits\NETFXSDK\4.8\
2026-10-08T11:51:09.4454480Z   Path: C:\Program Files\Microsoft Visual Studio\2022\Enterprise\VC\Tools\MSVC\14.44.35207\bin\HostX64\x64;C:\Program Files\Microsoft Visual Studio\2022\Enterprise\Common7\IDE\VC\VCPackages;C:\Program Files\Microsoft Visual Studio\2022\Enterprise\Common7\IDE\CommonExtensions\Microsoft\TestWindow;C:\Program Files\Microsoft Visual Studio\2022\Enterprise\Common7\IDE\CommonExtensions\Microsoft\TeamFoundation\Team Explorer;C:\Program Files\Microsoft Visual Studio\2022\Enterprise\MSBuild\Current\bin\Roslyn;C:\Program Files (x86)\Microsoft SDKs\Windows\v10.0A\bin\NETFX 4.8 Tools\x64\;C:\Program Files (x86)\HTML Help Workshop;C:\Program Files\Microsoft Visual Studio\2022\Enterprise\Common7\IDE\CommonExtensions\Microsoft\FSharp\Tools;C:\Program Files\Microsoft Visual Studio\2022\Enterprise\Team Tools\DiagnosticsHub\Collector;C:\Program Files\Microsoft Visual Studio\2022\Enterprise\Common7\IDE\Extensions\Microsoft\CodeCoverage.Console;C:\Program Files\Microsoft Visual Studio\2022\Enterprise\VC\Tools\Llvm\x64\bin;C:\Program Files (x86)\Windows Kits\10\bin\10.0.26100.0\\x64;C:\Program Files (x86)\Windows Kits\10\bin\\x64;C:\Program Files\Microsoft Visual Studio\2022\Enterprise\\MSBuild\Current\Bin\amd64;C:\Windows\Microsoft.NET\Framework64\v4.0.30319;C:\Program Files\Microsoft Visual Studio\2022\Enterprise\Common7\IDE\;C:\Program Files\Microsoft Visual Studio\2022\Enterprise\Common7\Tools\;C:\Program Files\MongoDB\Server\7.0\bin;C:\aliyun-cli;C:\vcpkg;C:\Program Files (x86)\NSIS\;C:\tools\zstd;C:\Program Files\Mercurial\;C:\hostedtoolcache\windows\stack\3.11.1\x64;C:\cabal\bin;C:\\ghcup\bin;C:\mingw64\bin;C:\Program Files\dotnet;C:\Program Files\MySQL\MySQL Server 8.0\bin;C:\Program Files\R\R-4.6.1\bin\x64;C:\SeleniumWebDrivers\GeckoDriver;C:\SeleniumWebDrivers\EdgeDriver\;C:\SeleniumWebDrivers\ChromeDriver;C:\Program Files (x86)\sbt\bin;C:\Program Files (x86)\GitHub CLI;C:\Program Files\Git\bin;C:\Program Files (x86)\pipx_bin;C:\npm\prefix;C:\hostedtoolcache\windows\go\1.24.13\x64\bin;C:\hostedtoolcache\windows\Python\3.12.10\x64\Scripts;C:\hostedtoolcache\windows\Python\3.12.10\x64;C:\hostedtoolcache\windows\Ruby\3.3.12\x64\bin;C:\Program Files\OpenSSL\bin;C:\tools\kotlinc\bin;C:\hostedtoolcache\windows\Java_Temurin-Hotspot_jdk\8.0.504-1\x64\bin;C:\Program Files\ImageMagick-7.1.2-Q16-HDRI;C:\Program Files\Microsoft SDKs\Azure\CLI2\wbin;C:\ProgramData\kind;C:\ProgramData\Chocolatey\bin;C:\Windows\system32;C:\Windows;C:\Windows\System32\Wbem;C:\Windows\System32\WindowsPowerShell\v1.0\;C:\Windows\System32\OpenSSH\;C:\Program Files\dotnet\;C:\Program Files\PowerShell\7\;C:\Program Files\Microsoft\Web Platform Installer\;C:\Program Files\TortoiseSVN\bin;C:\Program Files\Microsoft SQL Server\Client SDK\ODBC\170\Tools\Binn\;C:\Program Files\Microsoft SQL Server\150\Tools\Binn\;C:\Program Files (x86)\Windows Kits\10\Windows Performance Toolkit\;C:\Program Files (x86)\WiX Toolset v3.14\bin;C:\Program Files\Microsoft SQL Server\130\DTS\Binn\;C:\Program Files\Microsoft SQL Server\140\DTS\Binn\;C:\Program Files\Microsoft SQL Server\150\DTS\Binn\;C:\Program Files\Microsoft SQL Server\160\DTS\Binn\;C:\Program Files\Microsoft SQL Server\170\DTS\Binn\;C:\Strawberry\c\bin;C:\Strawberry\perl\site\bin;C:\Strawberry\perl\bin;C:\ProgramData\chocolatey\lib\pulumi\tools\Pulumi\bin;C:\Program Files\CMake\bin;C:\ProgramData\chocolatey\lib\maven\apache-maven-3.9.16\bin;C:\Program Files\Microsoft Service Fabric\bin\Fabric\Fabric.Code;C:\Program Files\Microsoft SDKs\Service Fabric\Tools\ServiceFabricLocalClusterManager;C:\Program Files\nodejs\;C:\Program Files\Git\cmd;C:\Program Files\Git\mingw64\bin;C:\Program Files\Git\usr\bin;C:\Program Files\GitHub CLI\;c:\tools\php;C:\Program Files\Amazon\AWSCLIV2\;C:\Program Files\Amazon\SessionManagerPlugin\bin\;C:\Program Files\Amazon\AWSSAMCLI\bin\;C:\Program Files\Microsoft SQL Server\130\Tools\Binn\;C:\Program Files\mongosh\;C:\Program Files\LLVM\bin;C:\Program Files (x86)\LLVM\bin;C:\Users\runneradmin\.dotnet\tools;C:\Users\runneradmin\.cargo\bin;C:\Users\runneradmin\AppData\Local\Microsoft\WindowsApps;C:\Program Files (x86)\Microsoft Visual Studio\Installer;C:\Program Files\Microsoft Visual Studio\2022\Enterprise\Common7\IDE\CommonExtensions\Microsoft\CMake\CMake\bin;C:\Program Files\Microsoft Visual Studio\2022\Enterprise\Common7\IDE\CommonExtensions\Microsoft\CMake\Ninja;C:\Program Files\Microsoft Visual Studio\2022\Enterprise\Common7\IDE\VC\Linux\bin\ConnectionManagerExe;C:\Program Files\Microsoft Visual Studio\2022\Enterprise\VC\vcpkg
2026-10-08T11:51:09.4469903Z   Platform: x64
2026-10-08T11:51:09.4470150Z   UCRTVersion: 10.0.26100.0
2026-10-08T11:51:09.4470499Z   UniversalCRTSdkDir: C:\Program Files (x86)\Windows Kits\10\
2026-10-08T11:51:09.4471065Z   VCIDEInstallDir: C:\Program Files\Microsoft Visual Studio\2022\Enterprise\Common7\IDE\VC\
2026-10-08T11:51:09.4471645Z   VCINSTALLDIR: C:\Program Files\Microsoft Visual Studio\2022\Enterprise\VC\
2026-10-08T11:51:09.4472102Z   VCPKG_ROOT: D:\a\CaptureSuite\CaptureSuite\vcpkg
2026-10-08T11:51:09.4472653Z   VCToolsInstallDir: C:\Program Files\Microsoft Visual Studio\2022\Enterprise\VC\Tools\MSVC\14.44.35207\
2026-10-08T11:51:09.4473360Z   VCToolsRedistDir: C:\Program Files\Microsoft Visual Studio\2022\Enterprise\VC\Redist\MSVC\14.44.35112\
2026-10-08T11:51:09.4473871Z   VCToolsVersion: 14.44.35207
2026-10-08T11:51:09.4474152Z   VisualStudioVersion: 17.0
2026-10-08T11:51:09.4474618Z   VS170COMNTOOLS: C:\Program Files\Microsoft Visual Studio\2022\Enterprise\Common7\Tools\
2026-10-08T11:51:09.4475085Z   VSCMD_ARG_app_plat: Desktop
2026-10-08T11:51:09.4475357Z   VSCMD_ARG_HOST_ARCH: x64
2026-10-08T11:51:09.4475618Z   VSCMD_ARG_TGT_ARCH: x64
2026-10-08T11:51:09.4475877Z   VSCMD_VER: 17.14.41
2026-10-08T11:51:09.4476228Z   VSINSTALLDIR: C:\Program Files\Microsoft Visual Studio\2022\Enterprise\
2026-10-08T11:51:09.4476763Z   VSSDK150INSTALL: C:\Program Files\Microsoft Visual Studio\2022\Enterprise\VSSDK
2026-10-08T11:51:09.4477304Z   VSSDKINSTALL: C:\Program Files\Microsoft Visual Studio\2022\Enterprise\VSSDK
2026-10-08T11:51:09.4478176Z   WindowsLibPath: C:\Program Files (x86)\Windows Kits\10\UnionMetadata\10.0.26100.0;C:\Program Files (x86)\Windows Kits\10\References\10.0.26100.0
2026-10-08T11:51:09.4478881Z   WindowsSdkBinPath: C:\Program Files (x86)\Windows Kits\10\bin\
2026-10-08T11:51:09.4479315Z   WindowsSdkDir: C:\Program Files (x86)\Windows Kits\10\
2026-10-08T11:51:09.4479673Z   WindowsSDKLibVersion: 10.0.26100.0\
2026-10-08T11:51:09.4480092Z   WindowsSdkVerBinPath: C:\Program Files (x86)\Windows Kits\10\bin\10.0.26100.0\
2026-10-08T11:51:09.4480528Z   WindowsSDKVersion: 10.0.26100.0\
2026-10-08T11:51:09.4481031Z   WindowsSDK_ExecutablePath_x64: C:\Program Files (x86)\Microsoft SDKs\Windows\v10.0A\bin\NETFX 4.8 Tools\x64\
2026-10-08T11:51:09.4481775Z   WindowsSDK_ExecutablePath_x86: C:\Program Files (x86)\Microsoft SDKs\Windows\v10.0A\bin\NETFX 4.8 Tools\
2026-10-08T11:51:09.4482277Z   __DOTNET_ADD_64BIT: 1
2026-10-08T11:51:09.4482548Z   __DOTNET_PREFERRED_BITNESS: 64
2026-10-08T11:51:09.4491784Z   __VSCMD_PREINIT_PATH: C:\Program Files\MongoDB\Server\7.0\bin;C:\aliyun-cli;C:\vcpkg;C:\Program Files (x86)\NSIS\;C:\tools\zstd;C:\Program Files\Mercurial\;C:\hostedtoolcache\windows\stack\3.11.1\x64;C:\cabal\bin;C:\\ghcup\bin;C:\mingw64\bin;C:\Program Files\dotnet;C:\Program Files\MySQL\MySQL Server 8.0\bin;C:\Program Files\R\R-4.6.1\bin\x64;C:\SeleniumWebDrivers\GeckoDriver;C:\SeleniumWebDrivers\EdgeDriver\;C:\SeleniumWebDrivers\ChromeDriver;C:\Program Files (x86)\sbt\bin;C:\Program Files (x86)\GitHub CLI;C:\Program Files\Git\bin;C:\Program Files (x86)\pipx_bin;C:\npm\prefix;C:\hostedtoolcache\windows\go\1.24.13\x64\bin;C:\hostedtoolcache\windows\Python\3.12.10\x64\Scripts;C:\hostedtoolcache\windows\Python\3.12.10\x64;C:\hostedtoolcache\windows\Ruby\3.3.12\x64\bin;C:\Program Files\OpenSSL\bin;C:\tools\kotlinc\bin;C:\hostedtoolcache\windows\Java_Temurin-Hotspot_jdk\8.0.504-1\x64\bin;C:\Program Files\ImageMagick-7.1.2-Q16-HDRI;C:\Program Files\Microsoft SDKs\Azure\CLI2\wbin;C:\ProgramData\kind;C:\ProgramData\Chocolatey\bin;C:\Windows\system32;C:\Windows;C:\Windows\System32\Wbem;C:\Windows\System32\WindowsPowerShell\v1.0\;C:\Windows\System32\OpenSSH\;C:\Program Files\dotnet\;C:\Program Files\PowerShell\7\;C:\Program Files\Microsoft\Web Platform Installer\;C:\Program Files\TortoiseSVN\bin;C:\Program Files\Microsoft SQL Server\Client SDK\ODBC\170\Tools\Binn\;C:\Program Files\Microsoft SQL Server\150\Tools\Binn\;C:\Program Files (x86)\Windows Kits\10\Windows Performance Toolkit\;C:\Program Files (x86)\WiX Toolset v3.14\bin;C:\Program Files\Microsoft SQL Server\130\DTS\Binn\;C:\Program Files\Microsoft SQL Server\140\DTS\Binn\;C:\Program Files\Microsoft SQL Server\150\DTS\Binn\;C:\Program Files\Microsoft SQL Server\160\DTS\Binn\;C:\Program Files\Microsoft SQL Server\170\DTS\Binn\;C:\Strawberry\c\bin;C:\Strawberry\perl\site\bin;C:\Strawberry\perl\bin;C:\ProgramData\chocolatey\lib\pulumi\tools\Pulumi\bin;C:\Program Files\CMake\bin;C:\ProgramData\chocolatey\lib\maven\apache-maven-3.9.16\bin;C:\Program Files\Microsoft Service Fabric\bin\Fabric\Fabric.Code;C:\Program Files\Microsoft SDKs\Service Fabric\Tools\ServiceFabricLocalClusterManager;C:\Program Files\nodejs\;C:\Program Files\Git\cmd;C:\Program Files\Git\mingw64\bin;C:\Program Files\Git\usr\bin;C:\Program Files\GitHub CLI\;c:\tools\php;C:\Program Files (x86)\sbt\bin;C:\Program Files\Amazon\AWSCLIV2\;C:\Program Files\Amazon\SessionManagerPlugin\bin\;C:\Program Files\Amazon\AWSSAMCLI\bin\;C:\Program Files\Microsoft SQL Server\130\Tools\Binn\;C:\Program Files\mongosh\;C:\Program Files\LLVM\bin;C:\Program Files (x86)\LLVM\bin;C:\Users\runneradmin\.dotnet\tools;C:\Users\runneradmin\.cargo\bin;C:\Users\runneradmin\AppData\Local\Microsoft\WindowsApps;C:\Program Files (x86)\Microsoft Visual Studio\Installer
2026-10-08T11:51:09.4501446Z   VCPKG_DEFAULT_BINARY_CACHE: D:/a/CaptureSuite/CaptureSuite/969f6665-88a2-4c98-938e-ca9259871fec/vcpkg_cache
2026-10-08T11:51:09.4502003Z   VCPKG_BINARY_SOURCES: clear;x-gha,readwrite
2026-10-08T11:51:09.4502477Z   RUNVCPKG_VCPKG_ROOT: D:\a\CaptureSuite\CaptureSuite\vcpkg
2026-10-08T11:51:09.4502832Z ##[endgroup]
2026-10-08T11:51:09.9614849Z [1/163] Generating C++ from capture/v1/project.proto
2026-10-08T11:51:09.9675314Z [2/163] Generating C++ from capture/v1/common.proto
2026-10-08T11:51:09.9776541Z [3/163] Generating C++ from capture/v1/events.proto
2026-10-08T11:51:09.9825574Z [4/163] Generating C++ from capture/v1/source.proto
2026-10-08T11:51:10.0335364Z [5/163] Generating C++ from capture/v1/presets.proto
2026-10-08T11:51:10.0651837Z [6/163] Generating C++ from capture/v1/preview.proto
2026-10-08T11:51:10.0704239Z [7/163] Generating C++ from capture/v1/health.proto
2026-10-08T11:51:10.1367512Z [8/163] Generating C++ from capture/v1/arrays.proto
2026-10-08T11:51:10.1399184Z [9/163] Generating C++ from capture/v1/storage.proto
2026-10-08T11:51:10.1849094Z [10/163] Generating C++ from capture/v1/worker.proto
2026-10-08T11:51:10.1908632Z [11/163] Generating C++ from capture/v1/data/emg_batch.proto
2026-10-08T11:51:10.1928998Z [12/163] Generating C++ from capture/v1/control.proto
2026-10-08T11:51:10.1996238Z [13/163] Generating C++ from capture/v1/data/imu_frame.proto
2026-10-08T11:51:10.2385638Z [14/163] Generating C++ from capture/v1/data/numeric_batch.proto
2026-10-08T11:51:10.2465154Z [15/163] Generating C++ from capture/v1/data/radar_frame.proto
2026-10-08T11:51:10.2518624Z [16/163] Generating C++ from capture/v1/data/radar_doppler.proto
2026-10-08T11:51:10.2554742Z [17/163] Generating C++ from capture/v1/data/video_timing.proto
2026-10-08T11:51:10.2691376Z [18/163] Scanning D:\a\CaptureSuite\CaptureSuite\libs\cpp\capture_core\src\version.cpp for CXX dependencies
2026-10-08T11:51:10.3961003Z [19/163] Scanning D:\a\CaptureSuite\CaptureSuite\libs\cpp\capture_core\src\session_fsm.cpp for CXX dependencies
2026-10-08T11:51:10.3986445Z [20/163] Scanning D:\a\CaptureSuite\CaptureSuite\libs\cpp\capture_core\src\framing.cpp for CXX dependencies
2026-10-08T11:51:10.4108897Z [21/163] Scanning D:\a\CaptureSuite\CaptureSuite\libs\cpp\capture_core\src\source_fsm.cpp for CXX dependencies
2026-10-08T11:51:10.5722780Z [22/163] Scanning D:\a\CaptureSuite\CaptureSuite\libs\cpp\capture_core\src\recording_buffer.cpp for CXX dependencies
2026-10-08T11:51:10.6095937Z [23/163] Scanning D:\a\CaptureSuite\CaptureSuite\libs\cpp\capture_core\src\clock.cpp for CXX dependencies
2026-10-08T11:51:11.0270656Z [24/163] Scanning D:\a\CaptureSuite\CaptureSuite\build\windows-release\libs\cpp\capture_proto\generated\capture\v1\common.pb.cc for CXX dependencies
2026-10-08T11:51:11.1074944Z [25/163] Scanning D:\a\CaptureSuite\CaptureSuite\build\windows-release\libs\cpp\capture_proto\generated\capture\v1\source.pb.cc for CXX dependencies
2026-10-08T11:51:11.1383830Z [26/163] Scanning D:\a\CaptureSuite\CaptureSuite\build\windows-release\libs\cpp\capture_proto\generated\capture\v1\events.pb.cc for CXX dependencies
2026-10-08T11:51:11.1699201Z [27/163] Scanning D:\a\CaptureSuite\CaptureSuite\libs\cpp\capture_core\src\logging.cpp for CXX dependencies
2026-10-08T11:51:11.5761258Z [28/163] Scanning D:\a\CaptureSuite\CaptureSuite\build\windows-release\libs\cpp\capture_proto\generated\capture\v1\project.pb.cc for CXX dependencies
2026-10-08T11:51:11.6529646Z [29/163] Scanning D:\a\CaptureSuite\CaptureSuite\build\windows-release\libs\cpp\capture_proto\generated\capture\v1\presets.pb.cc for CXX dependencies
2026-10-08T11:51:11.7369340Z [30/163] Scanning D:\a\CaptureSuite\CaptureSuite\build\windows-release\libs\cpp\capture_proto\generated\capture\v1\health.pb.cc for CXX dependencies
2026-10-08T11:51:11.7806088Z [31/163] Scanning D:\a\CaptureSuite\CaptureSuite\build\windows-release\libs\cpp\capture_proto\generated\capture\v1\control.pb.cc for CXX dependencies
2026-10-08T11:51:12.1357238Z [32/163] Scanning D:\a\CaptureSuite\CaptureSuite\build\windows-release\libs\cpp\capture_proto\generated\capture\v1\preview.pb.cc for CXX dependencies
2026-10-08T11:51:12.2502734Z [33/163] Scanning D:\a\CaptureSuite\CaptureSuite\build\windows-release\libs\cpp\capture_proto\generated\capture\v1\worker.pb.cc for CXX dependencies
2026-10-08T11:51:12.2832471Z [34/163] Scanning D:\a\CaptureSuite\CaptureSuite\build\windows-release\libs\cpp\capture_proto\generated\capture\v1\storage.pb.cc for CXX dependencies
2026-10-08T11:51:12.3139604Z [35/163] Scanning D:\a\CaptureSuite\CaptureSuite\build\windows-release\libs\cpp\capture_proto\generated\capture\v1\arrays.pb.cc for CXX dependencies
2026-10-08T11:51:12.6948080Z [36/163] Scanning D:\a\CaptureSuite\CaptureSuite\build\windows-release\libs\cpp\capture_proto\generated\capture\v1\data\emg_batch.pb.cc for CXX dependencies
2026-10-08T11:51:12.8069081Z [37/163] Scanning D:\a\CaptureSuite\CaptureSuite\build\windows-release\libs\cpp\capture_proto\generated\capture\v1\data\numeric_batch.pb.cc for CXX dependencies
2026-10-08T11:51:12.8251709Z [38/163] Scanning D:\a\CaptureSuite\CaptureSuite\build\windows-release\libs\cpp\capture_proto\generated\capture\v1\data\imu_frame.pb.cc for CXX dependencies
2026-10-08T11:51:12.8646454Z [39/163] Generating CXX dyndep file libs\cpp\capture_core\CMakeFiles\capture_core.dir\CXX.dd
2026-10-08T11:51:12.8789941Z [40/163] Scanning D:\a\CaptureSuite\CaptureSuite\build\windows-release\libs\cpp\capture_proto\generated\capture\v1\data\radar_frame.pb.cc for CXX dependencies
2026-10-08T11:51:12.9271847Z [41/163] Building CXX object libs\cpp\capture_core\CMakeFiles\capture_core.dir\src\version.cpp.obj
2026-10-08T11:51:13.2728576Z [42/163] Scanning D:\a\CaptureSuite\CaptureSuite\build\windows-release\libs\cpp\capture_proto\generated\capture\v1\data\radar_doppler.pb.cc for CXX dependencies
2026-10-08T11:51:13.3835545Z [43/163] Scanning D:\a\CaptureSuite\CaptureSuite\build\windows-release\libs\cpp\capture_proto\generated\capture\v1\data\video_timing.pb.cc for CXX dependencies
2026-10-08T11:51:13.4363258Z [44/163] Generating CXX dyndep file libs\cpp\capture_proto\CMakeFiles\capture_proto.dir\CXX.dd
2026-10-08T11:51:13.6669897Z [45/163] Scanning D:\a\CaptureSuite\CaptureSuite\workers\stub\main.cpp for CXX dependencies
2026-10-08T11:51:14.4410614Z [46/163] Building CXX object libs\cpp\capture_core\CMakeFiles\capture_core.dir\src\framing.cpp.obj
2026-10-08T11:51:14.6021867Z [47/163] Building CXX object libs\cpp\capture_core\CMakeFiles\capture_core.dir\src\session_fsm.cpp.obj
2026-10-08T11:51:14.7584871Z [48/163] Building CXX object libs\cpp\capture_core\CMakeFiles\capture_core.dir\src\source_fsm.cpp.obj
2026-10-08T11:51:15.4405107Z [49/163] Building CXX object libs\cpp\capture_core\CMakeFiles\capture_core.dir\src\clock.cpp.obj
2026-10-08T11:51:16.7946977Z [50/163] Building CXX object libs\cpp\capture_core\CMakeFiles\capture_core.dir\src\recording_buffer.cpp.obj
2026-10-08T11:51:22.8239312Z [51/163] Building CXX object libs\cpp\capture_core\CMakeFiles\capture_core.dir\src\logging.cpp.obj
2026-10-08T11:51:22.8927505Z [52/163] Building CXX object libs\cpp\capture_proto\CMakeFiles\capture_proto.dir\generated\capture\v1\common.pb.cc.obj
2026-10-08T11:51:24.3259351Z [53/163] Building CXX object libs\cpp\capture_proto\CMakeFiles\capture_proto.dir\generated\capture\v1\source.pb.cc.obj
2026-10-08T11:51:25.2171444Z [54/163] Building CXX object libs\cpp\capture_proto\CMakeFiles\capture_proto.dir\generated\capture\v1\events.pb.cc.obj
2026-10-08T11:51:30.8106991Z [55/163] Building CXX object libs\cpp\capture_proto\CMakeFiles\capture_proto.dir\generated\capture\v1\project.pb.cc.obj
2026-10-08T11:51:30.9666421Z [56/163] Building CXX object libs\cpp\capture_proto\CMakeFiles\capture_proto.dir\generated\capture\v1\presets.pb.cc.obj
2026-10-08T11:51:32.6313427Z [57/163] Building CXX object libs\cpp\capture_proto\CMakeFiles\capture_proto.dir\generated\capture\v1\health.pb.cc.obj
2026-10-08T11:51:37.5810476Z [58/163] Building CXX object libs\cpp\capture_proto\CMakeFiles\capture_proto.dir\generated\capture\v1\control.pb.cc.obj
2026-10-08T11:51:39.7829922Z [59/163] Building CXX object libs\cpp\capture_proto\CMakeFiles\capture_proto.dir\generated\capture\v1\preview.pb.cc.obj
2026-10-08T11:51:41.5941089Z [60/163] Building CXX object libs\cpp\capture_proto\CMakeFiles\capture_proto.dir\generated\capture\v1\worker.pb.cc.obj
2026-10-08T11:51:41.9779146Z [61/163] Building CXX object libs\cpp\capture_proto\CMakeFiles\capture_proto.dir\generated\capture\v1\storage.pb.cc.obj
2026-10-08T11:51:44.0252304Z [62/163] Building CXX object libs\cpp\capture_proto\CMakeFiles\capture_proto.dir\generated\capture\v1\arrays.pb.cc.obj
2026-10-08T11:51:47.1106437Z [63/163] Building CXX object libs\cpp\capture_proto\CMakeFiles\capture_proto.dir\generated\capture\v1\data\emg_batch.pb.cc.obj
2026-10-08T11:51:47.9449469Z [64/163] Building CXX object libs\cpp\capture_proto\CMakeFiles\capture_proto.dir\generated\capture\v1\data\imu_frame.pb.cc.obj
2026-10-08T11:51:48.6052859Z [65/163] Building CXX object libs\cpp\capture_proto\CMakeFiles\capture_proto.dir\generated\capture\v1\data\numeric_batch.pb.cc.obj
2026-10-08T11:51:48.6337576Z [66/163] Generating CXX dyndep file workers\stub\CMakeFiles\capture_worker_stub.dir\CXX.dd
2026-10-08T11:51:48.6880032Z [67/163] Linking CXX static library libs\cpp\capture_core\capture_core.lib
2026-10-08T11:51:50.2794062Z [68/163] Building CXX object libs\cpp\capture_proto\CMakeFiles\capture_proto.dir\generated\capture\v1\data\radar_frame.pb.cc.obj
2026-10-08T11:51:50.7292645Z [69/163] Scanning D:\a\CaptureSuite\CaptureSuite\libs\cpp\capture_storage\src\atomic_file.cpp for CXX dependencies
2026-10-08T11:51:50.9970562Z [70/163] Scanning D:\a\CaptureSuite\CaptureSuite\libs\cpp\capture_storage\src\hash.cpp for CXX dependencies
2026-10-08T11:51:51.2804023Z [71/163] Scanning D:\a\CaptureSuite\CaptureSuite\libs\cpp\capture_storage\src\journal.cpp for CXX dependencies
2026-10-08T11:51:51.7877929Z [72/163] Scanning D:\a\CaptureSuite\CaptureSuite\libs\cpp\capture_storage\src\disk_watchdog.cpp for CXX dependencies
2026-10-08T11:51:52.0730300Z [73/163] Scanning D:\a\CaptureSuite\CaptureSuite\libs\cpp\capture_storage\src\mcap_impl.cpp for CXX dependencies
2026-10-08T11:51:52.7283040Z [74/163] Scanning D:\a\CaptureSuite\CaptureSuite\libs\cpp\capture_storage\src\mcap_stream_writer.cpp for CXX dependencies
2026-10-08T11:51:53.3233591Z [75/163] Scanning D:\a\CaptureSuite\CaptureSuite\libs\cpp\capture_storage\src\session_package.cpp for CXX dependencies
2026-10-08T11:51:53.3599085Z [76/163] Building CXX object libs\cpp\capture_proto\CMakeFiles\capture_proto.dir\generated\capture\v1\data\radar_doppler.pb.cc.obj
2026-10-08T11:51:53.8481404Z [77/163] Scanning D:\a\CaptureSuite\CaptureSuite\libs\cpp\capture_storage\src\recovery.cpp for CXX dependencies
2026-10-08T11:51:53.8785481Z [78/163] Generating CXX dyndep file libs\cpp\capture_storage\CMakeFiles\capture_storage.dir\CXX.dd
2026-10-08T11:51:54.2723025Z [79/163] Scanning D:\a\CaptureSuite\CaptureSuite\daemon\src\main.cpp for CXX dependencies
2026-10-08T11:51:54.4648203Z [80/163] Building CXX object libs\cpp\capture_proto\CMakeFiles\capture_proto.dir\generated\capture\v1\data\video_timing.pb.cc.obj
2026-10-08T11:51:54.5598069Z [81/163] Linking CXX static library libs\cpp\capture_proto\capture_proto.lib
2026-10-08T11:51:54.8026415Z [82/163] Scanning D:\a\CaptureSuite\CaptureSuite\daemon\src\sim_engine.cpp for CXX dependencies
2026-10-08T11:51:55.0055690Z [83/163] Scanning D:\a\CaptureSuite\CaptureSuite\daemon\src\camera_capture.cpp for CXX dependencies
2026-10-08T11:51:55.3632842Z [84/163] Scanning D:\a\CaptureSuite\CaptureSuite\daemon\src\external_worker_bridge.cpp for CXX dependencies
2026-10-08T11:51:55.5907412Z [85/163] Scanning D:\a\CaptureSuite\CaptureSuite\daemon\src\camera_worker_bridge.cpp for CXX dependencies
2026-10-08T11:51:55.9457316Z [86/163] Scanning D:\a\CaptureSuite\CaptureSuite\daemon\src\radar_worker_bridge.cpp for CXX dependencies
2026-10-08T11:51:56.2009297Z [87/163] Scanning D:\a\CaptureSuite\CaptureSuite\daemon\src\handshake.cpp for CXX dependencies
2026-10-08T11:51:56.2280460Z [88/163] Building CXX object workers\stub\CMakeFiles\capture_worker_stub.dir\main.cpp.obj
2026-10-08T11:51:56.2536713Z [89/163] Scanning D:\a\CaptureSuite\CaptureSuite\daemon\src\plugin_registry.cpp for CXX dependencies
2026-10-08T11:51:56.6190803Z [90/163] Scanning D:\a\CaptureSuite\CaptureSuite\daemon\src\process_security.cpp for CXX dependencies
2026-10-08T11:51:56.8772465Z [91/163] Scanning D:\a\CaptureSuite\CaptureSuite\daemon\src\control_server.cpp for CXX dependencies
2026-10-08T11:51:56.8892673Z [92/163] Scanning D:\a\CaptureSuite\CaptureSuite\tools\session_doctor\main.cpp for CXX dependencies
2026-10-08T11:51:57.0829312Z [93/163] Scanning D:\a\CaptureSuite\CaptureSuite\daemon\src\worker_host.cpp for CXX dependencies
2026-10-08T11:51:57.7518030Z [94/163] Linking CXX executable workers\stub\capture_worker_stub.exe
2026-10-08T11:51:58.0170202Z [95/163] Scanning D:\a\CaptureSuite\CaptureSuite\tests\cpp\test_clock.cpp for CXX dependencies
2026-10-08T11:51:58.2873254Z [96/163] Scanning D:\a\CaptureSuite\CaptureSuite\tests\cpp\test_env.cpp for CXX dependencies
2026-10-08T11:51:58.5505266Z [97/163] Scanning D:\a\CaptureSuite\CaptureSuite\tests\cpp\test_framing.cpp for CXX dependencies
2026-10-08T11:51:58.8306810Z [98/163] Scanning D:\a\CaptureSuite\CaptureSuite\tests\cpp\test_session_fsm.cpp for CXX dependencies
2026-10-08T11:51:59.0985591Z [99/163] Scanning D:\a\CaptureSuite\CaptureSuite\tests\cpp\test_source_fsm.cpp for CXX dependencies
2026-10-08T11:51:59.4934060Z [100/163] Scanning D:\a\CaptureSuite\CaptureSuite\tests\cpp\test_logging.cpp for CXX dependencies
2026-10-08T11:51:59.8013388Z [101/163] Scanning D:\a\CaptureSuite\CaptureSuite\tests\cpp\test_storage_posix.cpp for CXX dependencies
2026-10-08T11:52:00.2246723Z [102/163] Building CXX object libs\cpp\capture_storage\CMakeFiles\capture_storage.dir\src\hash.cpp.obj
2026-10-08T11:52:00.4313712Z [103/163] Scanning D:\a\CaptureSuite\CaptureSuite\tests\cpp\test_atomic_file_windows.cpp for CXX dependencies
2026-10-08T11:52:00.7751185Z [104/163] Building CXX object libs\cpp\capture_storage\CMakeFiles\capture_storage.dir\src\journal.cpp.obj
2026-10-08T11:52:00.7931217Z [105/163] Building CXX object libs\cpp\capture_storage\CMakeFiles\capture_storage.dir\src\atomic_file.cpp.obj
2026-10-08T11:52:01.2471798Z [106/163] Scanning D:\a\CaptureSuite\CaptureSuite\tests\cpp\test_sim_engine.cpp for CXX dependencies
2026-10-08T11:52:01.5639074Z [107/163] Scanning D:\a\CaptureSuite\CaptureSuite\tests\cpp\test_recovery.cpp for CXX dependencies
2026-10-08T11:52:01.6522350Z [108/163] Scanning D:\a\CaptureSuite\CaptureSuite\tests\cpp\test_worker_host.cpp for CXX dependencies
2026-10-08T11:52:01.6577815Z [109/163] Scanning D:\a\CaptureSuite\CaptureSuite\tests\cpp\test_session_package.cpp for CXX dependencies
2026-10-08T11:52:02.0949071Z [110/163] Scanning D:\a\CaptureSuite\CaptureSuite\daemon\src\sim_engine.cpp for CXX dependencies
2026-10-08T11:52:02.1398456Z [111/163] Scanning D:\a\CaptureSuite\CaptureSuite\daemon\src\camera_capture.cpp for CXX dependencies
2026-10-08T11:52:02.4064086Z [112/163] Scanning D:\a\CaptureSuite\CaptureSuite\daemon\src\external_worker_bridge.cpp for CXX dependencies
2026-10-08T11:52:02.4850096Z [113/163] Scanning D:\a\CaptureSuite\CaptureSuite\daemon\src\camera_worker_bridge.cpp for CXX dependencies
2026-10-08T11:52:02.8894754Z [114/163] Scanning D:\a\CaptureSuite\CaptureSuite\daemon\src\radar_worker_bridge.cpp for CXX dependencies
2026-10-08T11:52:02.9408629Z [115/163] Scanning D:\a\CaptureSuite\CaptureSuite\daemon\src\handshake.cpp for CXX dependencies
2026-10-08T11:52:02.9860622Z [116/163] Scanning D:\a\CaptureSuite\CaptureSuite\daemon\src\plugin_registry.cpp for CXX dependencies
2026-10-08T11:52:02.9888220Z [117/163] Scanning D:\a\CaptureSuite\CaptureSuite\daemon\src\process_security.cpp for CXX dependencies
2026-10-08T11:52:03.8051206Z [118/163] Scanning D:\a\CaptureSuite\CaptureSuite\daemon\src\worker_host.cpp for CXX dependencies
2026-10-08T11:52:06.5927373Z [119/163] Building CXX object libs\cpp\capture_storage\CMakeFiles\capture_storage.dir\src\disk_watchdog.cpp.obj
2026-10-08T11:52:15.9115263Z [120/163] Building CXX object libs\cpp\capture_storage\CMakeFiles\capture_storage.dir\src\mcap_stream_writer.cpp.obj
2026-10-08T11:52:16.7257420Z [121/163] Building CXX object libs\cpp\capture_storage\CMakeFiles\capture_storage.dir\src\mcap_impl.cpp.obj
2026-10-08T11:52:19.0229757Z [122/163] Generating CXX dyndep file daemon\CMakeFiles\capture_daemon.dir\CXX.dd
2026-10-08T11:52:19.1790751Z [123/163] Building CXX object libs\cpp\capture_storage\CMakeFiles\capture_storage.dir\src\session_package.cpp.obj
2026-10-08T11:52:19.4289838Z [124/163] Generating CXX dyndep file tools\session_doctor\CMakeFiles\session_doctor.dir\CXX.dd
2026-10-08T11:52:19.8424009Z [125/163] Generating CXX dyndep file tests\cpp\CMakeFiles\capture_core_tests.dir\CXX.dd
2026-10-08T11:52:21.7433540Z [126/163] Building CXX object libs\cpp\capture_storage\CMakeFiles\capture_storage.dir\src\recovery.cpp.obj
2026-10-08T11:52:21.8457874Z [127/163] Linking CXX static library libs\cpp\capture_storage\capture_storage.lib
2026-10-08T11:52:25.6302721Z [128/163] Building CXX object daemon\CMakeFiles\capture_daemon.dir\src\camera_capture.cpp.obj
2026-10-08T11:52:28.7756405Z [129/163] Building CXX object daemon\CMakeFiles\capture_daemon.dir\src\main.cpp.obj
2026-10-08T11:52:32.9862603Z [130/163] Building CXX object daemon\CMakeFiles\capture_daemon.dir\src\external_worker_bridge.cpp.obj
2026-10-08T11:52:33.5513012Z [131/163] Building CXX object daemon\CMakeFiles\capture_daemon.dir\src\camera_worker_bridge.cpp.obj
2026-10-08T11:52:40.9925845Z [132/163] Building CXX object daemon\CMakeFiles\capture_daemon.dir\src\radar_worker_bridge.cpp.obj
2026-10-08T11:52:42.2076155Z [133/163] Building CXX object daemon\CMakeFiles\capture_daemon.dir\src\handshake.cpp.obj
2026-10-08T11:52:49.5154497Z [134/163] Building CXX object daemon\CMakeFiles\capture_daemon.dir\src\sim_engine.cpp.obj
2026-10-08T11:52:50.1378170Z [135/163] Building CXX object daemon\CMakeFiles\capture_daemon.dir\src\process_security.cpp.obj
2026-10-08T11:52:51.0432824Z [136/163] Building CXX object daemon\CMakeFiles\capture_daemon.dir\src\plugin_registry.cpp.obj
2026-10-08T11:52:54.8258044Z [137/163] Building CXX object tools\session_doctor\CMakeFiles\session_doctor.dir\main.cpp.obj
2026-10-08T11:52:55.7488930Z [138/163] Building CXX object tests\cpp\CMakeFiles\capture_core_tests.dir\test_clock.cpp.obj
2026-10-08T11:52:59.1077603Z [139/163] Building CXX object daemon\CMakeFiles\capture_daemon.dir\src\control_server.cpp.obj
2026-10-08T11:52:59.2771265Z [140/163] Building CXX object tests\cpp\CMakeFiles\capture_core_tests.dir\test_framing.cpp.obj
2026-10-08T11:52:59.2816662Z [141/163] Building CXX object tests\cpp\CMakeFiles\capture_core_tests.dir\test_env.cpp.obj
2026-10-08T11:53:00.0285655Z [142/163] Building CXX object daemon\CMakeFiles\capture_daemon.dir\src\worker_host.cpp.obj
2026-10-08T11:53:01.9098013Z [143/163] Building CXX object tests\cpp\CMakeFiles\capture_core_tests.dir\test_session_fsm.cpp.obj
2026-10-08T11:53:02.1653382Z [144/163] Building CXX object tests\cpp\CMakeFiles\capture_core_tests.dir\test_source_fsm.cpp.obj
2026-10-08T11:53:04.1348424Z [145/163] Building CXX object tests\cpp\CMakeFiles\capture_core_tests.dir\test_storage_posix.cpp.obj
2026-10-08T11:53:10.4497823Z [146/163] Building CXX object tests\cpp\CMakeFiles\capture_core_tests.dir\test_logging.cpp.obj
2026-10-08T11:53:10.5809289Z [147/163] Building CXX object tests\cpp\CMakeFiles\capture_core_tests.dir\test_atomic_file_windows.cpp.obj
2026-10-08T11:53:12.8837375Z [148/163] Building CXX object tests\cpp\CMakeFiles\capture_core_tests.dir\test_sim_engine.cpp.obj
2026-10-08T11:53:15.8795336Z [149/163] Building CXX object tests\cpp\CMakeFiles\capture_core_tests.dir\test_session_package.cpp.obj
2026-10-08T11:53:19.9261431Z [150/163] Building CXX object tests\cpp\CMakeFiles\capture_core_tests.dir\test_recovery.cpp.obj
2026-10-08T11:53:19.9459870Z [151/163] Building CXX object tests\cpp\CMakeFiles\capture_core_tests.dir\test_worker_host.cpp.obj
2026-10-08T11:53:21.1441855Z [152/163] Building CXX object tests\cpp\CMakeFiles\capture_core_tests.dir\__\__\daemon\src\camera_capture.cpp.obj
2026-10-08T11:53:30.2785981Z [153/163] Building CXX object tests\cpp\CMakeFiles\capture_core_tests.dir\__\__\daemon\src\camera_worker_bridge.cpp.obj
2026-10-08T11:53:31.2946251Z [154/163] Building CXX object tests\cpp\CMakeFiles\capture_core_tests.dir\__\__\daemon\src\radar_worker_bridge.cpp.obj
2026-10-08T11:53:33.2958741Z [155/163] Building CXX object tests\cpp\CMakeFiles\capture_core_tests.dir\__\__\daemon\src\external_worker_bridge.cpp.obj
2026-10-08T11:53:40.3108183Z [156/163] Building CXX object tests\cpp\CMakeFiles\capture_core_tests.dir\__\__\daemon\src\process_security.cpp.obj
2026-10-08T11:53:40.3601129Z [157/163] Building CXX object tests\cpp\CMakeFiles\capture_core_tests.dir\__\__\daemon\src\sim_engine.cpp.obj
2026-10-08T11:53:40.6159976Z [158/163] Building CXX object tests\cpp\CMakeFiles\capture_core_tests.dir\__\__\daemon\src\handshake.cpp.obj
2026-10-08T11:53:42.0923106Z [159/163] Linking CXX executable tools\session_doctor\session_doctor.exe
2026-10-08T11:53:45.0665899Z [160/163] Linking CXX executable daemon\capture_daemon.exe
2026-10-08T11:53:45.5903883Z [161/163] Building CXX object tests\cpp\CMakeFiles\capture_core_tests.dir\__\__\daemon\src\plugin_registry.cpp.obj
2026-10-08T11:53:48.0570305Z [162/163] Building CXX object tests\cpp\CMakeFiles\capture_core_tests.dir\__\__\daemon\src\worker_host.cpp.obj
2026-10-08T11:53:49.3593331Z [163/163] Linking CXX executable tests\cpp\capture_core_tests.exe
2026-10-08T11:53:49.4688195Z ##[group]Run ctest --test-dir build/windows-release --output-on-failure --no-tests=error --output-junit ctest-results.xml -C Release
2026-10-08T11:53:49.4689259Z [36;1mctest --test-dir build/windows-release --output-on-failure --no-tests=error --output-junit ctest-results.xml -C Release[0m
2026-10-08T11:53:49.4729548Z shell: C:\Program Files\PowerShell\7\pwsh.EXE -command ". '{0}'"
2026-10-08T11:53:49.4729905Z env:
2026-10-08T11:53:49.4730102Z   CommandPromptType: Native
2026-10-08T11:53:49.4730485Z   DevEnvDir: C:\Program Files\Microsoft Visual Studio\2022\Enterprise\Common7\IDE\
2026-10-08T11:53:49.4731036Z   ExtensionSdkDir: C:\Program Files (x86)\Microsoft SDKs\Windows Kits\10\ExtensionSDKs
2026-10-08T11:53:49.4733453Z   EXTERNAL_INCLUDE: C:\Program Files\Microsoft Visual Studio\2022\Enterprise\VC\Tools\MSVC\14.44.35207\include;C:\Program Files\Microsoft Visual Studio\2022\Enterprise\VC\Tools\MSVC\14.44.35207\ATLMFC\include;C:\Program Files\Microsoft Visual Studio\2022\Enterprise\VC\Auxiliary\VS\include;C:\Program Files (x86)\Windows Kits\10\include\10.0.26100.0\ucrt;C:\Program Files (x86)\Windows Kits\10\\include\10.0.26100.0\\um;C:\Program Files (x86)\Windows Kits\10\\include\10.0.26100.0\\shared;C:\Program Files (x86)\Windows Kits\10\\include\10.0.26100.0\\winrt;C:\Program Files (x86)\Windows Kits\10\\include\10.0.26100.0\\cppwinrt;C:\Program Files (x86)\Windows Kits\NETFXSDK\4.8\include\um
2026-10-08T11:53:49.4735735Z   Framework40Version: v4.0
2026-10-08T11:53:49.4736012Z   FrameworkDir: C:\Windows\Microsoft.NET\Framework64\
2026-10-08T11:53:49.4736362Z   FrameworkDir64: C:\Windows\Microsoft.NET\Framework64\
2026-10-08T11:53:49.4736666Z   FrameworkVersion: v4.0.30319
2026-10-08T11:53:49.4736899Z   FrameworkVersion64: v4.0.30319
2026-10-08T11:53:49.4737423Z   FSHARPINSTALLDIR: C:\Program Files\Microsoft Visual Studio\2022\Enterprise\Common7\IDE\CommonExtensions\Microsoft\FSharp\Tools
2026-10-08T11:53:49.4738025Z   HTMLHelpDir: C:\Program Files (x86)\HTML Help Workshop
2026-10-08T11:53:49.4738500Z   IFCPATH: C:\Program Files\Microsoft Visual Studio\2022\Enterprise\VC\Tools\MSVC\14.44.35207\ifc\x64
2026-10-08T11:53:49.4740876Z   INCLUDE: C:\Program Files\Microsoft Visual Studio\2022\Enterprise\VC\Tools\MSVC\14.44.35207\include;C:\Program Files\Microsoft Visual Studio\2022\Enterprise\VC\Tools\MSVC\14.44.35207\ATLMFC\include;C:\Program Files\Microsoft Visual Studio\2022\Enterprise\VC\Auxiliary\VS\include;C:\Program Files (x86)\Windows Kits\10\include\10.0.26100.0\ucrt;C:\Program Files (x86)\Windows Kits\10\\include\10.0.26100.0\\um;C:\Program Files (x86)\Windows Kits\10\\include\10.0.26100.0\\shared;C:\Program Files (x86)\Windows Kits\10\\include\10.0.26100.0\\winrt;C:\Program Files (x86)\Windows Kits\10\\include\10.0.26100.0\\cppwinrt;C:\Program Files (x86)\Windows Kits\NETFXSDK\4.8\include\um
2026-10-08T11:53:49.4743212Z   is_x64_arch: true
2026-10-08T11:53:49.4744447Z   LIB: C:\Program Files\Microsoft Visual Studio\2022\Enterprise\VC\Tools\MSVC\14.44.35207\ATLMFC\lib\x64;C:\Program Files\Microsoft Visual Studio\2022\Enterprise\VC\Tools\MSVC\14.44.35207\lib\x64;C:\Program Files (x86)\Windows Kits\NETFXSDK\4.8\lib\um\x64;C:\Program Files (x86)\Windows Kits\10\lib\10.0.26100.0\ucrt\x64;C:\Program Files (x86)\Windows Kits\10\\lib\10.0.26100.0\\um\x64
2026-10-08T11:53:49.4747085Z   LIBPATH: C:\Program Files\Microsoft Visual Studio\2022\Enterprise\VC\Tools\MSVC\14.44.35207\ATLMFC\lib\x64;C:\Program Files\Microsoft Visual Studio\2022\Enterprise\VC\Tools\MSVC\14.44.35207\lib\x64;C:\Program Files\Microsoft Visual Studio\2022\Enterprise\VC\Tools\MSVC\14.44.35207\lib\x86\store\references;C:\Program Files (x86)\Windows Kits\10\UnionMetadata\10.0.26100.0;C:\Program Files (x86)\Windows Kits\10\References\10.0.26100.0;C:\Windows\Microsoft.NET\Framework64\v4.0.30319
2026-10-08T11:53:49.4748782Z   NETFXSDKDir: C:\Program Files (x86)\Windows Kits\NETFXSDK\4.8\
2026-10-08T11:53:49.4765985Z   Path: C:\Program Files\Microsoft Visual Studio\2022\Enterprise\VC\Tools\MSVC\14.44.35207\bin\HostX64\x64;C:\Program Files\Microsoft Visual Studio\2022\Enterprise\Common7\IDE\VC\VCPackages;C:\Program Files\Microsoft Visual Studio\2022\Enterprise\Common7\IDE\CommonExtensions\Microsoft\TestWindow;C:\Program Files\Microsoft Visual Studio\2022\Enterprise\Common7\IDE\CommonExtensions\Microsoft\TeamFoundation\Team Explorer;C:\Program Files\Microsoft Visual Studio\2022\Enterprise\MSBuild\Current\bin\Roslyn;C:\Program Files (x86)\Microsoft SDKs\Windows\v10.0A\bin\NETFX 4.8 Tools\x64\;C:\Program Files (x86)\HTML Help Workshop;C:\Program Files\Microsoft Visual Studio\2022\Enterprise\Common7\IDE\CommonExtensions\Microsoft\FSharp\Tools;C:\Program Files\Microsoft Visual Studio\2022\Enterprise\Team Tools\DiagnosticsHub\Collector;C:\Program Files\Microsoft Visual Studio\2022\Enterprise\Common7\IDE\Extensions\Microsoft\CodeCoverage.Console;C:\Program Files\Microsoft Visual Studio\2022\Enterprise\VC\Tools\Llvm\x64\bin;C:\Program Files (x86)\Windows Kits\10\bin\10.0.26100.0\\x64;C:\Program Files (x86)\Windows Kits\10\bin\\x64;C:\Program Files\Microsoft Visual Studio\2022\Enterprise\\MSBuild\Current\Bin\amd64;C:\Windows\Microsoft.NET\Framework64\v4.0.30319;C:\Program Files\Microsoft Visual Studio\2022\Enterprise\Common7\IDE\;C:\Program Files\Microsoft Visual Studio\2022\Enterprise\Common7\Tools\;C:\Program Files\MongoDB\Server\7.0\bin;C:\aliyun-cli;C:\vcpkg;C:\Program Files (x86)\NSIS\;C:\tools\zstd;C:\Program Files\Mercurial\;C:\hostedtoolcache\windows\stack\3.11.1\x64;C:\cabal\bin;C:\\ghcup\bin;C:\mingw64\bin;C:\Program Files\dotnet;C:\Program Files\MySQL\MySQL Server 8.0\bin;C:\Program Files\R\R-4.6.1\bin\x64;C:\SeleniumWebDrivers\GeckoDriver;C:\SeleniumWebDrivers\EdgeDriver\;C:\SeleniumWebDrivers\ChromeDriver;C:\Program Files (x86)\sbt\bin;C:\Program Files (x86)\GitHub CLI;C:\Program Files\Git\bin;C:\Program Files (x86)\pipx_bin;C:\npm\prefix;C:\hostedtoolcache\windows\go\1.24.13\x64\bin;C:\hostedtoolcache\windows\Python\3.12.10\x64\Scripts;C:\hostedtoolcache\windows\Python\3.12.10\x64;C:\hostedtoolcache\windows\Ruby\3.3.12\x64\bin;C:\Program Files\OpenSSL\bin;C:\tools\kotlinc\bin;C:\hostedtoolcache\windows\Java_Temurin-Hotspot_jdk\8.0.504-1\x64\bin;C:\Program Files\ImageMagick-7.1.2-Q16-HDRI;C:\Program Files\Microsoft SDKs\Azure\CLI2\wbin;C:\ProgramData\kind;C:\ProgramData\Chocolatey\bin;C:\Windows\system32;C:\Windows;C:\Windows\System32\Wbem;C:\Windows\System32\WindowsPowerShell\v1.0\;C:\Windows\System32\OpenSSH\;C:\Program Files\dotnet\;C:\Program Files\PowerShell\7\;C:\Program Files\Microsoft\Web Platform Installer\;C:\Program Files\TortoiseSVN\bin;C:\Program Files\Microsoft SQL Server\Client SDK\ODBC\170\Tools\Binn\;C:\Program Files\Microsoft SQL Server\150\Tools\Binn\;C:\Program Files (x86)\Windows Kits\10\Windows Performance Toolkit\;C:\Program Files (x86)\WiX Toolset v3.14\bin;C:\Program Files\Microsoft SQL Server\130\DTS\Binn\;C:\Program Files\Microsoft SQL Server\140\DTS\Binn\;C:\Program Files\Microsoft SQL Server\150\DTS\Binn\;C:\Program Files\Microsoft SQL Server\160\DTS\Binn\;C:\Program Files\Microsoft SQL Server\170\DTS\Binn\;C:\Strawberry\c\bin;C:\Strawberry\perl\site\bin;C:\Strawberry\perl\bin;C:\ProgramData\chocolatey\lib\pulumi\tools\Pulumi\bin;C:\Program Files\CMake\bin;C:\ProgramData\chocolatey\lib\maven\apache-maven-3.9.16\bin;C:\Program Files\Microsoft Service Fabric\bin\Fabric\Fabric.Code;C:\Program Files\Microsoft SDKs\Service Fabric\Tools\ServiceFabricLocalClusterManager;C:\Program Files\nodejs\;C:\Program Files\Git\cmd;C:\Program Files\Git\mingw64\bin;C:\Program Files\Git\usr\bin;C:\Program Files\GitHub CLI\;c:\tools\php;C:\Program Files\Amazon\AWSCLIV2\;C:\Program Files\Amazon\SessionManagerPlugin\bin\;C:\Program Files\Amazon\AWSSAMCLI\bin\;C:\Program Files\Microsoft SQL Server\130\Tools\Binn\;C:\Program Files\mongosh\;C:\Program Files\LLVM\bin;C:\Program Files (x86)\LLVM\bin;C:\Users\runneradmin\.dotnet\tools;C:\Users\runneradmin\.cargo\bin;C:\Users\runneradmin\AppData\Local\Microsoft\WindowsApps;C:\Program Files (x86)\Microsoft Visual Studio\Installer;C:\Program Files\Microsoft Visual Studio\2022\Enterprise\Common7\IDE\CommonExtensions\Microsoft\CMake\CMake\bin;C:\Program Files\Microsoft Visual Studio\2022\Enterprise\Common7\IDE\CommonExtensions\Microsoft\CMake\Ninja;C:\Program Files\Microsoft Visual Studio\2022\Enterprise\Common7\IDE\VC\Linux\bin\ConnectionManagerExe;C:\Program Files\Microsoft Visual Studio\2022\Enterprise\VC\vcpkg
2026-10-08T11:53:49.4781241Z   Platform: x64
2026-10-08T11:53:49.4781443Z   UCRTVersion: 10.0.26100.0
2026-10-08T11:53:49.4781739Z   UniversalCRTSdkDir: C:\Program Files (x86)\Windows Kits\10\
2026-10-08T11:53:49.4782238Z   VCIDEInstallDir: C:\Program Files\Microsoft Visual Studio\2022\Enterprise\Common7\IDE\VC\
2026-10-08T11:53:49.4782787Z   VCINSTALLDIR: C:\Program Files\Microsoft Visual Studio\2022\Enterprise\VC\
2026-10-08T11:53:49.4783197Z   VCPKG_ROOT: D:\a\CaptureSuite\CaptureSuite\vcpkg
2026-10-08T11:53:49.4783690Z   VCToolsInstallDir: C:\Program Files\Microsoft Visual Studio\2022\Enterprise\VC\Tools\MSVC\14.44.35207\
2026-10-08T11:53:49.4784363Z   VCToolsRedistDir: C:\Program Files\Microsoft Visual Studio\2022\Enterprise\VC\Redist\MSVC\14.44.35112\
2026-10-08T11:53:49.4784843Z   VCToolsVersion: 14.44.35207
2026-10-08T11:53:49.4785076Z   VisualStudioVersion: 17.0
2026-10-08T11:53:49.4785450Z   VS170COMNTOOLS: C:\Program Files\Microsoft Visual Studio\2022\Enterprise\Common7\Tools\
2026-10-08T11:53:49.4785868Z   VSCMD_ARG_app_plat: Desktop
2026-10-08T11:53:49.4786099Z   VSCMD_ARG_HOST_ARCH: x64
2026-10-08T11:53:49.4786523Z   VSCMD_ARG_TGT_ARCH: x64
2026-10-08T11:53:49.4786727Z   VSCMD_VER: 17.14.41
2026-10-08T11:53:49.4787036Z   VSINSTALLDIR: C:\Program Files\Microsoft Visual Studio\2022\Enterprise\
2026-10-08T11:53:49.4787525Z   VSSDK150INSTALL: C:\Program Files\Microsoft Visual Studio\2022\Enterprise\VSSDK
2026-10-08T11:53:49.4788016Z   VSSDKINSTALL: C:\Program Files\Microsoft Visual Studio\2022\Enterprise\VSSDK
2026-10-08T11:53:49.4788707Z   WindowsLibPath: C:\Program Files (x86)\Windows Kits\10\UnionMetadata\10.0.26100.0;C:\Program Files (x86)\Windows Kits\10\References\10.0.26100.0
2026-10-08T11:53:49.4789361Z   WindowsSdkBinPath: C:\Program Files (x86)\Windows Kits\10\bin\
2026-10-08T11:53:49.4789739Z   WindowsSdkDir: C:\Program Files (x86)\Windows Kits\10\
2026-10-08T11:53:49.4790044Z   WindowsSDKLibVersion: 10.0.26100.0\
2026-10-08T11:53:49.4790406Z   WindowsSdkVerBinPath: C:\Program Files (x86)\Windows Kits\10\bin\10.0.26100.0\
2026-10-08T11:53:49.4790800Z   WindowsSDKVersion: 10.0.26100.0\
2026-10-08T11:53:49.4791248Z   WindowsSDK_ExecutablePath_x64: C:\Program Files (x86)\Microsoft SDKs\Windows\v10.0A\bin\NETFX 4.8 Tools\x64\
2026-10-08T11:53:49.4792038Z   WindowsSDK_ExecutablePath_x86: C:\Program Files (x86)\Microsoft SDKs\Windows\v10.0A\bin\NETFX 4.8 Tools\
2026-10-08T11:53:49.4792492Z   __DOTNET_ADD_64BIT: 1
2026-10-08T11:53:49.4792702Z   __DOTNET_PREFERRED_BITNESS: 64
2026-10-08T11:53:49.4801848Z   __VSCMD_PREINIT_PATH: C:\Program Files\MongoDB\Server\7.0\bin;C:\aliyun-cli;C:\vcpkg;C:\Program Files (x86)\NSIS\;C:\tools\zstd;C:\Program Files\Mercurial\;C:\hostedtoolcache\windows\stack\3.11.1\x64;C:\cabal\bin;C:\\ghcup\bin;C:\mingw64\bin;C:\Program Files\dotnet;C:\Program Files\MySQL\MySQL Server 8.0\bin;C:\Program Files\R\R-4.6.1\bin\x64;C:\SeleniumWebDrivers\GeckoDriver;C:\SeleniumWebDrivers\EdgeDriver\;C:\SeleniumWebDrivers\ChromeDriver;C:\Program Files (x86)\sbt\bin;C:\Program Files (x86)\GitHub CLI;C:\Program Files\Git\bin;C:\Program Files (x86)\pipx_bin;C:\npm\prefix;C:\hostedtoolcache\windows\go\1.24.13\x64\bin;C:\hostedtoolcache\windows\Python\3.12.10\x64\Scripts;C:\hostedtoolcache\windows\Python\3.12.10\x64;C:\hostedtoolcache\windows\Ruby\3.3.12\x64\bin;C:\Program Files\OpenSSL\bin;C:\tools\kotlinc\bin;C:\hostedtoolcache\windows\Java_Temurin-Hotspot_jdk\8.0.504-1\x64\bin;C:\Program Files\ImageMagick-7.1.2-Q16-HDRI;C:\Program Files\Microsoft SDKs\Azure\CLI2\wbin;C:\ProgramData\kind;C:\ProgramData\Chocolatey\bin;C:\Windows\system32;C:\Windows;C:\Windows\System32\Wbem;C:\Windows\System32\WindowsPowerShell\v1.0\;C:\Windows\System32\OpenSSH\;C:\Program Files\dotnet\;C:\Program Files\PowerShell\7\;C:\Program Files\Microsoft\Web Platform Installer\;C:\Program Files\TortoiseSVN\bin;C:\Program Files\Microsoft SQL Server\Client SDK\ODBC\170\Tools\Binn\;C:\Program Files\Microsoft SQL Server\150\Tools\Binn\;C:\Program Files (x86)\Windows Kits\10\Windows Performance Toolkit\;C:\Program Files (x86)\WiX Toolset v3.14\bin;C:\Program Files\Microsoft SQL Server\130\DTS\Binn\;C:\Program Files\Microsoft SQL Server\140\DTS\Binn\;C:\Program Files\Microsoft SQL Server\150\DTS\Binn\;C:\Program Files\Microsoft SQL Server\160\DTS\Binn\;C:\Program Files\Microsoft SQL Server\170\DTS\Binn\;C:\Strawberry\c\bin;C:\Strawberry\perl\site\bin;C:\Strawberry\perl\bin;C:\ProgramData\chocolatey\lib\pulumi\tools\Pulumi\bin;C:\Program Files\CMake\bin;C:\ProgramData\chocolatey\lib\maven\apache-maven-3.9.16\bin;C:\Program Files\Microsoft Service Fabric\bin\Fabric\Fabric.Code;C:\Program Files\Microsoft SDKs\Service Fabric\Tools\ServiceFabricLocalClusterManager;C:\Program Files\nodejs\;C:\Program Files\Git\cmd;C:\Program Files\Git\mingw64\bin;C:\Program Files\Git\usr\bin;C:\Program Files\GitHub CLI\;c:\tools\php;C:\Program Files (x86)\sbt\bin;C:\Program Files\Amazon\AWSCLIV2\;C:\Program Files\Amazon\SessionManagerPlugin\bin\;C:\Program Files\Amazon\AWSSAMCLI\bin\;C:\Program Files\Microsoft SQL Server\130\Tools\Binn\;C:\Program Files\mongosh\;C:\Program Files\LLVM\bin;C:\Program Files (x86)\LLVM\bin;C:\Users\runneradmin\.dotnet\tools;C:\Users\runneradmin\.cargo\bin;C:\Users\runneradmin\AppData\Local\Microsoft\WindowsApps;C:\Program Files (x86)\Microsoft Visual Studio\Installer
2026-10-08T11:53:49.4811323Z   VCPKG_DEFAULT_BINARY_CACHE: D:/a/CaptureSuite/CaptureSuite/969f6665-88a2-4c98-938e-ca9259871fec/vcpkg_cache
2026-10-08T11:53:49.4811853Z   VCPKG_BINARY_SOURCES: clear;x-gha,readwrite
2026-10-08T11:53:49.4812191Z   RUNVCPKG_VCPKG_ROOT: D:\a\CaptureSuite\CaptureSuite\vcpkg
2026-10-08T11:53:49.4812499Z ##[endgroup]
2026-10-08T11:53:50.1709083Z Internal ctest changing into directory: D:/a/CaptureSuite/CaptureSuite/build/windows-release
2026-10-08T11:53:50.2667635Z Test project D:/a/CaptureSuite/CaptureSuite/build/windows-release
2026-10-08T11:53:50.2949220Z       Start  1: recovery repairs truncated mcap tail
2026-10-08T11:53:51.1737317Z  1/29 Test  #1: recovery repairs truncated mcap tail ........................................   Passed    0.88 sec
2026-10-08T11:53:51.1739983Z       Start  2: worker host spawns stub with Hello and Identify
2026-10-08T11:53:51.2272813Z  2/29 Test  #2: worker host spawns stub with Hello and Identify .............................   Passed    0.05 sec
2026-10-08T11:53:51.2274977Z       Start  3: SessionClock establish_t0 and session time advances
2026-10-08T11:53:51.2561332Z  3/29 Test  #3: SessionClock establish_t0 and session time advances .........................   Passed    0.03 sec
2026-10-08T11:53:51.2563226Z       Start  4: session package persists multi-stream recording
2026-10-08T11:53:52.0279149Z  4/29 Test  #4: session package persists multi-stream recording .............................   Passed    0.77 sec
2026-10-08T11:53:52.0280934Z       Start  5: disk watchdog reports free bytes and honours override
2026-10-08T11:53:52.0427334Z  5/29 Test  #5: disk watchdog reports free bytes and honours override .......................   Passed    0.01 sec
2026-10-08T11:53:52.0429235Z       Start  6: preflight and rehearsal against selected sim sources
2026-10-08T11:53:52.3150874Z  6/29 Test  #6: preflight and rehearsal against selected sim sources ........................   Passed    0.27 sec
2026-10-08T11:53:52.3152917Z       Start  7: Windows atomic write preserves a raw-file symlink at the old temp name
2026-10-08T11:53:52.3501262Z  7/29 Test  #7: Windows atomic write preserves a raw-file symlink at the old temp name ......***Failed    0.03 sec
2026-10-08T11:53:52.3502143Z Filters: "Windows atomic write preserves a raw-file symlink at the old temp name"
2026-10-08T11:53:52.3502627Z Randomness seeded to: 4044312305
2026-10-08T11:53:52.3503026Z 
2026-10-08T11:53:52.3503304Z ~~~~~~~~~~~~~~~~~~~~~~~~~~~~~~~~~~~~~~~~~~~~~~~~~~~~~~~~~~~~~~~~~~~~~~~~~~~~~~~
2026-10-08T11:53:52.3504009Z capture_core_tests.exe is a Catch2 v3.10.0 host application.
2026-10-08T11:53:52.3504508Z Run with -? for options
2026-10-08T11:53:52.3504654Z 
2026-10-08T11:53:52.3504943Z -------------------------------------------------------------------------------
2026-10-08T11:53:52.3505503Z Windows atomic write preserves a raw-file symlink at the old temp name
2026-10-08T11:53:52.3506059Z -------------------------------------------------------------------------------
2026-10-08T11:53:52.3506661Z D:\a\CaptureSuite\CaptureSuite\tests\cpp\test_atomic_file_windows.cpp(225)
2026-10-08T11:53:52.3507213Z ...............................................................................
2026-10-08T11:53:52.3507461Z 
2026-10-08T11:53:52.3507850Z D:\a\CaptureSuite\CaptureSuite\tests\cpp\test_atomic_file_windows.cpp(252): FAILED:
2026-10-08T11:53:52.3508334Z   CHECK( contents(raw) == raw_bytes )
2026-10-08T11:53:52.3508598Z with expansion:
2026-10-08T11:53:52.3508887Z   "{"state":"finalized","symlink_case":true}
2026-10-08T11:53:52.3509140Z   "
2026-10-08T11:53:52.3509294Z   ==
2026-10-08T11:53:52.3509553Z   "authored sealed raw sentinel for symlink
2026-10-08T11:53:52.3509798Z   "
2026-10-08T11:53:52.3509971Z with messages:
2026-10-08T11:53:52.3510220Z   CreateSymbolicLinkW error=0
2026-10-08T11:53:52.3510592Z   atomic write error=
2026-10-08T11:53:52.3510802Z 
2026-10-08T11:53:52.3511185Z D:\a\CaptureSuite\CaptureSuite\tests\cpp\test_atomic_file_windows.cpp(123): FAILED:
2026-10-08T11:53:52.3511707Z   CHECK_FALSE( fs::is_symlink(path) )
2026-10-08T11:53:52.3511965Z with expansion:
2026-10-08T11:53:52.3512143Z   !true
2026-10-08T11:53:52.3512319Z with messages:
2026-10-08T11:53:52.3512563Z   CreateSymbolicLinkW error=0
2026-10-08T11:53:52.3512826Z   atomic write error=
2026-10-08T11:53:52.3512953Z 
2026-10-08T11:53:52.3513322Z D:\a\CaptureSuite\CaptureSuite\tests\cpp\test_atomic_file_windows.cpp(255): FAILED:
2026-10-08T11:53:52.3513808Z   CHECK( file_identity(manifest) != raw_id )
2026-10-08T11:53:52.3514077Z with expansion:
2026-10-08T11:53:52.3514442Z   { 1692368384 (0x64df7e00), 196608 (0x30000), 1018380 (0xf8a0c) }
2026-10-08T11:53:52.3514737Z   !=
2026-10-08T11:53:52.3515068Z   { 1692368384 (0x64df7e00), 196608 (0x30000), 1018380 (0xf8a0c) }
2026-10-08T11:53:52.3515429Z with messages:
2026-10-08T11:53:52.3515670Z   CreateSymbolicLinkW error=0
2026-10-08T11:53:52.3515941Z   atomic write error=
2026-10-08T11:53:52.3516225Z 
2026-10-08T11:53:52.3516597Z D:\a\CaptureSuite\CaptureSuite\tests\cpp\test_atomic_file_windows.cpp(256): FAILED:
2026-10-08T11:53:52.3517063Z   CHECK( fs::is_symlink(alias) )
2026-10-08T11:53:52.3517302Z with expansion:
2026-10-08T11:53:52.3517479Z   false
2026-10-08T11:53:52.3517654Z with messages:
2026-10-08T11:53:52.3517899Z   CreateSymbolicLinkW error=0
2026-10-08T11:53:52.3518164Z   atomic write error=
2026-10-08T11:53:52.3518298Z 
2026-10-08T11:53:52.3518669Z D:\a\CaptureSuite\CaptureSuite\tests\cpp\test_atomic_file_windows.cpp(262): FAILED:
2026-10-08T11:53:52.3519215Z   CHECK( directory_entries(directory.path()) == expected )
2026-10-08T11:53:52.3519538Z with expansion:
2026-10-08T11:53:52.3519785Z   { "manifest.json", "raw.bin" }
2026-10-08T11:53:52.3520005Z   ==
2026-10-08T11:53:52.3520299Z   { "manifest.json", "manifest.json.tmp", "raw.bin" }
2026-10-08T11:53:52.3520596Z with messages:
2026-10-08T11:53:52.3520837Z   CreateSymbolicLinkW error=0
2026-10-08T11:53:52.3521096Z   atomic write error=
2026-10-08T11:53:52.3521229Z 
2026-10-08T11:53:52.3521474Z ===============================================================================
2026-10-08T11:53:52.3521840Z test cases:  1 |  0 passed | 1 failed
2026-10-08T11:53:52.3522158Z assertions: 30 | 25 passed | 5 failed
2026-10-08T11:53:52.3522328Z 
2026-10-08T11:53:52.3522334Z 
2026-10-08T11:53:52.3523287Z       Start  8: qpc_delta_to_ns round-trip sanity
2026-10-08T11:53:52.3651655Z  8/29 Test  #8: qpc_delta_to_ns round-trip sanity ...........................................   Passed    0.01 sec
2026-10-08T11:53:52.3653583Z       Start  9: multi-family sim records together with fault isolation
2026-10-08T11:53:53.2130977Z  9/29 Test  #9: multi-family sim records together with fault isolation ......................   Passed    0.85 sec
2026-10-08T11:53:53.2132528Z       Start 10: Windows atomic publication failure preserves a prior-target temp hardlink
2026-10-08T11:53:53.2352819Z 10/29 Test #10: Windows atomic publication failure preserves a prior-target temp hardlink ...***Failed    0.02 sec
2026-10-08T11:53:53.2353816Z Filters: "Windows atomic publication failure preserves a prior-target temp hardlink"
2026-10-08T11:53:53.2354374Z Randomness seeded to: 114400496
2026-10-08T11:53:53.2354552Z 
2026-10-08T11:53:53.2354859Z ~~~~~~~~~~~~~~~~~~~~~~~~~~~~~~~~~~~~~~~~~~~~~~~~~~~~~~~~~~~~~~~~~~~~~~~~~~~~~~~
2026-10-08T11:53:53.2355745Z capture_core_tests.exe is a Catch2 v3.10.0 host application.
2026-10-08T11:53:53.2356187Z Run with -? for options
2026-10-08T11:53:53.2356368Z 
2026-10-08T11:53:53.2356667Z -------------------------------------------------------------------------------
2026-10-08T11:53:53.2357303Z Windows atomic publication failure preserves a prior-target temp hardlink
2026-10-08T11:53:53.2357938Z -------------------------------------------------------------------------------
2026-10-08T11:53:53.2358550Z D:\a\CaptureSuite\CaptureSuite\tests\cpp\test_atomic_file_windows.cpp(161)
2026-10-08T11:53:53.2359160Z ...............................................................................
2026-10-08T11:53:53.2359411Z 
2026-10-08T11:53:53.2359834Z D:\a\CaptureSuite\CaptureSuite\tests\cpp\test_atomic_file_windows.cpp(185): FAILED:
2026-10-08T11:53:53.2360352Z   CHECK_FALSE( published )
2026-10-08T11:53:53.2360649Z with expansion:
2026-10-08T11:53:53.2360888Z   !true
2026-10-08T11:53:53.2361145Z with messages:
2026-10-08T11:53:53.2361440Z   held-target open error=0
2026-10-08T11:53:53.2361756Z   atomic write error=
2026-10-08T11:53:53.2361899Z 
2026-10-08T11:53:53.2362376Z D:\a\CaptureSuite\CaptureSuite\tests\cpp\test_atomic_file_windows.cpp(186): FAILED:
2026-10-08T11:53:53.2363036Z   CHECK_FALSE( error.empty() )
2026-10-08T11:53:53.2363338Z with expansion:
2026-10-08T11:53:53.2363577Z   !true
2026-10-08T11:53:53.2363809Z with messages:
2026-10-08T11:53:53.2364106Z   held-target open error=0
2026-10-08T11:53:53.2364410Z   atomic write error=
2026-10-08T11:53:53.2364552Z 
2026-10-08T11:53:53.2365207Z D:\a\CaptureSuite\CaptureSuite\tests\cpp\test_atomic_file_windows.cpp(187): FAILED:
2026-10-08T11:53:53.2365739Z   CHECK( contents(manifest) == prior )
2026-10-08T11:53:53.2366058Z with expansion:
2026-10-08T11:53:53.2366438Z   "{"state":"finalized","revision":2,"changed":true}
2026-10-08T11:53:53.2366759Z   "
2026-10-08T11:53:53.2366953Z   ==
2026-10-08T11:53:53.2367255Z   "{"state":"finalized","revision":1}
2026-10-08T11:53:53.2367569Z   "
2026-10-08T11:53:53.2367804Z with messages:
2026-10-08T11:53:53.2368097Z   held-target open error=0
2026-10-08T11:53:53.2368408Z   atomic write error=
2026-10-08T11:53:53.2368550Z 
2026-10-08T11:53:53.2368964Z D:\a\CaptureSuite\CaptureSuite\tests\cpp\test_atomic_file_windows.cpp(189): FAILED:
2026-10-08T11:53:53.2369510Z   CHECK( fs::exists(alias) )
2026-10-08T11:53:53.2369803Z with expansion:
2026-10-08T11:53:53.2370034Z   false
2026-10-08T11:53:53.2370269Z with messages:
2026-10-08T11:53:53.2370587Z   held-target open error=0
2026-10-08T11:53:53.2370902Z   atomic write error=
2026-10-08T11:53:53.2371043Z 
2026-10-08T11:53:53.2371433Z D:\a\CaptureSuite\CaptureSuite\tests\cpp\test_atomic_file_windows.cpp(195): FAILED:
2026-10-08T11:53:53.2372047Z   CHECK( directory_entries(directory.path()) == expected )
2026-10-08T11:53:53.2372438Z with expansion:
2026-10-08T11:53:53.2372709Z   { "manifest.json" }
2026-10-08T11:53:53.2372948Z   ==
2026-10-08T11:53:53.2373395Z   { "manifest.json", "manifest.json.tmp" }
2026-10-08T11:53:53.2373753Z with messages:
2026-10-08T11:53:53.2374043Z   held-target open error=0
2026-10-08T11:53:53.2374343Z   atomic write error=
2026-10-08T11:53:53.2374480Z 
2026-10-08T11:53:53.2374766Z ===============================================================================
2026-10-08T11:53:53.2375193Z test cases:  1 |  0 passed | 1 failed
2026-10-08T11:53:53.2375559Z assertions: 20 | 15 passed | 5 failed
2026-10-08T11:53:53.2375764Z 
2026-10-08T11:53:53.2375770Z 
2026-10-08T11:53:53.2376156Z       Start 11: Windows atomic write preserves a raw-file hardlink at the old temp name
2026-10-08T11:53:53.2602592Z 11/29 Test #11: Windows atomic write preserves a raw-file hardlink at the old temp name .....***Failed    0.02 sec
2026-10-08T11:53:53.2604086Z Filters: "Windows atomic write preserves a raw-file hardlink at the old temp name"
2026-10-08T11:53:53.2604603Z Randomness seeded to: 3376183089
2026-10-08T11:53:53.2604806Z 
2026-10-08T11:53:53.2605096Z ~~~~~~~~~~~~~~~~~~~~~~~~~~~~~~~~~~~~~~~~~~~~~~~~~~~~~~~~~~~~~~~~~~~~~~~~~~~~~~~
2026-10-08T11:53:53.2605889Z capture_core_tests.exe is a Catch2 v3.10.0 host application.
2026-10-08T11:53:53.2606416Z Run with -? for options
2026-10-08T11:53:53.2606557Z 
2026-10-08T11:53:53.2606849Z -------------------------------------------------------------------------------
2026-10-08T11:53:53.2607410Z Windows atomic write preserves a raw-file hardlink at the old temp name
2026-10-08T11:53:53.2607965Z -------------------------------------------------------------------------------
2026-10-08T11:53:53.2608564Z D:\a\CaptureSuite\CaptureSuite\tests\cpp\test_atomic_file_windows.cpp(130)
2026-10-08T11:53:53.2609110Z ...............................................................................
2026-10-08T11:53:53.2609347Z 
2026-10-08T11:53:53.2609731Z D:\a\CaptureSuite\CaptureSuite\tests\cpp\test_atomic_file_windows.cpp(147): FAILED:
2026-10-08T11:53:53.2610211Z   CHECK( contents(raw) == raw_bytes )
2026-10-08T11:53:53.2610482Z with expansion:
2026-10-08T11:53:53.2610742Z   "{"state":"finalized","new":true}
2026-10-08T11:53:53.2610971Z   "
2026-10-08T11:53:53.2611124Z   ==
2026-10-08T11:53:53.2611358Z   "authored sealed raw sentinel
2026-10-08T11:53:53.2611579Z   "
2026-10-08T11:53:53.2611753Z with message:
2026-10-08T11:53:53.2611977Z   atomic write error=
2026-10-08T11:53:53.2612109Z 
2026-10-08T11:53:53.2612481Z D:\a\CaptureSuite\CaptureSuite\tests\cpp\test_atomic_file_windows.cpp(150): FAILED:
2026-10-08T11:53:53.2613185Z   CHECK( file_identity(manifest) != raw_id )
2026-10-08T11:53:53.2613699Z with expansion:
2026-10-08T11:53:53.2614073Z   { 1692368384 (0x64df7e00), 262144 (0x40000), 1018488 (0xf8a78) }
2026-10-08T11:53:53.2614374Z   !=
2026-10-08T11:53:53.2614711Z   { 1692368384 (0x64df7e00), 262144 (0x40000), 1018488 (0xf8a78) }
2026-10-08T11:53:53.2615020Z with message:
2026-10-08T11:53:53.2615242Z   atomic write error=
2026-10-08T11:53:53.2615373Z 
2026-10-08T11:53:53.2615758Z D:\a\CaptureSuite\CaptureSuite\tests\cpp\test_atomic_file_windows.cpp(151): FAILED:
2026-10-08T11:53:53.2616240Z   CHECK( fs::exists(alias) )
2026-10-08T11:53:53.2616475Z with expansion:
2026-10-08T11:53:53.2616651Z   false
2026-10-08T11:53:53.2616825Z with message:
2026-10-08T11:53:53.2617047Z   atomic write error=
2026-10-08T11:53:53.2617188Z 
2026-10-08T11:53:53.2617887Z D:\a\CaptureSuite\CaptureSuite\tests\cpp\test_atomic_file_windows.cpp(157): FAILED:
2026-10-08T11:53:53.2618940Z   CHECK( directory_entries(directory.path()) == expected )
2026-10-08T11:53:53.2619534Z with expansion:
2026-10-08T11:53:53.2620005Z   { "manifest.json", "raw.bin" }
2026-10-08T11:53:53.2620397Z   ==
2026-10-08T11:53:53.2620922Z   { "manifest.json", "manifest.json.tmp", "raw.bin" }
2026-10-08T11:53:53.2621398Z with message:
2026-10-08T11:53:53.2621773Z   atomic write error=
2026-10-08T11:53:53.2622002Z 
2026-10-08T11:53:53.2622433Z ===============================================================================
2026-10-08T11:53:53.2623314Z test cases:  1 |  0 passed | 1 failed
2026-10-08T11:53:53.2623875Z assertions: 29 | 25 passed | 4 failed
2026-10-08T11:53:53.2624163Z 
2026-10-08T11:53:53.2624173Z 
2026-10-08T11:53:53.2624522Z       Start 12: source path to ready and record
2026-10-08T11:53:53.2755608Z 12/29 Test #12: source path to ready and record .............................................   Passed    0.01 sec
2026-10-08T11:53:53.2757620Z       Start 13: structured log emits required JSON fields
2026-10-08T11:53:53.2929702Z 13/29 Test #13: structured log emits required JSON fields ...................................   Passed    0.02 sec
2026-10-08T11:53:53.2931412Z       Start 14: illegal session transitions rejected
2026-10-08T11:53:53.3072910Z 14/29 Test #14: illegal session transitions rejected ........................................   Passed    0.01 sec
2026-10-08T11:53:53.3074733Z       Start 15: sim imu/emg mcap messages decode as schema protos
2026-10-08T11:53:54.1501622Z 15/29 Test #15: sim imu/emg mcap messages decode as schema protos ...........................   Passed    0.84 sec
2026-10-08T11:53:54.1503633Z       Start 16: job object kills worker on close
2026-10-08T11:53:54.1994954Z 16/29 Test #16: job object kills worker on close ............................................   Passed    0.05 sec
2026-10-08T11:53:54.1996959Z       Start 17: disconnect during recording stays recording with error
2026-10-08T11:53:54.2148735Z 17/29 Test #17: disconnect during recording stays recording with error ......................   Passed    0.01 sec
2026-10-08T11:53:54.2150712Z       Start 18: FrameDecoder reassembles split reads
2026-10-08T11:53:54.2303698Z 18/29 Test #18: FrameDecoder reassembles split reads ........................................   Passed    0.01 sec
2026-10-08T11:53:54.2305612Z       Start 19: arm timeout none returns to preparing
2026-10-08T11:53:54.2453286Z 19/29 Test #19: arm timeout none returns to preparing .......................................   Passed    0.01 sec
2026-10-08T11:53:54.2455366Z       Start 20: environment helper preserves values and absence
2026-10-08T11:53:54.2603727Z 20/29 Test #20: environment helper preserves values and absence .............................   Passed    0.01 sec
2026-10-08T11:53:54.2605609Z       Start 21: sim-only environment never exposes a physical camera source
2026-10-08T11:53:54.2794364Z 21/29 Test #21: sim-only environment never exposes a physical camera source .................   Passed    0.02 sec
2026-10-08T11:53:54.2796404Z       Start 22: SessionClock QPC frequency is positive
2026-10-08T11:53:54.2946988Z 22/29 Test #22: SessionClock QPC frequency is positive ......................................   Passed    0.01 sec
2026-10-08T11:53:54.2948968Z       Start 23: bad magic rejects frame
2026-10-08T11:53:54.3097884Z 23/29 Test #23: bad magic rejects frame .....................................................   Passed    0.01 sec
2026-10-08T11:53:54.3099785Z       Start 24: preview descriptors cover contract kinds
2026-10-08T11:53:54.3293382Z 24/29 Test #24: preview descriptors cover contract kinds ....................................   Passed    0.02 sec
2026-10-08T11:53:54.3295691Z       Start 25: atomic_write_text replaces existing file and leaves no temp
2026-10-08T11:53:54.3609471Z 25/29 Test #25: atomic_write_text replaces existing file and leaves no temp .................   Passed    0.03 sec
2026-10-08T11:53:54.3611816Z       Start 26: session happy path to finalized
2026-10-08T11:53:54.3770642Z 26/29 Test #26: session happy path to finalized .............................................   Passed    0.02 sec
2026-10-08T11:53:54.3772819Z       Start 27: Windows atomic write preserves an ordinary file at the old temp name
2026-10-08T11:53:54.4016182Z 27/29 Test #27: Windows atomic write preserves an ordinary file at the old temp name ........***Failed    0.02 sec
2026-10-08T11:53:54.4017038Z Filters: "Windows atomic write preserves an ordinary file at the old temp name"
2026-10-08T11:53:54.4017769Z Randomness seeded to: 2561554840
2026-10-08T11:53:54.4018051Z 
2026-10-08T11:53:54.4018543Z ~~~~~~~~~~~~~~~~~~~~~~~~~~~~~~~~~~~~~~~~~~~~~~~~~~~~~~~~~~~~~~~~~~~~~~~~~~~~~~~
2026-10-08T11:53:54.4019140Z capture_core_tests.exe is a Catch2 v3.10.0 host application.
2026-10-08T11:53:54.4019511Z Run with -? for options
2026-10-08T11:53:54.4019652Z 
2026-10-08T11:53:54.4019930Z -------------------------------------------------------------------------------
2026-10-08T11:53:54.4020478Z Windows atomic write preserves an ordinary file at the old temp name
2026-10-08T11:53:54.4021020Z -------------------------------------------------------------------------------
2026-10-08T11:53:54.4021627Z D:\a\CaptureSuite\CaptureSuite\tests\cpp\test_atomic_file_windows.cpp(199)
2026-10-08T11:53:54.4022187Z ...............................................................................
2026-10-08T11:53:54.4022424Z 
2026-10-08T11:53:54.4022806Z D:\a\CaptureSuite\CaptureSuite\tests\cpp\test_atomic_file_windows.cpp(214): FAILED:
2026-10-08T11:53:54.4023335Z   CHECK( file_identity(manifest) != sentinel_id )
2026-10-08T11:53:54.4023637Z with expansion:
2026-10-08T11:53:54.4024005Z   { 1692368384 (0x64df7e00), 262144 (0x40000), 1019168 (0xf8d20) }
2026-10-08T11:53:54.4024306Z   !=
2026-10-08T11:53:54.4024641Z   { 1692368384 (0x64df7e00), 262144 (0x40000), 1019168 (0xf8d20) }
2026-10-08T11:53:54.4024954Z with message:
2026-10-08T11:53:54.4037274Z   atomic write error=
2026-10-08T11:53:54.4037584Z 
2026-10-08T11:53:54.4038613Z D:\a\CaptureSuite\CaptureSuite\tests\cpp\test_atomic_file_windows.cpp(215): FAILED:
2026-10-08T11:53:54.4039482Z   CHECK( fs::exists(sentinel) )
2026-10-08T11:53:54.4039879Z with expansion:
2026-10-08T11:53:54.4040159Z   false
2026-10-08T11:53:54.4040463Z with message:
2026-10-08T11:53:54.4040711Z   atomic write error=
2026-10-08T11:53:54.4040855Z 
2026-10-08T11:53:54.4041252Z D:\a\CaptureSuite\CaptureSuite\tests\cpp\test_atomic_file_windows.cpp(221): FAILED:
2026-10-08T11:53:54.4041842Z   CHECK( directory_entries(directory.path()) == expected )
2026-10-08T11:53:54.4042169Z with expansion:
2026-10-08T11:53:54.4042407Z   { "manifest.json" }
2026-10-08T11:53:54.4042596Z   ==
2026-10-08T11:53:54.4042856Z   { "manifest.json", "manifest.json.tmp" }
2026-10-08T11:53:54.4043126Z with message:
2026-10-08T11:53:54.4043349Z   atomic write error=
2026-10-08T11:53:54.4043483Z 
2026-10-08T11:53:54.4043723Z ===============================================================================
2026-10-08T11:53:54.4044103Z test cases:  1 |  0 passed | 1 failed
2026-10-08T11:53:54.4044421Z assertions: 19 | 16 passed | 3 failed
2026-10-08T11:53:54.4044848Z 
2026-10-08T11:53:54.4044854Z 
2026-10-08T11:53:54.4045084Z       Start 28: encode/decode CSP1 frame round-trip
2026-10-08T11:53:54.4177780Z 28/29 Test #28: encode/decode CSP1 frame round-trip .........................................   Passed    0.02 sec
2026-10-08T11:53:54.4179683Z       Start 29: capture_session_doctor_portable
2026-10-08T11:53:54.5109645Z 29/29 Test #29: capture_session_doctor_portable .............................................   Passed    0.09 sec
2026-10-08T11:53:54.5116097Z 
2026-10-08T11:53:54.5116901Z 86% tests passed, 4 tests failed out of 29
2026-10-08T11:53:54.5117321Z 
2026-10-08T11:53:54.5117623Z Total Test time (real) =   4.24 sec
2026-10-08T11:53:54.5117951Z 
2026-10-08T11:53:54.5118212Z The following tests FAILED:
2026-10-08T11:53:54.5119301Z 	  7 - Windows atomic write preserves a raw-file symlink at the old temp name (Failed)
2026-10-08T11:53:54.5120755Z 	 10 - Windows atomic publication failure preserves a prior-target temp hardlink (Failed)
2026-10-08T11:53:54.5121527Z 	 11 - Windows atomic write preserves a raw-file hardlink at the old temp name (Failed)
2026-10-08T11:53:54.5122195Z 	 27 - Windows atomic write preserves an ordinary file at the old temp name (Failed)
2026-10-08T11:53:54.5135804Z Errors while running CTest
2026-10-08T11:53:54.6325496Z ##[error]Process completed with exit code 1.
2026-10-08T11:53:54.6511569Z ##[group]Run actions/upload-artifact@043fb46d1a93c77aae656e7c1c64a875d1fc6a0a
2026-10-08T11:53:54.6512021Z with:
2026-10-08T11:53:54.6512215Z   name: cpp-test-evidence
2026-10-08T11:53:54.6513297Z   path: build/evidence/warning-boundary-*/
build/evidence/native-*/
build/windows-release/vcpkg-manifest-install.log
build/windows-release/CMakeFiles/CMakeConfigureLog.yaml
build/windows-release/Testing/Temporary/*.log
build/windows-release/ctest-results.xml

2026-10-08T11:53:54.6514379Z   if-no-files-found: warn
2026-10-08T11:53:54.6514595Z   retention-days: 7
2026-10-08T11:53:54.6514806Z   compression-level: 6
2026-10-08T11:53:54.6514999Z   overwrite: false
2026-10-08T11:53:54.6515192Z   include-hidden-files: false
2026-10-08T11:53:54.6515406Z   archive: true
2026-10-08T11:53:54.6515575Z env:
2026-10-08T11:53:54.6515745Z   CommandPromptType: Native
2026-10-08T11:53:54.6516095Z   DevEnvDir: C:\Program Files\Microsoft Visual Studio\2022\Enterprise\Common7\IDE\
2026-10-08T11:53:54.6516647Z   ExtensionSdkDir: C:\Program Files (x86)\Microsoft SDKs\Windows Kits\10\ExtensionSDKs
2026-10-08T11:53:54.6519015Z   EXTERNAL_INCLUDE: C:\Program Files\Microsoft Visual Studio\2022\Enterprise\VC\Tools\MSVC\14.44.35207\include;C:\Program Files\Microsoft Visual Studio\2022\Enterprise\VC\Tools\MSVC\14.44.35207\ATLMFC\include;C:\Program Files\Microsoft Visual Studio\2022\Enterprise\VC\Auxiliary\VS\include;C:\Program Files (x86)\Windows Kits\10\include\10.0.26100.0\ucrt;C:\Program Files (x86)\Windows Kits\10\\include\10.0.26100.0\\um;C:\Program Files (x86)\Windows Kits\10\\include\10.0.26100.0\\shared;C:\Program Files (x86)\Windows Kits\10\\include\10.0.26100.0\\winrt;C:\Program Files (x86)\Windows Kits\10\\include\10.0.26100.0\\cppwinrt;C:\Program Files (x86)\Windows Kits\NETFXSDK\4.8\include\um
2026-10-08T11:53:54.6521244Z   Framework40Version: v4.0
2026-10-08T11:53:54.6521503Z   FrameworkDir: C:\Windows\Microsoft.NET\Framework64\
2026-10-08T11:53:54.6521845Z   FrameworkDir64: C:\Windows\Microsoft.NET\Framework64\
2026-10-08T11:53:54.6522139Z   FrameworkVersion: v4.0.30319
2026-10-08T11:53:54.6522366Z   FrameworkVersion64: v4.0.30319
2026-10-08T11:53:54.6522885Z   FSHARPINSTALLDIR: C:\Program Files\Microsoft Visual Studio\2022\Enterprise\Common7\IDE\CommonExtensions\Microsoft\FSharp\Tools
2026-10-08T11:53:54.6523485Z   HTMLHelpDir: C:\Program Files (x86)\HTML Help Workshop
2026-10-08T11:53:54.6523963Z   IFCPATH: C:\Program Files\Microsoft Visual Studio\2022\Enterprise\VC\Tools\MSVC\14.44.35207\ifc\x64
2026-10-08T11:53:54.6526320Z   INCLUDE: C:\Program Files\Microsoft Visual Studio\2022\Enterprise\VC\Tools\MSVC\14.44.35207\include;C:\Program Files\Microsoft Visual Studio\2022\Enterprise\VC\Tools\MSVC\14.44.35207\ATLMFC\include;C:\Program Files\Microsoft Visual Studio\2022\Enterprise\VC\Auxiliary\VS\include;C:\Program Files (x86)\Windows Kits\10\include\10.0.26100.0\ucrt;C:\Program Files (x86)\Windows Kits\10\\include\10.0.26100.0\\um;C:\Program Files (x86)\Windows Kits\10\\include\10.0.26100.0\\shared;C:\Program Files (x86)\Windows Kits\10\\include\10.0.26100.0\\winrt;C:\Program Files (x86)\Windows Kits\10\\include\10.0.26100.0\\cppwinrt;C:\Program Files (x86)\Windows Kits\NETFXSDK\4.8\include\um
2026-10-08T11:53:54.6528678Z   is_x64_arch: true
2026-10-08T11:53:54.6529890Z   LIB: C:\Program Files\Microsoft Visual Studio\2022\Enterprise\VC\Tools\MSVC\14.44.35207\ATLMFC\lib\x64;C:\Program Files\Microsoft Visual Studio\2022\Enterprise\VC\Tools\MSVC\14.44.35207\lib\x64;C:\Program Files (x86)\Windows Kits\NETFXSDK\4.8\lib\um\x64;C:\Program Files (x86)\Windows Kits\10\lib\10.0.26100.0\ucrt\x64;C:\Program Files (x86)\Windows Kits\10\\lib\10.0.26100.0\\um\x64
2026-10-08T11:53:54.6535075Z   LIBPATH: C:\Program Files\Microsoft Visual Studio\2022\Enterprise\VC\Tools\MSVC\14.44.35207\ATLMFC\lib\x64;C:\Program Files\Microsoft Visual Studio\2022\Enterprise\VC\Tools\MSVC\14.44.35207\lib\x64;C:\Program Files\Microsoft Visual Studio\2022\Enterprise\VC\Tools\MSVC\14.44.35207\lib\x86\store\references;C:\Program Files (x86)\Windows Kits\10\UnionMetadata\10.0.26100.0;C:\Program Files (x86)\Windows Kits\10\References\10.0.26100.0;C:\Windows\Microsoft.NET\Framework64\v4.0.30319
2026-10-08T11:53:54.6536863Z   NETFXSDKDir: C:\Program Files (x86)\Windows Kits\NETFXSDK\4.8\
2026-10-08T11:53:54.6552291Z   Path: C:\Program Files\Microsoft Visual Studio\2022\Enterprise\VC\Tools\MSVC\14.44.35207\bin\HostX64\x64;C:\Program Files\Microsoft Visual Studio\2022\Enterprise\Common7\IDE\VC\VCPackages;C:\Program Files\Microsoft Visual Studio\2022\Enterprise\Common7\IDE\CommonExtensions\Microsoft\TestWindow;C:\Program Files\Microsoft Visual Studio\2022\Enterprise\Common7\IDE\CommonExtensions\Microsoft\TeamFoundation\Team Explorer;C:\Program Files\Microsoft Visual Studio\2022\Enterprise\MSBuild\Current\bin\Roslyn;C:\Program Files (x86)\Microsoft SDKs\Windows\v10.0A\bin\NETFX 4.8 Tools\x64\;C:\Program Files (x86)\HTML Help Workshop;C:\Program Files\Microsoft Visual Studio\2022\Enterprise\Common7\IDE\CommonExtensions\Microsoft\FSharp\Tools;C:\Program Files\Microsoft Visual Studio\2022\Enterprise\Team Tools\DiagnosticsHub\Collector;C:\Program Files\Microsoft Visual Studio\2022\Enterprise\Common7\IDE\Extensions\Microsoft\CodeCoverage.Console;C:\Program Files\Microsoft Visual Studio\2022\Enterprise\VC\Tools\Llvm\x64\bin;C:\Program Files (x86)\Windows Kits\10\bin\10.0.26100.0\\x64;C:\Program Files (x86)\Windows Kits\10\bin\\x64;C:\Program Files\Microsoft Visual Studio\2022\Enterprise\\MSBuild\Current\Bin\amd64;C:\Windows\Microsoft.NET\Framework64\v4.0.30319;C:\Program Files\Microsoft Visual Studio\2022\Enterprise\Common7\IDE\;C:\Program Files\Microsoft Visual Studio\2022\Enterprise\Common7\Tools\;C:\Program Files\MongoDB\Server\7.0\bin;C:\aliyun-cli;C:\vcpkg;C:\Program Files (x86)\NSIS\;C:\tools\zstd;C:\Program Files\Mercurial\;C:\hostedtoolcache\windows\stack\3.11.1\x64;C:\cabal\bin;C:\\ghcup\bin;C:\mingw64\bin;C:\Program Files\dotnet;C:\Program Files\MySQL\MySQL Server 8.0\bin;C:\Program Files\R\R-4.6.1\bin\x64;C:\SeleniumWebDrivers\GeckoDriver;C:\SeleniumWebDrivers\EdgeDriver\;C:\SeleniumWebDrivers\ChromeDriver;C:\Program Files (x86)\sbt\bin;C:\Program Files (x86)\GitHub CLI;C:\Program Files\Git\bin;C:\Program Files (x86)\pipx_bin;C:\npm\prefix;C:\hostedtoolcache\windows\go\1.24.13\x64\bin;C:\hostedtoolcache\windows\Python\3.12.10\x64\Scripts;C:\hostedtoolcache\windows\Python\3.12.10\x64;C:\hostedtoolcache\windows\Ruby\3.3.12\x64\bin;C:\Program Files\OpenSSL\bin;C:\tools\kotlinc\bin;C:\hostedtoolcache\windows\Java_Temurin-Hotspot_jdk\8.0.504-1\x64\bin;C:\Program Files\ImageMagick-7.1.2-Q16-HDRI;C:\Program Files\Microsoft SDKs\Azure\CLI2\wbin;C:\ProgramData\kind;C:\ProgramData\Chocolatey\bin;C:\Windows\system32;C:\Windows;C:\Windows\System32\Wbem;C:\Windows\System32\WindowsPowerShell\v1.0\;C:\Windows\System32\OpenSSH\;C:\Program Files\dotnet\;C:\Program Files\PowerShell\7\;C:\Program Files\Microsoft\Web Platform Installer\;C:\Program Files\TortoiseSVN\bin;C:\Program Files\Microsoft SQL Server\Client SDK\ODBC\170\Tools\Binn\;C:\Program Files\Microsoft SQL Server\150\Tools\Binn\;C:\Program Files (x86)\Windows Kits\10\Windows Performance Toolkit\;C:\Program Files (x86)\WiX Toolset v3.14\bin;C:\Program Files\Microsoft SQL Server\130\DTS\Binn\;C:\Program Files\Microsoft SQL Server\140\DTS\Binn\;C:\Program Files\Microsoft SQL Server\150\DTS\Binn\;C:\Program Files\Microsoft SQL Server\160\DTS\Binn\;C:\Program Files\Microsoft SQL Server\170\DTS\Binn\;C:\Strawberry\c\bin;C:\Strawberry\perl\site\bin;C:\Strawberry\perl\bin;C:\ProgramData\chocolatey\lib\pulumi\tools\Pulumi\bin;C:\Program Files\CMake\bin;C:\ProgramData\chocolatey\lib\maven\apache-maven-3.9.16\bin;C:\Program Files\Microsoft Service Fabric\bin\Fabric\Fabric.Code;C:\Program Files\Microsoft SDKs\Service Fabric\Tools\ServiceFabricLocalClusterManager;C:\Program Files\nodejs\;C:\Program Files\Git\cmd;C:\Program Files\Git\mingw64\bin;C:\Program Files\Git\usr\bin;C:\Program Files\GitHub CLI\;c:\tools\php;C:\Program Files\Amazon\AWSCLIV2\;C:\Program Files\Amazon\SessionManagerPlugin\bin\;C:\Program Files\Amazon\AWSSAMCLI\bin\;C:\Program Files\Microsoft SQL Server\130\Tools\Binn\;C:\Program Files\mongosh\;C:\Program Files\LLVM\bin;C:\Program Files (x86)\LLVM\bin;C:\Users\runneradmin\.dotnet\tools;C:\Users\runneradmin\.cargo\bin;C:\Users\runneradmin\AppData\Local\Microsoft\WindowsApps;C:\Program Files (x86)\Microsoft Visual Studio\Installer;C:\Program Files\Microsoft Visual Studio\2022\Enterprise\Common7\IDE\CommonExtensions\Microsoft\CMake\CMake\bin;C:\Program Files\Microsoft Visual Studio\2022\Enterprise\Common7\IDE\CommonExtensions\Microsoft\CMake\Ninja;C:\Program Files\Microsoft Visual Studio\2022\Enterprise\Common7\IDE\VC\Linux\bin\ConnectionManagerExe;C:\Program Files\Microsoft Visual Studio\2022\Enterprise\VC\vcpkg
2026-10-08T11:53:54.6567485Z   Platform: x64
2026-10-08T11:53:54.6567672Z   UCRTVersion: 10.0.26100.0
2026-10-08T11:53:54.6567960Z   UniversalCRTSdkDir: C:\Program Files (x86)\Windows Kits\10\
2026-10-08T11:53:54.6568438Z   VCIDEInstallDir: C:\Program Files\Microsoft Visual Studio\2022\Enterprise\Common7\IDE\VC\
2026-10-08T11:53:54.6569026Z   VCINSTALLDIR: C:\Program Files\Microsoft Visual Studio\2022\Enterprise\VC\
2026-10-08T11:53:54.6569426Z   VCPKG_ROOT: D:\a\CaptureSuite\CaptureSuite\vcpkg
2026-10-08T11:53:54.6569907Z   VCToolsInstallDir: C:\Program Files\Microsoft Visual Studio\2022\Enterprise\VC\Tools\MSVC\14.44.35207\
2026-10-08T11:53:54.6570554Z   VCToolsRedistDir: C:\Program Files\Microsoft Visual Studio\2022\Enterprise\VC\Redist\MSVC\14.44.35112\
2026-10-08T11:53:54.6571008Z   VCToolsVersion: 14.44.35207
2026-10-08T11:53:54.6571235Z   VisualStudioVersion: 17.0
2026-10-08T11:53:54.6571602Z   VS170COMNTOOLS: C:\Program Files\Microsoft Visual Studio\2022\Enterprise\Common7\Tools\
2026-10-08T11:53:54.6572008Z   VSCMD_ARG_app_plat: Desktop
2026-10-08T11:53:54.6572220Z   VSCMD_ARG_HOST_ARCH: x64
2026-10-08T11:53:54.6572423Z   VSCMD_ARG_TGT_ARCH: x64
2026-10-08T11:53:54.6572619Z   VSCMD_VER: 17.14.41
2026-10-08T11:53:54.6572911Z   VSINSTALLDIR: C:\Program Files\Microsoft Visual Studio\2022\Enterprise\
2026-10-08T11:53:54.6573390Z   VSSDK150INSTALL: C:\Program Files\Microsoft Visual Studio\2022\Enterprise\VSSDK
2026-10-08T11:53:54.6573872Z   VSSDKINSTALL: C:\Program Files\Microsoft Visual Studio\2022\Enterprise\VSSDK
2026-10-08T11:53:54.6574559Z   WindowsLibPath: C:\Program Files (x86)\Windows Kits\10\UnionMetadata\10.0.26100.0;C:\Program Files (x86)\Windows Kits\10\References\10.0.26100.0
2026-10-08T11:53:54.6575204Z   WindowsSdkBinPath: C:\Program Files (x86)\Windows Kits\10\bin\
2026-10-08T11:53:54.6575576Z   WindowsSdkDir: C:\Program Files (x86)\Windows Kits\10\
2026-10-08T11:53:54.6575967Z   WindowsSDKLibVersion: 10.0.26100.0\
2026-10-08T11:53:54.6576324Z   WindowsSdkVerBinPath: C:\Program Files (x86)\Windows Kits\10\bin\10.0.26100.0\
2026-10-08T11:53:54.6576708Z   WindowsSDKVersion: 10.0.26100.0\
2026-10-08T11:53:54.6577150Z   WindowsSDK_ExecutablePath_x64: C:\Program Files (x86)\Microsoft SDKs\Windows\v10.0A\bin\NETFX 4.8 Tools\x64\
2026-10-08T11:53:54.6577813Z   WindowsSDK_ExecutablePath_x86: C:\Program Files (x86)\Microsoft SDKs\Windows\v10.0A\bin\NETFX 4.8 Tools\
2026-10-08T11:53:54.6578253Z   __DOTNET_ADD_64BIT: 1
2026-10-08T11:53:54.6578458Z   __DOTNET_PREFERRED_BITNESS: 64
2026-10-08T11:53:54.6587573Z   __VSCMD_PREINIT_PATH: C:\Program Files\MongoDB\Server\7.0\bin;C:\aliyun-cli;C:\vcpkg;C:\Program Files (x86)\NSIS\;C:\tools\zstd;C:\Program Files\Mercurial\;C:\hostedtoolcache\windows\stack\3.11.1\x64;C:\cabal\bin;C:\\ghcup\bin;C:\mingw64\bin;C:\Program Files\dotnet;C:\Program Files\MySQL\MySQL Server 8.0\bin;C:\Program Files\R\R-4.6.1\bin\x64;C:\SeleniumWebDrivers\GeckoDriver;C:\SeleniumWebDrivers\EdgeDriver\;C:\SeleniumWebDrivers\ChromeDriver;C:\Program Files (x86)\sbt\bin;C:\Program Files (x86)\GitHub CLI;C:\Program Files\Git\bin;C:\Program Files (x86)\pipx_bin;C:\npm\prefix;C:\hostedtoolcache\windows\go\1.24.13\x64\bin;C:\hostedtoolcache\windows\Python\3.12.10\x64\Scripts;C:\hostedtoolcache\windows\Python\3.12.10\x64;C:\hostedtoolcache\windows\Ruby\3.3.12\x64\bin;C:\Program Files\OpenSSL\bin;C:\tools\kotlinc\bin;C:\hostedtoolcache\windows\Java_Temurin-Hotspot_jdk\8.0.504-1\x64\bin;C:\Program Files\ImageMagick-7.1.2-Q16-HDRI;C:\Program Files\Microsoft SDKs\Azure\CLI2\wbin;C:\ProgramData\kind;C:\ProgramData\Chocolatey\bin;C:\Windows\system32;C:\Windows;C:\Windows\System32\Wbem;C:\Windows\System32\WindowsPowerShell\v1.0\;C:\Windows\System32\OpenSSH\;C:\Program Files\dotnet\;C:\Program Files\PowerShell\7\;C:\Program Files\Microsoft\Web Platform Installer\;C:\Program Files\TortoiseSVN\bin;C:\Program Files\Microsoft SQL Server\Client SDK\ODBC\170\Tools\Binn\;C:\Program Files\Microsoft SQL Server\150\Tools\Binn\;C:\Program Files (x86)\Windows Kits\10\Windows Performance Toolkit\;C:\Program Files (x86)\WiX Toolset v3.14\bin;C:\Program Files\Microsoft SQL Server\130\DTS\Binn\;C:\Program Files\Microsoft SQL Server\140\DTS\Binn\;C:\Program Files\Microsoft SQL Server\150\DTS\Binn\;C:\Program Files\Microsoft SQL Server\160\DTS\Binn\;C:\Program Files\Microsoft SQL Server\170\DTS\Binn\;C:\Strawberry\c\bin;C:\Strawberry\perl\site\bin;C:\Strawberry\perl\bin;C:\ProgramData\chocolatey\lib\pulumi\tools\Pulumi\bin;C:\Program Files\CMake\bin;C:\ProgramData\chocolatey\lib\maven\apache-maven-3.9.16\bin;C:\Program Files\Microsoft Service Fabric\bin\Fabric\Fabric.Code;C:\Program Files\Microsoft SDKs\Service Fabric\Tools\ServiceFabricLocalClusterManager;C:\Program Files\nodejs\;C:\Program Files\Git\cmd;C:\Program Files\Git\mingw64\bin;C:\Program Files\Git\usr\bin;C:\Program Files\GitHub CLI\;c:\tools\php;C:\Program Files (x86)\sbt\bin;C:\Program Files\Amazon\AWSCLIV2\;C:\Program Files\Amazon\SessionManagerPlugin\bin\;C:\Program Files\Amazon\AWSSAMCLI\bin\;C:\Program Files\Microsoft SQL Server\130\Tools\Binn\;C:\Program Files\mongosh\;C:\Program Files\LLVM\bin;C:\Program Files (x86)\LLVM\bin;C:\Users\runneradmin\.dotnet\tools;C:\Users\runneradmin\.cargo\bin;C:\Users\runneradmin\AppData\Local\Microsoft\WindowsApps;C:\Program Files (x86)\Microsoft Visual Studio\Installer
2026-10-08T11:53:54.6597158Z   VCPKG_DEFAULT_BINARY_CACHE: D:/a/CaptureSuite/CaptureSuite/969f6665-88a2-4c98-938e-ca9259871fec/vcpkg_cache
2026-10-08T11:53:54.6597658Z   VCPKG_BINARY_SOURCES: clear;x-gha,readwrite
2026-10-08T11:53:54.6597985Z   RUNVCPKG_VCPKG_ROOT: D:\a\CaptureSuite\CaptureSuite\vcpkg
2026-10-08T11:53:54.6598303Z ##[endgroup]
2026-10-08T11:53:54.8650545Z Multiple search paths detected. Calculating the least common ancestor of all paths
2026-10-08T11:53:54.8655350Z The least common ancestor is D:\a\CaptureSuite\CaptureSuite\build. This will be the root directory of the artifact
2026-10-08T11:53:54.8656028Z With the provided path, there will be 55 files uploaded
2026-10-08T11:53:54.8661292Z Artifact name is valid!
2026-10-08T11:53:54.8663171Z Root directory input is valid!
2026-10-08T11:53:55.2201068Z Uploading artifact: cpp-test-evidence.zip
2026-10-08T11:53:55.2250964Z Beginning upload of artifact content to blob storage
2026-10-08T11:53:55.7163466Z Uploaded bytes 236095
2026-10-08T11:53:55.7733131Z Finished uploading artifact content to blob storage!
2026-10-08T11:53:55.7734525Z SHA256 digest of uploaded artifact is e14e12eb0c52b6b9cffb11446bffcbaca12aabae2982e0921fa98a6339f0cc65
2026-10-08T11:53:55.7735531Z Finalizing artifact upload
2026-10-08T11:53:56.1255617Z Artifact cpp-test-evidence successfully finalized. Artifact ID 11548323852
2026-10-08T11:53:56.1256714Z Artifact cpp-test-evidence has been successfully uploaded! Final size is 236095 bytes. Artifact ID is 11548323852
2026-10-08T11:53:56.1262537Z Artifact download URL: https://github.com/Jacob-Met/CaptureSuite/actions/runs/37770868596/artifacts/11548323852
2026-10-08T11:53:56.1570887Z Post job cleanup.
2026-10-08T11:53:56.3712639Z [command]"C:\Program Files\Git\bin\git.exe" version
2026-10-08T11:53:56.3933805Z git version 2.55.0.windows.5
2026-10-08T11:53:56.3991489Z Temporarily overriding HOME='D:\a\_temp\1171b664-1fc4-4d11-a48e-d977ed63e86f' before making global git config changes
2026-10-08T11:53:56.3993056Z Adding repository directory to the temporary git global config as a safe directory
2026-10-08T11:53:56.4005986Z [command]"C:\Program Files\Git\bin\git.exe" config --global --add safe.directory D:\a\CaptureSuite\CaptureSuite
2026-10-08T11:53:56.4256920Z [command]"C:\Program Files\Git\bin\git.exe" config --local --name-only --get-regexp core\.sshCommand
2026-10-08T11:53:56.4524406Z [command]"C:\Program Files\Git\bin\git.exe" submodule foreach --recursive "sh -c \"git config --local --name-only --get-regexp 'core\.sshCommand' && git config --local --unset-all 'core.sshCommand' || :\""
2026-10-08T11:53:56.9583080Z [command]"C:\Program Files\Git\bin\git.exe" config --local --name-only --get-regexp http\.https\:\/\/github\.com\/\.extraheader
2026-10-08T11:53:56.9794862Z http.https://github.com/.extraheader
2026-10-08T11:53:56.9832597Z [command]"C:\Program Files\Git\bin\git.exe" config --local --unset-all http.https://github.com/.extraheader
2026-10-08T11:53:57.0083623Z [command]"C:\Program Files\Git\bin\git.exe" submodule foreach --recursive "sh -c \"git config --local --name-only --get-regexp 'http\.https\:\/\/github\.com\/\.extraheader' && git config --local --unset-all 'http.https://github.com/.extraheader' || :\""
2026-10-08T11:53:57.5060641Z [command]"C:\Program Files\Git\bin\git.exe" config --local --name-only --get-regexp ^includeIf\.gitdir:
2026-10-08T11:53:57.5313014Z [command]"C:\Program Files\Git\bin\git.exe" submodule foreach --recursive "git config --local --show-origin --name-only --get-regexp remote.origin.url"
2026-10-08T11:53:58.0386592Z Cleaning up orphan processes
2026-10-08T11:53:58.0923128Z Terminate orphan process: pid (5060) (vctip)
2026-10-08T11:53:58.1023806Z Terminate orphan process: pid (4548) (mspdbsrv)
2026-10-08T11:53:58.1036598Z ##[warning]Node.js 20 is deprecated. The following actions target Node.js 20 but are being forced to run on Node.js 24: actions/checkout@v4, ilammy/msvc-dev-cmd@v1. For more information see: https://github.blog/changelog/2025-09-19-deprecation-of-node-20-on-github-actions-runners/
