2026-10-08T11:42:26.2278693Z Current runner version: '2.337.0'
2026-10-08T11:42:26.2299725Z ##[group]Runner Image Provisioner
2026-10-08T11:42:26.2300348Z Hosted Compute Agent
2026-10-08T11:42:26.2300767Z Version: 20261002.596
2026-10-08T11:42:26.2301221Z Commit: c3d12f3313a95f25162a1503be624f3b0617f8c0
2026-10-08T11:42:26.2301749Z Build Date: 2026-10-02T22:28:27Z
2026-10-08T11:42:26.2302260Z Worker ID: {359e1ec1-8721-4a48-94d9-3c7bab50d494}
2026-10-08T11:42:26.2302773Z Region: westus3
2026-10-08T11:42:26.2303149Z Cloud: Azure
2026-10-08T11:42:26.2303524Z ##[endgroup]
2026-10-08T11:42:26.2304509Z ##[group]Operating System
2026-10-08T11:42:26.2304956Z Microsoft Windows Server 2022
2026-10-08T11:42:26.2305404Z 10.0.20348
2026-10-08T11:42:26.2305786Z Datacenter
2026-10-08T11:42:26.2306158Z ##[endgroup]
2026-10-08T11:42:26.2306545Z ##[group]Runner Image
2026-10-08T11:42:26.2306979Z Image: windows-2022
2026-10-08T11:42:26.2307402Z Version: 20261004.326.1
2026-10-08T11:42:26.2308503Z Included Software: https://github.com/actions/runner-images/blob/win22/20261004.326/images/windows/Windows2022-Readme.md
2026-10-08T11:42:26.2309645Z Image Release: https://github.com/actions/runner-images/releases/tag/win22%2F20261004.326
2026-10-08T11:42:26.2310340Z ##[endgroup]
2026-10-08T11:42:26.2311254Z ##[group]GITHUB_TOKEN Permissions
2026-10-08T11:42:26.2312957Z Contents: read
2026-10-08T11:42:26.2313408Z Metadata: read
2026-10-08T11:42:26.2313814Z Packages: read
2026-10-08T11:42:26.2314195Z ##[endgroup]
2026-10-08T11:42:26.2315845Z Secret source: Actions
2026-10-08T11:42:26.2316517Z Cache mode: write
2026-10-08T11:42:26.2317049Z Prepare workflow directory
2026-10-08T11:42:26.2577820Z Prepare all required actions
2026-10-08T11:42:26.2618507Z Getting action download info
2026-10-08T11:42:26.6280142Z Download action repository 'actions/checkout@v4' (SHA:11d5960a326750d5838078e36cf38b85af677262)
2026-10-08T11:42:26.7209917Z Download action repository 'ilammy/msvc-dev-cmd@v1' (SHA:0b201ec74fa43914dc39ae48a89fd1d8cb592756)
2026-10-08T11:42:27.2146379Z Download action repository 'lukka/run-vcpkg@v11' (SHA:b1a0dd252f06b9e25b3c022a9a03bd7a427fb6a2)
2026-10-08T11:42:27.8041754Z Download action repository 'actions/setup-python@v5' (SHA:a26af69be951a213d495a4c3e4e4022e16d87065)
2026-10-08T11:42:27.9735641Z Download action repository 'actions/upload-artifact@043fb46d1a93c77aae656e7c1c64a875d1fc6a0a' (SHA:043fb46d1a93c77aae656e7c1c64a875d1fc6a0a)
2026-10-08T11:42:28.4712976Z Complete job name: cmake
2026-10-08T11:42:28.7047957Z ##[group]Run actions/checkout@v4
2026-10-08T11:42:28.7048855Z with:
2026-10-08T11:42:28.7049192Z   repository: Jacob-Met/CaptureSuite
2026-10-08T11:42:28.7051443Z   token: ***
2026-10-08T11:42:28.7051746Z   ssh-strict: true
2026-10-08T11:42:28.7052065Z   ssh-user: git
2026-10-08T11:42:28.7052373Z   persist-credentials: true
2026-10-08T11:42:28.7052689Z   clean: true
2026-10-08T11:42:28.7053015Z   sparse-checkout-cone-mode: true
2026-10-08T11:42:28.7053376Z   fetch-depth: 1
2026-10-08T11:42:28.7053687Z   fetch-tags: false
2026-10-08T11:42:28.7054005Z   show-progress: true
2026-10-08T11:42:28.7054286Z   lfs: false
2026-10-08T11:42:28.7054578Z   submodules: false
2026-10-08T11:42:28.7054877Z   set-safe-directory: true
2026-10-08T11:42:28.7055217Z   allow-unsafe-pr-checkout: false
2026-10-08T11:42:28.7055733Z ##[endgroup]
2026-10-08T11:42:29.0380371Z Syncing repository: Jacob-Met/CaptureSuite
2026-10-08T11:42:29.0381610Z ##[group]Getting Git version info
2026-10-08T11:42:29.0381995Z Working directory is 'D:\a\CaptureSuite\CaptureSuite'
2026-10-08T11:42:29.0982056Z [command]"C:\Program Files\Git\bin\git.exe" version
2026-10-08T11:42:29.5571487Z git version 2.56.0.windows.1
2026-10-08T11:42:29.5604413Z ##[endgroup]
2026-10-08T11:42:29.5618893Z Temporarily overriding HOME='D:\a\_temp\f4d4efa6-c9ec-4dcd-933d-5a5bf1d6f0a2' before making global git config changes
2026-10-08T11:42:29.5619536Z Adding repository directory to the temporary git global config as a safe directory
2026-10-08T11:42:29.5627475Z [command]"C:\Program Files\Git\bin\git.exe" config --global --add safe.directory D:\a\CaptureSuite\CaptureSuite
2026-10-08T11:42:29.6211728Z Deleting the contents of 'D:\a\CaptureSuite\CaptureSuite'
2026-10-08T11:42:29.6215528Z ##[group]Initializing the repository
2026-10-08T11:42:29.6223252Z [command]"C:\Program Files\Git\bin\git.exe" init D:\a\CaptureSuite\CaptureSuite
2026-10-08T11:42:29.7464507Z Initialized empty Git repository in D:/a/CaptureSuite/CaptureSuite/.git/
2026-10-08T11:42:29.7500165Z [command]"C:\Program Files\Git\bin\git.exe" remote add origin https://github.com/Jacob-Met/CaptureSuite
2026-10-08T11:42:29.8081060Z ##[endgroup]
2026-10-08T11:42:29.8081477Z ##[group]Disabling automatic garbage collection
2026-10-08T11:42:29.8088634Z [command]"C:\Program Files\Git\bin\git.exe" config --local gc.auto 0
2026-10-08T11:42:29.8329399Z ##[endgroup]
2026-10-08T11:42:29.8329780Z ##[group]Setting up auth
2026-10-08T11:42:29.8339599Z [command]"C:\Program Files\Git\bin\git.exe" config --local --name-only --get-regexp core\.sshCommand
2026-10-08T11:42:29.8597210Z [command]"C:\Program Files\Git\bin\git.exe" submodule foreach --recursive "sh -c \"git config --local --name-only --get-regexp 'core\.sshCommand' && git config --local --unset-all 'core.sshCommand' || :\""
2026-10-08T11:42:31.5644869Z [command]"C:\Program Files\Git\bin\git.exe" config --local --name-only --get-regexp http\.https\:\/\/github\.com\/\.extraheader
2026-10-08T11:42:31.5889161Z [command]"C:\Program Files\Git\bin\git.exe" submodule foreach --recursive "sh -c \"git config --local --name-only --get-regexp 'http\.https\:\/\/github\.com\/\.extraheader' && git config --local --unset-all 'http.https://github.com/.extraheader' || :\""
2026-10-08T11:42:31.9901672Z [command]"C:\Program Files\Git\bin\git.exe" config --local --name-only --get-regexp ^includeIf\.gitdir:
2026-10-08T11:42:32.0153880Z [command]"C:\Program Files\Git\bin\git.exe" submodule foreach --recursive "git config --local --show-origin --name-only --get-regexp remote.origin.url"
2026-10-08T11:42:32.4583198Z [command]"C:\Program Files\Git\bin\git.exe" config --local http.https://github.com/.extraheader "AUTHORIZATION: basic ***"
2026-10-08T11:42:32.4826912Z ##[endgroup]
2026-10-08T11:42:32.4827272Z ##[group]Fetching the repository
2026-10-08T11:42:32.4839708Z [command]"C:\Program Files\Git\bin\git.exe" -c protocol.version=2 fetch --no-tags --prune --no-recurse-submodules --depth=1 origin +2f070f27390018ed5ac3945d75c7df4fb6a4278e:refs/remotes/pull/52/merge
2026-10-08T11:42:33.9782037Z From https://github.com/Jacob-Met/CaptureSuite
2026-10-08T11:42:33.9782567Z  * [new ref]         2f070f27390018ed5ac3945d75c7df4fb6a4278e -> pull/52/merge
2026-10-08T11:42:33.9811506Z ##[endgroup]
2026-10-08T11:42:33.9812037Z ##[group]Determining the checkout info
2026-10-08T11:42:33.9813215Z ##[endgroup]
2026-10-08T11:42:33.9820670Z [command]"C:\Program Files\Git\bin\git.exe" sparse-checkout disable
2026-10-08T11:42:34.0204373Z [command]"C:\Program Files\Git\bin\git.exe" config --local --unset-all extensions.worktreeConfig
2026-10-08T11:42:34.0447338Z ##[group]Checking out the ref
2026-10-08T11:42:34.0447803Z [command]"C:\Program Files\Git\bin\git.exe" checkout --progress --force refs/remotes/pull/52/merge
2026-10-08T11:42:34.1963391Z Note: switching to 'refs/remotes/pull/52/merge'.
2026-10-08T11:42:34.1963638Z 
2026-10-08T11:42:34.1963868Z You are in 'detached HEAD' state. You can look around, make experimental
2026-10-08T11:42:34.1964392Z changes and commit them, and you can discard any commits you make in this
2026-10-08T11:42:34.1964750Z state without impacting any branches by switching back to a branch.
2026-10-08T11:42:34.1964964Z 
2026-10-08T11:42:34.1965104Z If you want to create a new branch to retain commits you create, you may
2026-10-08T11:42:34.1965434Z do so (now or later) by using -c with the switch command. Example:
2026-10-08T11:42:34.1965627Z 
2026-10-08T11:42:34.1965770Z   git switch -c <new-branch-name>
2026-10-08T11:42:34.1965909Z 
2026-10-08T11:42:34.1966702Z Or undo this operation with:
2026-10-08T11:42:34.1966873Z 
2026-10-08T11:42:34.1966964Z   git switch -
2026-10-08T11:42:34.1967052Z 
2026-10-08T11:42:34.1967216Z Turn off this advice by setting config variable advice.detachedHead to false
2026-10-08T11:42:34.1967439Z 
2026-10-08T11:42:34.1967773Z HEAD is now at 2f070f2 Merge 62c56178820e4248bc4013c21f33f44cc1dce2fe into 72c15d6b623e217291a824e4e4808a385df896a9
2026-10-08T11:42:34.2020356Z ##[endgroup]
2026-10-08T11:42:34.2355533Z [command]"C:\Program Files\Git\bin\git.exe" log -1 --format=%H
2026-10-08T11:42:34.2578210Z 2f070f27390018ed5ac3945d75c7df4fb6a4278e
2026-10-08T11:42:34.2886656Z ##[group]Run ilammy/msvc-dev-cmd@v1
2026-10-08T11:42:34.2886944Z with:
2026-10-08T11:42:34.2887092Z   arch: x64
2026-10-08T11:42:34.2887240Z ##[endgroup]
2026-10-08T11:42:34.8184025Z Found with vswhere: C:\Program Files\Microsoft Visual Studio\2022\Enterprise\VC\Auxiliary\Build\vcvarsall.bat
2026-10-08T11:42:42.3500296Z ##[group]Environment variables
2026-10-08T11:42:42.3500702Z Setting CommandPromptType
2026-10-08T11:42:42.3507888Z Setting DevEnvDir
2026-10-08T11:42:42.3510504Z Setting ExtensionSdkDir
2026-10-08T11:42:42.3512503Z Setting EXTERNAL_INCLUDE
2026-10-08T11:42:42.3516183Z Setting Framework40Version
2026-10-08T11:42:42.3518102Z Setting FrameworkDir
2026-10-08T11:42:42.3519875Z Setting FrameworkDir64
2026-10-08T11:42:42.3521642Z Setting FrameworkVersion
2026-10-08T11:42:42.3523452Z Setting FrameworkVersion64
2026-10-08T11:42:42.3525874Z Setting FSHARPINSTALLDIR
2026-10-08T11:42:42.3528619Z Setting HTMLHelpDir
2026-10-08T11:42:42.3530639Z Setting IFCPATH
2026-10-08T11:42:42.3532588Z Setting INCLUDE
2026-10-08T11:42:42.3535075Z Setting is_x64_arch
2026-10-08T11:42:42.3536818Z Setting LIB
2026-10-08T11:42:42.3538538Z Setting LIBPATH
2026-10-08T11:42:42.3540565Z Setting NETFXSDKDir
2026-10-08T11:42:42.3542537Z Setting Path
2026-10-08T11:42:42.3544896Z Setting Platform
2026-10-08T11:42:42.3546959Z Setting UCRTVersion
2026-10-08T11:42:42.3548669Z Setting UniversalCRTSdkDir
2026-10-08T11:42:42.3550349Z Setting VCIDEInstallDir
2026-10-08T11:42:42.3551687Z Setting VCINSTALLDIR
2026-10-08T11:42:42.3552957Z Setting VCPKG_ROOT
2026-10-08T11:42:42.3554199Z Setting VCToolsInstallDir
2026-10-08T11:42:42.3555405Z Setting VCToolsRedistDir
2026-10-08T11:42:42.3556811Z Setting VCToolsVersion
2026-10-08T11:42:42.3558100Z Setting VisualStudioVersion
2026-10-08T11:42:42.3559273Z Setting VS170COMNTOOLS
2026-10-08T11:42:42.3560787Z Setting VSCMD_ARG_app_plat
2026-10-08T11:42:42.3562367Z Setting VSCMD_ARG_HOST_ARCH
2026-10-08T11:42:42.3564136Z Setting VSCMD_ARG_TGT_ARCH
2026-10-08T11:42:42.3565810Z Setting VSCMD_VER
2026-10-08T11:42:42.3567558Z Setting VSINSTALLDIR
2026-10-08T11:42:42.3569076Z Setting VSSDK150INSTALL
2026-10-08T11:42:42.3570515Z Setting VSSDKINSTALL
2026-10-08T11:42:42.3571961Z Setting WindowsLibPath
2026-10-08T11:42:42.3574005Z Setting WindowsSdkBinPath
2026-10-08T11:42:42.3575382Z Setting WindowsSdkDir
2026-10-08T11:42:42.3576533Z Setting WindowsSDKLibVersion
2026-10-08T11:42:42.3577722Z Setting WindowsSdkVerBinPath
2026-10-08T11:42:42.3578905Z Setting WindowsSDKVersion
2026-10-08T11:42:42.3580086Z Setting WindowsSDK_ExecutablePath_x64
2026-10-08T11:42:42.3581237Z Setting WindowsSDK_ExecutablePath_x86
2026-10-08T11:42:42.3582462Z Setting __DOTNET_ADD_64BIT
2026-10-08T11:42:42.3583751Z Setting __DOTNET_PREFERRED_BITNESS
2026-10-08T11:42:42.3584894Z Setting __VSCMD_PREINIT_PATH
2026-10-08T11:42:42.3587239Z ##[endgroup]
2026-10-08T11:42:42.3587501Z Configured Developer Command Prompt
2026-10-08T11:42:42.3788684Z ##[group]Run python tools/check_cpp_warning_boundary.py
2026-10-08T11:42:42.3789090Z [36;1mpython tools/check_cpp_warning_boundary.py[0m
2026-10-08T11:42:42.3884876Z shell: C:\Program Files\PowerShell\7\pwsh.EXE -command ". '{0}'"
2026-10-08T11:42:42.3885177Z env:
2026-10-08T11:42:42.3885345Z   CommandPromptType: Native
2026-10-08T11:42:42.3885638Z   DevEnvDir: C:\Program Files\Microsoft Visual Studio\2022\Enterprise\Common7\IDE\
2026-10-08T11:42:42.3886239Z   ExtensionSdkDir: C:\Program Files (x86)\Microsoft SDKs\Windows Kits\10\ExtensionSDKs
2026-10-08T11:42:42.3888029Z   EXTERNAL_INCLUDE: C:\Program Files\Microsoft Visual Studio\2022\Enterprise\VC\Tools\MSVC\14.44.35207\include;C:\Program Files\Microsoft Visual Studio\2022\Enterprise\VC\Tools\MSVC\14.44.35207\ATLMFC\include;C:\Program Files\Microsoft Visual Studio\2022\Enterprise\VC\Auxiliary\VS\include;C:\Program Files (x86)\Windows Kits\10\include\10.0.26100.0\ucrt;C:\Program Files (x86)\Windows Kits\10\\include\10.0.26100.0\\um;C:\Program Files (x86)\Windows Kits\10\\include\10.0.26100.0\\shared;C:\Program Files (x86)\Windows Kits\10\\include\10.0.26100.0\\winrt;C:\Program Files (x86)\Windows Kits\10\\include\10.0.26100.0\\cppwinrt;C:\Program Files (x86)\Windows Kits\NETFXSDK\4.8\include\um
2026-10-08T11:42:42.3889652Z   Framework40Version: v4.0
2026-10-08T11:42:42.3889860Z   FrameworkDir: C:\Windows\Microsoft.NET\Framework64\
2026-10-08T11:42:42.3890129Z   FrameworkDir64: C:\Windows\Microsoft.NET\Framework64\
2026-10-08T11:42:42.3890361Z   FrameworkVersion: v4.0.30319
2026-10-08T11:42:42.3890553Z   FrameworkVersion64: v4.0.30319
2026-10-08T11:42:42.3890945Z   FSHARPINSTALLDIR: C:\Program Files\Microsoft Visual Studio\2022\Enterprise\Common7\IDE\CommonExtensions\Microsoft\FSharp\Tools
2026-10-08T11:42:42.3891390Z   HTMLHelpDir: C:\Program Files (x86)\HTML Help Workshop
2026-10-08T11:42:42.3891763Z   IFCPATH: C:\Program Files\Microsoft Visual Studio\2022\Enterprise\VC\Tools\MSVC\14.44.35207\ifc\x64
2026-10-08T11:42:42.3893475Z   INCLUDE: C:\Program Files\Microsoft Visual Studio\2022\Enterprise\VC\Tools\MSVC\14.44.35207\include;C:\Program Files\Microsoft Visual Studio\2022\Enterprise\VC\Tools\MSVC\14.44.35207\ATLMFC\include;C:\Program Files\Microsoft Visual Studio\2022\Enterprise\VC\Auxiliary\VS\include;C:\Program Files (x86)\Windows Kits\10\include\10.0.26100.0\ucrt;C:\Program Files (x86)\Windows Kits\10\\include\10.0.26100.0\\um;C:\Program Files (x86)\Windows Kits\10\\include\10.0.26100.0\\shared;C:\Program Files (x86)\Windows Kits\10\\include\10.0.26100.0\\winrt;C:\Program Files (x86)\Windows Kits\10\\include\10.0.26100.0\\cppwinrt;C:\Program Files (x86)\Windows Kits\NETFXSDK\4.8\include\um
2026-10-08T11:42:42.3895051Z   is_x64_arch: true
2026-10-08T11:42:42.3895946Z   LIB: C:\Program Files\Microsoft Visual Studio\2022\Enterprise\VC\Tools\MSVC\14.44.35207\ATLMFC\lib\x64;C:\Program Files\Microsoft Visual Studio\2022\Enterprise\VC\Tools\MSVC\14.44.35207\lib\x64;C:\Program Files (x86)\Windows Kits\NETFXSDK\4.8\lib\um\x64;C:\Program Files (x86)\Windows Kits\10\lib\10.0.26100.0\ucrt\x64;C:\Program Files (x86)\Windows Kits\10\\lib\10.0.26100.0\\um\x64
2026-10-08T11:42:42.3897860Z   LIBPATH: C:\Program Files\Microsoft Visual Studio\2022\Enterprise\VC\Tools\MSVC\14.44.35207\ATLMFC\lib\x64;C:\Program Files\Microsoft Visual Studio\2022\Enterprise\VC\Tools\MSVC\14.44.35207\lib\x64;C:\Program Files\Microsoft Visual Studio\2022\Enterprise\VC\Tools\MSVC\14.44.35207\lib\x86\store\references;C:\Program Files (x86)\Windows Kits\10\UnionMetadata\10.0.26100.0;C:\Program Files (x86)\Windows Kits\10\References\10.0.26100.0;C:\Windows\Microsoft.NET\Framework64\v4.0.30319
2026-10-08T11:42:42.3899083Z   NETFXSDKDir: C:\Program Files (x86)\Windows Kits\NETFXSDK\4.8\
2026-10-08T11:42:42.3911975Z   Path: C:\Program Files\Microsoft Visual Studio\2022\Enterprise\VC\Tools\MSVC\14.44.35207\bin\HostX64\x64;C:\Program Files\Microsoft Visual Studio\2022\Enterprise\Common7\IDE\VC\VCPackages;C:\Program Files\Microsoft Visual Studio\2022\Enterprise\Common7\IDE\CommonExtensions\Microsoft\TestWindow;C:\Program Files\Microsoft Visual Studio\2022\Enterprise\Common7\IDE\CommonExtensions\Microsoft\TeamFoundation\Team Explorer;C:\Program Files\Microsoft Visual Studio\2022\Enterprise\MSBuild\Current\bin\Roslyn;C:\Program Files (x86)\Microsoft SDKs\Windows\v10.0A\bin\NETFX 4.8 Tools\x64\;C:\Program Files (x86)\HTML Help Workshop;C:\Program Files\Microsoft Visual Studio\2022\Enterprise\Common7\IDE\CommonExtensions\Microsoft\FSharp\Tools;C:\Program Files\Microsoft Visual Studio\2022\Enterprise\Team Tools\DiagnosticsHub\Collector;C:\Program Files\Microsoft Visual Studio\2022\Enterprise\Common7\IDE\Extensions\Microsoft\CodeCoverage.Console;C:\Program Files\Microsoft Visual Studio\2022\Enterprise\VC\Tools\Llvm\x64\bin;C:\Program Files (x86)\Windows Kits\10\bin\10.0.26100.0\\x64;C:\Program Files (x86)\Windows Kits\10\bin\\x64;C:\Program Files\Microsoft Visual Studio\2022\Enterprise\\MSBuild\Current\Bin\amd64;C:\Windows\Microsoft.NET\Framework64\v4.0.30319;C:\Program Files\Microsoft Visual Studio\2022\Enterprise\Common7\IDE\;C:\Program Files\Microsoft Visual Studio\2022\Enterprise\Common7\Tools\;C:\Program Files\MongoDB\Server\7.0\bin;C:\aliyun-cli;C:\vcpkg;C:\Program Files (x86)\NSIS\;C:\tools\zstd;C:\Program Files\Mercurial\;C:\hostedtoolcache\windows\stack\3.11.1\x64;C:\cabal\bin;C:\\ghcup\bin;C:\mingw64\bin;C:\Program Files\dotnet;C:\Program Files\MySQL\MySQL Server 8.0\bin;C:\Program Files\R\R-4.6.1\bin\x64;C:\SeleniumWebDrivers\GeckoDriver;C:\SeleniumWebDrivers\EdgeDriver\;C:\SeleniumWebDrivers\ChromeDriver;C:\Program Files (x86)\sbt\bin;C:\Program Files (x86)\GitHub CLI;C:\Program Files\Git\bin;C:\Program Files (x86)\pipx_bin;C:\npm\prefix;C:\hostedtoolcache\windows\go\1.24.13\x64\bin;C:\hostedtoolcache\windows\Python\3.12.10\x64\Scripts;C:\hostedtoolcache\windows\Python\3.12.10\x64;C:\hostedtoolcache\windows\Ruby\3.3.12\x64\bin;C:\Program Files\OpenSSL\bin;C:\tools\kotlinc\bin;C:\hostedtoolcache\windows\Java_Temurin-Hotspot_jdk\8.0.504-1\x64\bin;C:\Program Files\ImageMagick-7.1.2-Q16-HDRI;C:\Program Files\Microsoft SDKs\Azure\CLI2\wbin;C:\ProgramData\kind;C:\ProgramData\Chocolatey\bin;C:\Windows\system32;C:\Windows;C:\Windows\System32\Wbem;C:\Windows\System32\WindowsPowerShell\v1.0\;C:\Windows\System32\OpenSSH\;C:\Program Files\dotnet\;C:\Program Files\PowerShell\7\;C:\Program Files\Microsoft\Web Platform Installer\;C:\Program Files\TortoiseSVN\bin;C:\Program Files\Microsoft SQL Server\Client SDK\ODBC\170\Tools\Binn\;C:\Program Files\Microsoft SQL Server\150\Tools\Binn\;C:\Program Files (x86)\Windows Kits\10\Windows Performance Toolkit\;C:\Program Files (x86)\WiX Toolset v3.14\bin;C:\Program Files\Microsoft SQL Server\130\DTS\Binn\;C:\Program Files\Microsoft SQL Server\140\DTS\Binn\;C:\Program Files\Microsoft SQL Server\150\DTS\Binn\;C:\Program Files\Microsoft SQL Server\160\DTS\Binn\;C:\Program Files\Microsoft SQL Server\170\DTS\Binn\;C:\Strawberry\c\bin;C:\Strawberry\perl\site\bin;C:\Strawberry\perl\bin;C:\ProgramData\chocolatey\lib\pulumi\tools\Pulumi\bin;C:\Program Files\CMake\bin;C:\ProgramData\chocolatey\lib\maven\apache-maven-3.9.16\bin;C:\Program Files\Microsoft Service Fabric\bin\Fabric\Fabric.Code;C:\Program Files\Microsoft SDKs\Service Fabric\Tools\ServiceFabricLocalClusterManager;C:\Program Files\nodejs\;C:\Program Files\Git\cmd;C:\Program Files\Git\ucrt64\bin;C:\Program Files\Git\usr\bin;C:\Program Files\GitHub CLI\;c:\tools\php;C:\Program Files\Amazon\AWSCLIV2\;C:\Program Files\Amazon\SessionManagerPlugin\bin\;C:\Program Files\Amazon\AWSSAMCLI\bin\;C:\Program Files\Microsoft SQL Server\130\Tools\Binn\;C:\Program Files\mongosh\;C:\Program Files\LLVM\bin;C:\Program Files (x86)\LLVM\bin;C:\Users\runneradmin\.dotnet\tools;C:\Users\runneradmin\.cargo\bin;C:\Users\runneradmin\AppData\Local\Microsoft\WindowsApps;C:\Program Files (x86)\Microsoft Visual Studio\Installer;C:\Program Files\Microsoft Visual Studio\2022\Enterprise\Common7\IDE\CommonExtensions\Microsoft\CMake\CMake\bin;C:\Program Files\Microsoft Visual Studio\2022\Enterprise\Common7\IDE\CommonExtensions\Microsoft\CMake\Ninja;C:\Program Files\Microsoft Visual Studio\2022\Enterprise\Common7\IDE\VC\Linux\bin\ConnectionManagerExe;C:\Program Files\Microsoft Visual Studio\2022\Enterprise\VC\vcpkg
2026-10-08T11:42:42.3923101Z   Platform: x64
2026-10-08T11:42:42.3923256Z   UCRTVersion: 10.0.26100.0
2026-10-08T11:42:42.3923494Z   UniversalCRTSdkDir: C:\Program Files (x86)\Windows Kits\10\
2026-10-08T11:42:42.3923864Z   VCIDEInstallDir: C:\Program Files\Microsoft Visual Studio\2022\Enterprise\Common7\IDE\VC\
2026-10-08T11:42:42.3924664Z   VCINSTALLDIR: C:\Program Files\Microsoft Visual Studio\2022\Enterprise\VC\
2026-10-08T11:42:42.3925025Z   VCPKG_ROOT: C:\Program Files\Microsoft Visual Studio\2022\Enterprise\VC\vcpkg
2026-10-08T11:42:42.3925449Z   VCToolsInstallDir: C:\Program Files\Microsoft Visual Studio\2022\Enterprise\VC\Tools\MSVC\14.44.35207\
2026-10-08T11:42:42.3925938Z   VCToolsRedistDir: C:\Program Files\Microsoft Visual Studio\2022\Enterprise\VC\Redist\MSVC\14.44.35112\
2026-10-08T11:42:42.3926280Z   VCToolsVersion: 14.44.35207
2026-10-08T11:42:42.3926461Z   VisualStudioVersion: 17.0
2026-10-08T11:42:42.3926748Z   VS170COMNTOOLS: C:\Program Files\Microsoft Visual Studio\2022\Enterprise\Common7\Tools\
2026-10-08T11:42:42.3927059Z   VSCMD_ARG_app_plat: Desktop
2026-10-08T11:42:42.3927228Z   VSCMD_ARG_HOST_ARCH: x64
2026-10-08T11:42:42.3927394Z   VSCMD_ARG_TGT_ARCH: x64
2026-10-08T11:42:42.3927551Z   VSCMD_VER: 17.14.41
2026-10-08T11:42:42.3927787Z   VSINSTALLDIR: C:\Program Files\Microsoft Visual Studio\2022\Enterprise\
2026-10-08T11:42:42.3928159Z   VSSDK150INSTALL: C:\Program Files\Microsoft Visual Studio\2022\Enterprise\VSSDK
2026-10-08T11:42:42.3928532Z   VSSDKINSTALL: C:\Program Files\Microsoft Visual Studio\2022\Enterprise\VSSDK
2026-10-08T11:42:42.3929049Z   WindowsLibPath: C:\Program Files (x86)\Windows Kits\10\UnionMetadata\10.0.26100.0;C:\Program Files (x86)\Windows Kits\10\References\10.0.26100.0
2026-10-08T11:42:42.3929536Z   WindowsSdkBinPath: C:\Program Files (x86)\Windows Kits\10\bin\
2026-10-08T11:42:42.3929834Z   WindowsSdkDir: C:\Program Files (x86)\Windows Kits\10\
2026-10-08T11:42:42.3930071Z   WindowsSDKLibVersion: 10.0.26100.0\
2026-10-08T11:42:42.3930350Z   WindowsSdkVerBinPath: C:\Program Files (x86)\Windows Kits\10\bin\10.0.26100.0\
2026-10-08T11:42:42.3930641Z   WindowsSDKVersion: 10.0.26100.0\
2026-10-08T11:42:42.3930986Z   WindowsSDK_ExecutablePath_x64: C:\Program Files (x86)\Microsoft SDKs\Windows\v10.0A\bin\NETFX 4.8 Tools\x64\
2026-10-08T11:42:42.3931525Z   WindowsSDK_ExecutablePath_x86: C:\Program Files (x86)\Microsoft SDKs\Windows\v10.0A\bin\NETFX 4.8 Tools\
2026-10-08T11:42:42.3931864Z   __DOTNET_ADD_64BIT: 1
2026-10-08T11:42:42.3932027Z   __DOTNET_PREFERRED_BITNESS: 64
2026-10-08T11:42:42.3938720Z   __VSCMD_PREINIT_PATH: C:\Program Files\MongoDB\Server\7.0\bin;C:\aliyun-cli;C:\vcpkg;C:\Program Files (x86)\NSIS\;C:\tools\zstd;C:\Program Files\Mercurial\;C:\hostedtoolcache\windows\stack\3.11.1\x64;C:\cabal\bin;C:\\ghcup\bin;C:\mingw64\bin;C:\Program Files\dotnet;C:\Program Files\MySQL\MySQL Server 8.0\bin;C:\Program Files\R\R-4.6.1\bin\x64;C:\SeleniumWebDrivers\GeckoDriver;C:\SeleniumWebDrivers\EdgeDriver\;C:\SeleniumWebDrivers\ChromeDriver;C:\Program Files (x86)\sbt\bin;C:\Program Files (x86)\GitHub CLI;C:\Program Files\Git\bin;C:\Program Files (x86)\pipx_bin;C:\npm\prefix;C:\hostedtoolcache\windows\go\1.24.13\x64\bin;C:\hostedtoolcache\windows\Python\3.12.10\x64\Scripts;C:\hostedtoolcache\windows\Python\3.12.10\x64;C:\hostedtoolcache\windows\Ruby\3.3.12\x64\bin;C:\Program Files\OpenSSL\bin;C:\tools\kotlinc\bin;C:\hostedtoolcache\windows\Java_Temurin-Hotspot_jdk\8.0.504-1\x64\bin;C:\Program Files\ImageMagick-7.1.2-Q16-HDRI;C:\Program Files\Microsoft SDKs\Azure\CLI2\wbin;C:\ProgramData\kind;C:\ProgramData\Chocolatey\bin;C:\Windows\system32;C:\Windows;C:\Windows\System32\Wbem;C:\Windows\System32\WindowsPowerShell\v1.0\;C:\Windows\System32\OpenSSH\;C:\Program Files\dotnet\;C:\Program Files\PowerShell\7\;C:\Program Files\Microsoft\Web Platform Installer\;C:\Program Files\TortoiseSVN\bin;C:\Program Files\Microsoft SQL Server\Client SDK\ODBC\170\Tools\Binn\;C:\Program Files\Microsoft SQL Server\150\Tools\Binn\;C:\Program Files (x86)\Windows Kits\10\Windows Performance Toolkit\;C:\Program Files (x86)\WiX Toolset v3.14\bin;C:\Program Files\Microsoft SQL Server\130\DTS\Binn\;C:\Program Files\Microsoft SQL Server\140\DTS\Binn\;C:\Program Files\Microsoft SQL Server\150\DTS\Binn\;C:\Program Files\Microsoft SQL Server\160\DTS\Binn\;C:\Program Files\Microsoft SQL Server\170\DTS\Binn\;C:\Strawberry\c\bin;C:\Strawberry\perl\site\bin;C:\Strawberry\perl\bin;C:\ProgramData\chocolatey\lib\pulumi\tools\Pulumi\bin;C:\Program Files\CMake\bin;C:\ProgramData\chocolatey\lib\maven\apache-maven-3.9.16\bin;C:\Program Files\Microsoft Service Fabric\bin\Fabric\Fabric.Code;C:\Program Files\Microsoft SDKs\Service Fabric\Tools\ServiceFabricLocalClusterManager;C:\Program Files\nodejs\;C:\Program Files\Git\cmd;C:\Program Files\Git\ucrt64\bin;C:\Program Files\Git\usr\bin;C:\Program Files\GitHub CLI\;c:\tools\php;C:\Program Files (x86)\sbt\bin;C:\Program Files\Amazon\AWSCLIV2\;C:\Program Files\Amazon\SessionManagerPlugin\bin\;C:\Program Files\Amazon\AWSSAMCLI\bin\;C:\Program Files\Microsoft SQL Server\130\Tools\Binn\;C:\Program Files\mongosh\;C:\Program Files\LLVM\bin;C:\Program Files (x86)\LLVM\bin;C:\Users\runneradmin\.dotnet\tools;C:\Users\runneradmin\.cargo\bin;C:\Users\runneradmin\AppData\Local\Microsoft\WindowsApps;C:\Program Files (x86)\Microsoft Visual Studio\Installer
2026-10-08T11:42:42.3945496Z ##[endgroup]
2026-10-08T11:42:55.0664013Z configure 0
2026-10-08T11:42:55.0664269Z control 0
2026-10-08T11:42:55.0664459Z generated_header 0
2026-10-08T11:42:55.0664682Z env_helper 0
2026-10-08T11:42:55.0664879Z owned_conversion 2
2026-10-08T11:42:55.0665089Z {
2026-10-08T11:42:55.0665272Z   "accepted": true,
2026-10-08T11:42:55.0665475Z   "checks": [
2026-10-08T11:42:55.0665664Z     {
2026-10-08T11:42:55.0665853Z       "name": "configure",
2026-10-08T11:42:55.0666106Z       "exit": 0,
2026-10-08T11:42:55.0666557Z       "log_sha256": "d2fef8d7dc8be956834be6f9c5de08b749740f4b415d6636a646c104e937781b"
2026-10-08T11:42:55.0667027Z     },
2026-10-08T11:42:55.0667201Z     {
2026-10-08T11:42:55.0667385Z       "name": "control",
2026-10-08T11:42:55.0667606Z       "exit": 0,
2026-10-08T11:42:55.0667980Z       "log_sha256": "bc6ca21f48df1f560a1da6626d81dfa199eb547a03f3dc971b405a4a64480f21"
2026-10-08T11:42:55.0668404Z     },
2026-10-08T11:42:55.0668583Z     {
2026-10-08T11:42:55.0668769Z       "name": "generated_header",
2026-10-08T11:42:55.0669011Z       "exit": 0,
2026-10-08T11:42:55.0669359Z       "log_sha256": "c8ddc251839c140e950cb730b26f0c87c556a2ad91b1bc4bc2e8fdb6b5b15aa2"
2026-10-08T11:42:55.0669776Z     },
2026-10-08T11:42:55.0669942Z     {
2026-10-08T11:42:55.0670115Z       "name": "env_helper",
2026-10-08T11:42:55.0670334Z       "exit": 0,
2026-10-08T11:42:55.0670694Z       "log_sha256": "8d41e1f5b45d82e7c845874ae3e736ebe9924cba7e1af30e830d111ca50b8f3e"
2026-10-08T11:42:55.0671128Z     },
2026-10-08T11:42:55.0671299Z     {
2026-10-08T11:42:55.0671489Z       "name": "owned_conversion",
2026-10-08T11:42:55.0671730Z       "exit": 2,
2026-10-08T11:42:55.0672054Z       "log_sha256": "52d57d264c253f9a31306b520f3213a97ae294bdf67123e704a5b190c9027006"
2026-10-08T11:42:55.0672480Z     }
2026-10-08T11:42:55.0672641Z   ],
2026-10-08T11:42:55.0672843Z   "deprecated_env_access": [],
2026-10-08T11:42:55.0673331Z   "scope": "Owned MSVC portability plus generated-header warning boundary; owned C4267 remains fatal"
2026-10-08T11:42:55.0673874Z }
2026-10-08T11:42:55.1920134Z ##[group]Run lukka/run-vcpkg@v11
2026-10-08T11:42:55.1920383Z with:
2026-10-08T11:42:55.1920588Z   vcpkgDirectory: D:\a\CaptureSuite\CaptureSuite/vcpkg
2026-10-08T11:42:55.1920876Z   vcpkgGitCommitId: 4334d8b4c8916018600212ab4dd4bbdc343065d1
2026-10-08T11:42:55.1921129Z   runVcpkgInstall: false
2026-10-08T11:42:55.1921353Z   vcpkgGitURL: https://github.com/microsoft/vcpkg.git
2026-10-08T11:42:55.1921598Z   doNotUpdateVcpkg: false
2026-10-08T11:42:55.1934966Z   doNotCache: true
2026-10-08T11:42:55.1935176Z   vcpkgJsonGlob: **/vcpkg.json
2026-10-08T11:42:55.1935381Z   vcpkgJsonIgnores: ['**/vcpkg/**']
2026-10-08T11:42:55.1935643Z   vcpkgConfigurationJsonGlob: **/vcpkg-configuration.json
2026-10-08T11:42:55.1936191Z   runVcpkgFormatString: [`install`, `--recurse`, `--clean-after-build`, `--x-install-root`, `$[env.VCPKG_INSTALLED_DIR]`, `--triplet`, `$[env.VCPKG_DEFAULT_TRIPLET]`]
2026-10-08T11:42:55.1936883Z   useShell: true
2026-10-08T11:42:55.1937280Z   logCollectionRegExps: \s*"(.+CMakeOutput\.log)"\.\s*;\s*"(.+CMakeError\.log)"\.\s*;\s*(.+out\.log)\s*;\s+(.+err\.log)\s*;\s*(.+vcpkg.+\.log)\s*
2026-10-08T11:42:55.1937683Z env:
2026-10-08T11:42:55.1937826Z   CommandPromptType: Native
2026-10-08T11:42:55.1938101Z   DevEnvDir: C:\Program Files\Microsoft Visual Studio\2022\Enterprise\Common7\IDE\
2026-10-08T11:42:55.1938493Z   ExtensionSdkDir: C:\Program Files (x86)\Microsoft SDKs\Windows Kits\10\ExtensionSDKs
2026-10-08T11:42:55.1940237Z   EXTERNAL_INCLUDE: C:\Program Files\Microsoft Visual Studio\2022\Enterprise\VC\Tools\MSVC\14.44.35207\include;C:\Program Files\Microsoft Visual Studio\2022\Enterprise\VC\Tools\MSVC\14.44.35207\ATLMFC\include;C:\Program Files\Microsoft Visual Studio\2022\Enterprise\VC\Auxiliary\VS\include;C:\Program Files (x86)\Windows Kits\10\include\10.0.26100.0\ucrt;C:\Program Files (x86)\Windows Kits\10\\include\10.0.26100.0\\um;C:\Program Files (x86)\Windows Kits\10\\include\10.0.26100.0\\shared;C:\Program Files (x86)\Windows Kits\10\\include\10.0.26100.0\\winrt;C:\Program Files (x86)\Windows Kits\10\\include\10.0.26100.0\\cppwinrt;C:\Program Files (x86)\Windows Kits\NETFXSDK\4.8\include\um
2026-10-08T11:42:55.1941869Z   Framework40Version: v4.0
2026-10-08T11:42:55.1942072Z   FrameworkDir: C:\Windows\Microsoft.NET\Framework64\
2026-10-08T11:42:55.1942330Z   FrameworkDir64: C:\Windows\Microsoft.NET\Framework64\
2026-10-08T11:42:55.1942555Z   FrameworkVersion: v4.0.30319
2026-10-08T11:42:55.1942733Z   FrameworkVersion64: v4.0.30319
2026-10-08T11:42:55.1943128Z   FSHARPINSTALLDIR: C:\Program Files\Microsoft Visual Studio\2022\Enterprise\Common7\IDE\CommonExtensions\Microsoft\FSharp\Tools
2026-10-08T11:42:55.1943576Z   HTMLHelpDir: C:\Program Files (x86)\HTML Help Workshop
2026-10-08T11:42:55.1943930Z   IFCPATH: C:\Program Files\Microsoft Visual Studio\2022\Enterprise\VC\Tools\MSVC\14.44.35207\ifc\x64
2026-10-08T11:42:55.1945642Z   INCLUDE: C:\Program Files\Microsoft Visual Studio\2022\Enterprise\VC\Tools\MSVC\14.44.35207\include;C:\Program Files\Microsoft Visual Studio\2022\Enterprise\VC\Tools\MSVC\14.44.35207\ATLMFC\include;C:\Program Files\Microsoft Visual Studio\2022\Enterprise\VC\Auxiliary\VS\include;C:\Program Files (x86)\Windows Kits\10\include\10.0.26100.0\ucrt;C:\Program Files (x86)\Windows Kits\10\\include\10.0.26100.0\\um;C:\Program Files (x86)\Windows Kits\10\\include\10.0.26100.0\\shared;C:\Program Files (x86)\Windows Kits\10\\include\10.0.26100.0\\winrt;C:\Program Files (x86)\Windows Kits\10\\include\10.0.26100.0\\cppwinrt;C:\Program Files (x86)\Windows Kits\NETFXSDK\4.8\include\um
2026-10-08T11:42:55.1947279Z   is_x64_arch: true
2026-10-08T11:42:55.1949288Z   LIB: C:\Program Files\Microsoft Visual Studio\2022\Enterprise\VC\Tools\MSVC\14.44.35207\ATLMFC\lib\x64;C:\Program Files\Microsoft Visual Studio\2022\Enterprise\VC\Tools\MSVC\14.44.35207\lib\x64;C:\Program Files (x86)\Windows Kits\NETFXSDK\4.8\lib\um\x64;C:\Program Files (x86)\Windows Kits\10\lib\10.0.26100.0\ucrt\x64;C:\Program Files (x86)\Windows Kits\10\\lib\10.0.26100.0\\um\x64
2026-10-08T11:42:55.1951271Z   LIBPATH: C:\Program Files\Microsoft Visual Studio\2022\Enterprise\VC\Tools\MSVC\14.44.35207\ATLMFC\lib\x64;C:\Program Files\Microsoft Visual Studio\2022\Enterprise\VC\Tools\MSVC\14.44.35207\lib\x64;C:\Program Files\Microsoft Visual Studio\2022\Enterprise\VC\Tools\MSVC\14.44.35207\lib\x86\store\references;C:\Program Files (x86)\Windows Kits\10\UnionMetadata\10.0.26100.0;C:\Program Files (x86)\Windows Kits\10\References\10.0.26100.0;C:\Windows\Microsoft.NET\Framework64\v4.0.30319
2026-10-08T11:42:55.1952511Z   NETFXSDKDir: C:\Program Files (x86)\Windows Kits\NETFXSDK\4.8\
2026-10-08T11:42:55.1963800Z   Path: C:\Program Files\Microsoft Visual Studio\2022\Enterprise\VC\Tools\MSVC\14.44.35207\bin\HostX64\x64;C:\Program Files\Microsoft Visual Studio\2022\Enterprise\Common7\IDE\VC\VCPackages;C:\Program Files\Microsoft Visual Studio\2022\Enterprise\Common7\IDE\CommonExtensions\Microsoft\TestWindow;C:\Program Files\Microsoft Visual Studio\2022\Enterprise\Common7\IDE\CommonExtensions\Microsoft\TeamFoundation\Team Explorer;C:\Program Files\Microsoft Visual Studio\2022\Enterprise\MSBuild\Current\bin\Roslyn;C:\Program Files (x86)\Microsoft SDKs\Windows\v10.0A\bin\NETFX 4.8 Tools\x64\;C:\Program Files (x86)\HTML Help Workshop;C:\Program Files\Microsoft Visual Studio\2022\Enterprise\Common7\IDE\CommonExtensions\Microsoft\FSharp\Tools;C:\Program Files\Microsoft Visual Studio\2022\Enterprise\Team Tools\DiagnosticsHub\Collector;C:\Program Files\Microsoft Visual Studio\2022\Enterprise\Common7\IDE\Extensions\Microsoft\CodeCoverage.Console;C:\Program Files\Microsoft Visual Studio\2022\Enterprise\VC\Tools\Llvm\x64\bin;C:\Program Files (x86)\Windows Kits\10\bin\10.0.26100.0\\x64;C:\Program Files (x86)\Windows Kits\10\bin\\x64;C:\Program Files\Microsoft Visual Studio\2022\Enterprise\\MSBuild\Current\Bin\amd64;C:\Windows\Microsoft.NET\Framework64\v4.0.30319;C:\Program Files\Microsoft Visual Studio\2022\Enterprise\Common7\IDE\;C:\Program Files\Microsoft Visual Studio\2022\Enterprise\Common7\Tools\;C:\Program Files\MongoDB\Server\7.0\bin;C:\aliyun-cli;C:\vcpkg;C:\Program Files (x86)\NSIS\;C:\tools\zstd;C:\Program Files\Mercurial\;C:\hostedtoolcache\windows\stack\3.11.1\x64;C:\cabal\bin;C:\\ghcup\bin;C:\mingw64\bin;C:\Program Files\dotnet;C:\Program Files\MySQL\MySQL Server 8.0\bin;C:\Program Files\R\R-4.6.1\bin\x64;C:\SeleniumWebDrivers\GeckoDriver;C:\SeleniumWebDrivers\EdgeDriver\;C:\SeleniumWebDrivers\ChromeDriver;C:\Program Files (x86)\sbt\bin;C:\Program Files (x86)\GitHub CLI;C:\Program Files\Git\bin;C:\Program Files (x86)\pipx_bin;C:\npm\prefix;C:\hostedtoolcache\windows\go\1.24.13\x64\bin;C:\hostedtoolcache\windows\Python\3.12.10\x64\Scripts;C:\hostedtoolcache\windows\Python\3.12.10\x64;C:\hostedtoolcache\windows\Ruby\3.3.12\x64\bin;C:\Program Files\OpenSSL\bin;C:\tools\kotlinc\bin;C:\hostedtoolcache\windows\Java_Temurin-Hotspot_jdk\8.0.504-1\x64\bin;C:\Program Files\ImageMagick-7.1.2-Q16-HDRI;C:\Program Files\Microsoft SDKs\Azure\CLI2\wbin;C:\ProgramData\kind;C:\ProgramData\Chocolatey\bin;C:\Windows\system32;C:\Windows;C:\Windows\System32\Wbem;C:\Windows\System32\WindowsPowerShell\v1.0\;C:\Windows\System32\OpenSSH\;C:\Program Files\dotnet\;C:\Program Files\PowerShell\7\;C:\Program Files\Microsoft\Web Platform Installer\;C:\Program Files\TortoiseSVN\bin;C:\Program Files\Microsoft SQL Server\Client SDK\ODBC\170\Tools\Binn\;C:\Program Files\Microsoft SQL Server\150\Tools\Binn\;C:\Program Files (x86)\Windows Kits\10\Windows Performance Toolkit\;C:\Program Files (x86)\WiX Toolset v3.14\bin;C:\Program Files\Microsoft SQL Server\130\DTS\Binn\;C:\Program Files\Microsoft SQL Server\140\DTS\Binn\;C:\Program Files\Microsoft SQL Server\150\DTS\Binn\;C:\Program Files\Microsoft SQL Server\160\DTS\Binn\;C:\Program Files\Microsoft SQL Server\170\DTS\Binn\;C:\Strawberry\c\bin;C:\Strawberry\perl\site\bin;C:\Strawberry\perl\bin;C:\ProgramData\chocolatey\lib\pulumi\tools\Pulumi\bin;C:\Program Files\CMake\bin;C:\ProgramData\chocolatey\lib\maven\apache-maven-3.9.16\bin;C:\Program Files\Microsoft Service Fabric\bin\Fabric\Fabric.Code;C:\Program Files\Microsoft SDKs\Service Fabric\Tools\ServiceFabricLocalClusterManager;C:\Program Files\nodejs\;C:\Program Files\Git\cmd;C:\Program Files\Git\ucrt64\bin;C:\Program Files\Git\usr\bin;C:\Program Files\GitHub CLI\;c:\tools\php;C:\Program Files\Amazon\AWSCLIV2\;C:\Program Files\Amazon\SessionManagerPlugin\bin\;C:\Program Files\Amazon\AWSSAMCLI\bin\;C:\Program Files\Microsoft SQL Server\130\Tools\Binn\;C:\Program Files\mongosh\;C:\Program Files\LLVM\bin;C:\Program Files (x86)\LLVM\bin;C:\Users\runneradmin\.dotnet\tools;C:\Users\runneradmin\.cargo\bin;C:\Users\runneradmin\AppData\Local\Microsoft\WindowsApps;C:\Program Files (x86)\Microsoft Visual Studio\Installer;C:\Program Files\Microsoft Visual Studio\2022\Enterprise\Common7\IDE\CommonExtensions\Microsoft\CMake\CMake\bin;C:\Program Files\Microsoft Visual Studio\2022\Enterprise\Common7\IDE\CommonExtensions\Microsoft\CMake\Ninja;C:\Program Files\Microsoft Visual Studio\2022\Enterprise\Common7\IDE\VC\Linux\bin\ConnectionManagerExe;C:\Program Files\Microsoft Visual Studio\2022\Enterprise\VC\vcpkg
2026-10-08T11:42:55.1975215Z   Platform: x64
2026-10-08T11:42:55.1975365Z   UCRTVersion: 10.0.26100.0
2026-10-08T11:42:55.1975605Z   UniversalCRTSdkDir: C:\Program Files (x86)\Windows Kits\10\
2026-10-08T11:42:55.1975967Z   VCIDEInstallDir: C:\Program Files\Microsoft Visual Studio\2022\Enterprise\Common7\IDE\VC\
2026-10-08T11:42:55.1976360Z   VCINSTALLDIR: C:\Program Files\Microsoft Visual Studio\2022\Enterprise\VC\
2026-10-08T11:42:55.1976765Z   VCPKG_ROOT: C:\Program Files\Microsoft Visual Studio\2022\Enterprise\VC\vcpkg
2026-10-08T11:42:55.1977189Z   VCToolsInstallDir: C:\Program Files\Microsoft Visual Studio\2022\Enterprise\VC\Tools\MSVC\14.44.35207\
2026-10-08T11:42:55.1977677Z   VCToolsRedistDir: C:\Program Files\Microsoft Visual Studio\2022\Enterprise\VC\Redist\MSVC\14.44.35112\
2026-10-08T11:42:55.1978015Z   VCToolsVersion: 14.44.35207
2026-10-08T11:42:55.1978199Z   VisualStudioVersion: 17.0
2026-10-08T11:42:55.1978479Z   VS170COMNTOOLS: C:\Program Files\Microsoft Visual Studio\2022\Enterprise\Common7\Tools\
2026-10-08T11:42:55.1978787Z   VSCMD_ARG_app_plat: Desktop
2026-10-08T11:42:55.1978954Z   VSCMD_ARG_HOST_ARCH: x64
2026-10-08T11:42:55.1979116Z   VSCMD_ARG_TGT_ARCH: x64
2026-10-08T11:42:55.1979272Z   VSCMD_VER: 17.14.41
2026-10-08T11:42:55.1979502Z   VSINSTALLDIR: C:\Program Files\Microsoft Visual Studio\2022\Enterprise\
2026-10-08T11:42:55.1979868Z   VSSDK150INSTALL: C:\Program Files\Microsoft Visual Studio\2022\Enterprise\VSSDK
2026-10-08T11:42:55.1980234Z   VSSDKINSTALL: C:\Program Files\Microsoft Visual Studio\2022\Enterprise\VSSDK
2026-10-08T11:42:55.1980742Z   WindowsLibPath: C:\Program Files (x86)\Windows Kits\10\UnionMetadata\10.0.26100.0;C:\Program Files (x86)\Windows Kits\10\References\10.0.26100.0
2026-10-08T11:42:55.1981224Z   WindowsSdkBinPath: C:\Program Files (x86)\Windows Kits\10\bin\
2026-10-08T11:42:55.1981513Z   WindowsSdkDir: C:\Program Files (x86)\Windows Kits\10\
2026-10-08T11:42:55.1981751Z   WindowsSDKLibVersion: 10.0.26100.0\
2026-10-08T11:42:55.1982030Z   WindowsSdkVerBinPath: C:\Program Files (x86)\Windows Kits\10\bin\10.0.26100.0\
2026-10-08T11:42:55.1982320Z   WindowsSDKVersion: 10.0.26100.0\
2026-10-08T11:42:55.1982657Z   WindowsSDK_ExecutablePath_x64: C:\Program Files (x86)\Microsoft SDKs\Windows\v10.0A\bin\NETFX 4.8 Tools\x64\
2026-10-08T11:42:55.1983148Z   WindowsSDK_ExecutablePath_x86: C:\Program Files (x86)\Microsoft SDKs\Windows\v10.0A\bin\NETFX 4.8 Tools\
2026-10-08T11:42:55.1983485Z   __DOTNET_ADD_64BIT: 1
2026-10-08T11:42:55.1983652Z   __DOTNET_PREFERRED_BITNESS: 64
2026-10-08T11:42:55.1990339Z   __VSCMD_PREINIT_PATH: C:\Program Files\MongoDB\Server\7.0\bin;C:\aliyun-cli;C:\vcpkg;C:\Program Files (x86)\NSIS\;C:\tools\zstd;C:\Program Files\Mercurial\;C:\hostedtoolcache\windows\stack\3.11.1\x64;C:\cabal\bin;C:\\ghcup\bin;C:\mingw64\bin;C:\Program Files\dotnet;C:\Program Files\MySQL\MySQL Server 8.0\bin;C:\Program Files\R\R-4.6.1\bin\x64;C:\SeleniumWebDrivers\GeckoDriver;C:\SeleniumWebDrivers\EdgeDriver\;C:\SeleniumWebDrivers\ChromeDriver;C:\Program Files (x86)\sbt\bin;C:\Program Files (x86)\GitHub CLI;C:\Program Files\Git\bin;C:\Program Files (x86)\pipx_bin;C:\npm\prefix;C:\hostedtoolcache\windows\go\1.24.13\x64\bin;C:\hostedtoolcache\windows\Python\3.12.10\x64\Scripts;C:\hostedtoolcache\windows\Python\3.12.10\x64;C:\hostedtoolcache\windows\Ruby\3.3.12\x64\bin;C:\Program Files\OpenSSL\bin;C:\tools\kotlinc\bin;C:\hostedtoolcache\windows\Java_Temurin-Hotspot_jdk\8.0.504-1\x64\bin;C:\Program Files\ImageMagick-7.1.2-Q16-HDRI;C:\Program Files\Microsoft SDKs\Azure\CLI2\wbin;C:\ProgramData\kind;C:\ProgramData\Chocolatey\bin;C:\Windows\system32;C:\Windows;C:\Windows\System32\Wbem;C:\Windows\System32\WindowsPowerShell\v1.0\;C:\Windows\System32\OpenSSH\;C:\Program Files\dotnet\;C:\Program Files\PowerShell\7\;C:\Program Files\Microsoft\Web Platform Installer\;C:\Program Files\TortoiseSVN\bin;C:\Program Files\Microsoft SQL Server\Client SDK\ODBC\170\Tools\Binn\;C:\Program Files\Microsoft SQL Server\150\Tools\Binn\;C:\Program Files (x86)\Windows Kits\10\Windows Performance Toolkit\;C:\Program Files (x86)\WiX Toolset v3.14\bin;C:\Program Files\Microsoft SQL Server\130\DTS\Binn\;C:\Program Files\Microsoft SQL Server\140\DTS\Binn\;C:\Program Files\Microsoft SQL Server\150\DTS\Binn\;C:\Program Files\Microsoft SQL Server\160\DTS\Binn\;C:\Program Files\Microsoft SQL Server\170\DTS\Binn\;C:\Strawberry\c\bin;C:\Strawberry\perl\site\bin;C:\Strawberry\perl\bin;C:\ProgramData\chocolatey\lib\pulumi\tools\Pulumi\bin;C:\Program Files\CMake\bin;C:\ProgramData\chocolatey\lib\maven\apache-maven-3.9.16\bin;C:\Program Files\Microsoft Service Fabric\bin\Fabric\Fabric.Code;C:\Program Files\Microsoft SDKs\Service Fabric\Tools\ServiceFabricLocalClusterManager;C:\Program Files\nodejs\;C:\Program Files\Git\cmd;C:\Program Files\Git\ucrt64\bin;C:\Program Files\Git\usr\bin;C:\Program Files\GitHub CLI\;c:\tools\php;C:\Program Files (x86)\sbt\bin;C:\Program Files\Amazon\AWSCLIV2\;C:\Program Files\Amazon\SessionManagerPlugin\bin\;C:\Program Files\Amazon\AWSSAMCLI\bin\;C:\Program Files\Microsoft SQL Server\130\Tools\Binn\;C:\Program Files\mongosh\;C:\Program Files\LLVM\bin;C:\Program Files (x86)\LLVM\bin;C:\Users\runneradmin\.dotnet\tools;C:\Users\runneradmin\.cargo\bin;C:\Users\runneradmin\AppData\Local\Microsoft\WindowsApps;C:\Program Files (x86)\Microsoft Visual Studio\Installer
2026-10-08T11:42:55.1997178Z ##[endgroup]
2026-10-08T11:42:55.3305769Z ##[group]Prepare output directories
2026-10-08T11:42:55.3306686Z The vpckg root directory: 'D:\a\CaptureSuite\CaptureSuite\vcpkg'
2026-10-08T11:42:55.3316927Z (node:976) [DEP0040] DeprecationWarning: The `punycode` module is deprecated. Please use a userland alternative instead.
2026-10-08T11:42:55.3317454Z (Use `node --trace-deprecation ...` to show where the warning was created)
2026-10-08T11:42:55.3342915Z ##[endgroup]
2026-10-08T11:42:55.3343416Z ⏱ elapsed: 0.004 seconds
2026-10-08T11:42:55.4052869Z Running command '"C:\Program Files\Git\bin\git.exe"' with args '^"submodule^",^"status^",^"D:\a\CaptureSuite\CaptureSuite\vcpkg^"' in current directory 'D:\a\CaptureSuite\CaptureSuite'.
2026-10-08T11:42:55.4100174Z (node:976) [DEP0190] DeprecationWarning: Passing args to a child process with shell option true can lead to security vulnerabilities, as the arguments are not escaped, only concatenated.
2026-10-08T11:42:55.8307495Z error: pathspec 'D:\a\CaptureSuite\CaptureSuite\vcpkg' did not match any file(s) known to git
2026-10-08T11:42:55.8406141Z ##[group]Setup to run on GitHub Action runners
2026-10-08T11:42:55.8406927Z Set the workflow environment variable 'VCPKG_BINARY_SOURCES' to value 'clear;x-gha,readwrite'
2026-10-08T11:42:55.8407581Z ##[endgroup]
2026-10-08T11:42:55.8408011Z ⏱ elapsed: 0.001 seconds
2026-10-08T11:42:55.8408423Z ##[group]Retrieving the vcpkg Git commit id at: 'D:\a\CaptureSuite\CaptureSuite\vcpkg'
2026-10-08T11:42:55.8943533Z Fetching the Git commit id at 'D:\a\CaptureSuite\CaptureSuite\vcpkg' ...
2026-10-08T11:42:55.8946740Z Running command '"C:\Program Files\Git\bin\git.exe"' with args '^"rev-parse^",^"HEAD^"' in current directory 'D:\a\CaptureSuite\CaptureSuite\vcpkg'.
2026-10-08T11:42:55.9278121Z 2f070f27390018ed5ac3945d75c7df4fb6a4278e
2026-10-08T11:42:55.9313611Z ##[endgroup]
2026-10-08T11:42:55.9314540Z ⏱ elapsed: 0.092 seconds
2026-10-08T11:42:55.9314925Z ##[group]Check whether vcpkg repository is up to date
2026-10-08T11:42:55.9315891Z Checking whether vcpkg's repository is updated to commit id '2f070f27390018ed5ac3945d75c7df4fb6a4278e' ...
2026-10-08T11:42:55.9317550Z Current commit id of vcpkg: '2f070f27390018ed5ac3945d75c7df4fb6a4278e'.
2026-10-08T11:42:55.9318229Z Is vcpkg repository updated? No
2026-10-08T11:42:55.9318948Z ##[endgroup]
2026-10-08T11:42:55.9319305Z ⏱ elapsed: 0.000 seconds
2026-10-08T11:42:55.9319765Z ##[group]Download vcpkg source code repository
2026-10-08T11:42:55.9320423Z Cloning vcpkg in 'D:\a\CaptureSuite\CaptureSuite\vcpkg'...
2026-10-08T11:42:55.9888986Z Running command '"C:\Program Files\Git\bin\git.exe"' with args '^"clone^",^"https://github.com/microsoft/vcpkg.git^",^"-n^",^".^"' in current directory 'D:\a\CaptureSuite\CaptureSuite\vcpkg'.
2026-10-08T11:42:56.0158304Z Cloning into '.'...
2026-10-08T11:43:07.1109282Z Running command '"C:\Program Files\Git\bin\git.exe"' with args '^"checkout^",^"--force^",^"4334d8b4c8916018600212ab4dd4bbdc343065d1^"' in current directory 'D:\a\CaptureSuite\CaptureSuite\vcpkg'.
2026-10-08T11:43:08.9997629Z Note: switching to '4334d8b4c8916018600212ab4dd4bbdc343065d1'.
2026-10-08T11:43:08.9998028Z 
2026-10-08T11:43:08.9998484Z You are in 'detached HEAD' state. You can look around, make experimental
2026-10-08T11:43:08.9999195Z changes and commit them, and you can discard any commits you make in this
2026-10-08T11:43:08.9999654Z state without impacting any branches by switching back to a branch.
2026-10-08T11:43:08.9999866Z 
2026-10-08T11:43:09.0000135Z If you want to create a new branch to retain commits you create, you may
2026-10-08T11:43:09.0000589Z do so (now or later) by using -c with the switch command. Example:
2026-10-08T11:43:09.0000783Z 
2026-10-08T11:43:09.0000920Z   git switch -c <new-branch-name>
2026-10-08T11:43:09.0001051Z 
2026-10-08T11:43:09.0001173Z Or undo this operation with:
2026-10-08T11:43:09.0001299Z 
2026-10-08T11:43:09.0001373Z   git switch -
2026-10-08T11:43:09.0001469Z 
2026-10-08T11:43:09.0001721Z Turn off this advice by setting config variable advice.detachedHead to false
2026-10-08T11:43:09.0001954Z 
2026-10-08T11:43:09.0002243Z HEAD is now at 4334d8b4c8 [vcpkg] Add platform support for Solaris and illumos (#45524)
2026-10-08T11:43:09.0079879Z Clone vcpkg in 'D:\a\CaptureSuite\CaptureSuite\vcpkg'.
2026-10-08T11:43:09.0080434Z ##[endgroup]
2026-10-08T11:43:09.0080892Z ⏱ elapsed: 13.076 seconds
2026-10-08T11:43:09.0081202Z ##[group]Build vcpkg executable
2026-10-08T11:43:09.0692573Z Running command '"C:\Windows\system32\cmd.exe"' with args '^"/c^",^"D:\a\CaptureSuite\CaptureSuite\vcpkg\bootstrap-vcpkg.bat^"' in current directory 'D:\a\CaptureSuite\CaptureSuite\vcpkg'.
2026-10-08T11:43:10.9520511Z Downloading https://github.com/microsoft/vcpkg-tool/releases/download/2025-09-03/vcpkg.exe -> D:\a\CaptureSuite\CaptureSuite\vcpkg\vcpkg.exe... done.
2026-10-08T11:43:11.0332929Z Validating signature... done.
2026-10-08T11:43:11.0467093Z 
2026-10-08T11:43:11.0762665Z vcpkg package management program version 2025-09-03-4580816534ed8fd9634ac83d46471440edd82dfe
2026-10-08T11:43:11.0763129Z 
2026-10-08T11:43:11.0763333Z See LICENSE.txt for license information.
2026-10-08T11:43:11.0788474Z Telemetry
2026-10-08T11:43:11.0788719Z ---------
2026-10-08T11:43:11.0789304Z vcpkg collects usage data in order to help us improve your experience.
2026-10-08T11:43:11.0789761Z The data collected by Microsoft is anonymous.
2026-10-08T11:43:11.0790246Z You can opt-out of telemetry by re-running the bootstrap-vcpkg script with -disableMetrics,
2026-10-08T11:43:11.0790750Z passing --disable-metrics to vcpkg on the command line,
2026-10-08T11:43:11.0792724Z or by setting the VCPKG_DISABLE_METRICS environment variable.
2026-10-08T11:43:11.0793348Z 
2026-10-08T11:43:11.0793561Z Read more about vcpkg telemetry at docs/about/privacy.md
2026-10-08T11:43:11.1515716Z Fetching the Git commit id at 'D:\a\CaptureSuite\CaptureSuite\vcpkg' ...
2026-10-08T11:43:11.1517224Z Running command '"C:\Program Files\Git\bin\git.exe"' with args '^"rev-parse^",^"HEAD^"' in current directory 'D:\a\CaptureSuite\CaptureSuite\vcpkg'.
2026-10-08T11:43:11.1796786Z 4334d8b4c8916018600212ab4dd4bbdc343065d1
2026-10-08T11:43:11.1836770Z Stored last built vcpkg commit id '4334d8b4c8916018600212ab4dd4bbdc343065d1' in file 'D:\a\CaptureSuite\CaptureSuite\vcpkg\vcpkgLastBuiltCommitId'.
2026-10-08T11:43:11.1837613Z ##[endgroup]
2026-10-08T11:43:11.1838039Z ⏱ elapsed: 2.176 seconds
2026-10-08T11:43:11.1838417Z ##[group]Add to PATH vcpkg at 'D:\a\CaptureSuite\CaptureSuite\vcpkg'
2026-10-08T11:43:11.1841754Z ##[endgroup]
2026-10-08T11:43:11.1842070Z ⏱ elapsed: 0.000 seconds
2026-10-08T11:43:11.1843082Z ##[group]Set output environment variables
2026-10-08T11:43:11.1843856Z Set the workflow environment variable 'RUNVCPKG_VCPKG_ROOT' to value 'D:\a\CaptureSuite\CaptureSuite\vcpkg'
2026-10-08T11:43:11.1846518Z Set the workflow environment variable 'VCPKG_ROOT' to value 'D:\a\CaptureSuite\CaptureSuite\vcpkg'
2026-10-08T11:43:11.1850511Z Set the step output variable 'RUNVCPKG_VCPKG_ROOT_OUT' to value 'D:\a\CaptureSuite\CaptureSuite\vcpkg''
2026-10-08T11:43:11.1852702Z ##[endgroup]
2026-10-08T11:43:11.1853061Z ⏱ elapsed: 0.001 seconds
2026-10-08T11:43:11.1855829Z run-vcpkg action execution succeeded
2026-10-08T11:43:11.2046128Z ##[group]Run python tools/check_ci_contract.py --vcpkg-root vcpkg
2026-10-08T11:43:11.2046563Z [36;1mpython tools/check_ci_contract.py --vcpkg-root vcpkg[0m
2026-10-08T11:43:11.2078377Z shell: C:\Program Files\PowerShell\7\pwsh.EXE -command ". '{0}'"
2026-10-08T11:43:11.2078681Z env:
2026-10-08T11:43:11.2078845Z   CommandPromptType: Native
2026-10-08T11:43:11.2079144Z   DevEnvDir: C:\Program Files\Microsoft Visual Studio\2022\Enterprise\Common7\IDE\
2026-10-08T11:43:11.2079555Z   ExtensionSdkDir: C:\Program Files (x86)\Microsoft SDKs\Windows Kits\10\ExtensionSDKs
2026-10-08T11:43:11.2081347Z   EXTERNAL_INCLUDE: C:\Program Files\Microsoft Visual Studio\2022\Enterprise\VC\Tools\MSVC\14.44.35207\include;C:\Program Files\Microsoft Visual Studio\2022\Enterprise\VC\Tools\MSVC\14.44.35207\ATLMFC\include;C:\Program Files\Microsoft Visual Studio\2022\Enterprise\VC\Auxiliary\VS\include;C:\Program Files (x86)\Windows Kits\10\include\10.0.26100.0\ucrt;C:\Program Files (x86)\Windows Kits\10\\include\10.0.26100.0\\um;C:\Program Files (x86)\Windows Kits\10\\include\10.0.26100.0\\shared;C:\Program Files (x86)\Windows Kits\10\\include\10.0.26100.0\\winrt;C:\Program Files (x86)\Windows Kits\10\\include\10.0.26100.0\\cppwinrt;C:\Program Files (x86)\Windows Kits\NETFXSDK\4.8\include\um
2026-10-08T11:43:11.2082983Z   Framework40Version: v4.0
2026-10-08T11:43:11.2083198Z   FrameworkDir: C:\Windows\Microsoft.NET\Framework64\
2026-10-08T11:43:11.2083464Z   FrameworkDir64: C:\Windows\Microsoft.NET\Framework64\
2026-10-08T11:43:11.2083699Z   FrameworkVersion: v4.0.30319
2026-10-08T11:43:11.2083888Z   FrameworkVersion64: v4.0.30319
2026-10-08T11:43:11.2084288Z   FSHARPINSTALLDIR: C:\Program Files\Microsoft Visual Studio\2022\Enterprise\Common7\IDE\CommonExtensions\Microsoft\FSharp\Tools
2026-10-08T11:43:11.2084746Z   HTMLHelpDir: C:\Program Files (x86)\HTML Help Workshop
2026-10-08T11:43:11.2085119Z   IFCPATH: C:\Program Files\Microsoft Visual Studio\2022\Enterprise\VC\Tools\MSVC\14.44.35207\ifc\x64
2026-10-08T11:43:11.2086853Z   INCLUDE: C:\Program Files\Microsoft Visual Studio\2022\Enterprise\VC\Tools\MSVC\14.44.35207\include;C:\Program Files\Microsoft Visual Studio\2022\Enterprise\VC\Tools\MSVC\14.44.35207\ATLMFC\include;C:\Program Files\Microsoft Visual Studio\2022\Enterprise\VC\Auxiliary\VS\include;C:\Program Files (x86)\Windows Kits\10\include\10.0.26100.0\ucrt;C:\Program Files (x86)\Windows Kits\10\\include\10.0.26100.0\\um;C:\Program Files (x86)\Windows Kits\10\\include\10.0.26100.0\\shared;C:\Program Files (x86)\Windows Kits\10\\include\10.0.26100.0\\winrt;C:\Program Files (x86)\Windows Kits\10\\include\10.0.26100.0\\cppwinrt;C:\Program Files (x86)\Windows Kits\NETFXSDK\4.8\include\um
2026-10-08T11:43:11.2088441Z   is_x64_arch: true
2026-10-08T11:43:11.2089356Z   LIB: C:\Program Files\Microsoft Visual Studio\2022\Enterprise\VC\Tools\MSVC\14.44.35207\ATLMFC\lib\x64;C:\Program Files\Microsoft Visual Studio\2022\Enterprise\VC\Tools\MSVC\14.44.35207\lib\x64;C:\Program Files (x86)\Windows Kits\NETFXSDK\4.8\lib\um\x64;C:\Program Files (x86)\Windows Kits\10\lib\10.0.26100.0\ucrt\x64;C:\Program Files (x86)\Windows Kits\10\\lib\10.0.26100.0\\um\x64
2026-10-08T11:43:11.2091290Z   LIBPATH: C:\Program Files\Microsoft Visual Studio\2022\Enterprise\VC\Tools\MSVC\14.44.35207\ATLMFC\lib\x64;C:\Program Files\Microsoft Visual Studio\2022\Enterprise\VC\Tools\MSVC\14.44.35207\lib\x64;C:\Program Files\Microsoft Visual Studio\2022\Enterprise\VC\Tools\MSVC\14.44.35207\lib\x86\store\references;C:\Program Files (x86)\Windows Kits\10\UnionMetadata\10.0.26100.0;C:\Program Files (x86)\Windows Kits\10\References\10.0.26100.0;C:\Windows\Microsoft.NET\Framework64\v4.0.30319
2026-10-08T11:43:11.2092716Z   NETFXSDKDir: C:\Program Files (x86)\Windows Kits\NETFXSDK\4.8\
2026-10-08T11:43:11.2105320Z   Path: C:\Program Files\Microsoft Visual Studio\2022\Enterprise\VC\Tools\MSVC\14.44.35207\bin\HostX64\x64;C:\Program Files\Microsoft Visual Studio\2022\Enterprise\Common7\IDE\VC\VCPackages;C:\Program Files\Microsoft Visual Studio\2022\Enterprise\Common7\IDE\CommonExtensions\Microsoft\TestWindow;C:\Program Files\Microsoft Visual Studio\2022\Enterprise\Common7\IDE\CommonExtensions\Microsoft\TeamFoundation\Team Explorer;C:\Program Files\Microsoft Visual Studio\2022\Enterprise\MSBuild\Current\bin\Roslyn;C:\Program Files (x86)\Microsoft SDKs\Windows\v10.0A\bin\NETFX 4.8 Tools\x64\;C:\Program Files (x86)\HTML Help Workshop;C:\Program Files\Microsoft Visual Studio\2022\Enterprise\Common7\IDE\CommonExtensions\Microsoft\FSharp\Tools;C:\Program Files\Microsoft Visual Studio\2022\Enterprise\Team Tools\DiagnosticsHub\Collector;C:\Program Files\Microsoft Visual Studio\2022\Enterprise\Common7\IDE\Extensions\Microsoft\CodeCoverage.Console;C:\Program Files\Microsoft Visual Studio\2022\Enterprise\VC\Tools\Llvm\x64\bin;C:\Program Files (x86)\Windows Kits\10\bin\10.0.26100.0\\x64;C:\Program Files (x86)\Windows Kits\10\bin\\x64;C:\Program Files\Microsoft Visual Studio\2022\Enterprise\\MSBuild\Current\Bin\amd64;C:\Windows\Microsoft.NET\Framework64\v4.0.30319;C:\Program Files\Microsoft Visual Studio\2022\Enterprise\Common7\IDE\;C:\Program Files\Microsoft Visual Studio\2022\Enterprise\Common7\Tools\;C:\Program Files\MongoDB\Server\7.0\bin;C:\aliyun-cli;C:\vcpkg;C:\Program Files (x86)\NSIS\;C:\tools\zstd;C:\Program Files\Mercurial\;C:\hostedtoolcache\windows\stack\3.11.1\x64;C:\cabal\bin;C:\\ghcup\bin;C:\mingw64\bin;C:\Program Files\dotnet;C:\Program Files\MySQL\MySQL Server 8.0\bin;C:\Program Files\R\R-4.6.1\bin\x64;C:\SeleniumWebDrivers\GeckoDriver;C:\SeleniumWebDrivers\EdgeDriver\;C:\SeleniumWebDrivers\ChromeDriver;C:\Program Files (x86)\sbt\bin;C:\Program Files (x86)\GitHub CLI;C:\Program Files\Git\bin;C:\Program Files (x86)\pipx_bin;C:\npm\prefix;C:\hostedtoolcache\windows\go\1.24.13\x64\bin;C:\hostedtoolcache\windows\Python\3.12.10\x64\Scripts;C:\hostedtoolcache\windows\Python\3.12.10\x64;C:\hostedtoolcache\windows\Ruby\3.3.12\x64\bin;C:\Program Files\OpenSSL\bin;C:\tools\kotlinc\bin;C:\hostedtoolcache\windows\Java_Temurin-Hotspot_jdk\8.0.504-1\x64\bin;C:\Program Files\ImageMagick-7.1.2-Q16-HDRI;C:\Program Files\Microsoft SDKs\Azure\CLI2\wbin;C:\ProgramData\kind;C:\ProgramData\Chocolatey\bin;C:\Windows\system32;C:\Windows;C:\Windows\System32\Wbem;C:\Windows\System32\WindowsPowerShell\v1.0\;C:\Windows\System32\OpenSSH\;C:\Program Files\dotnet\;C:\Program Files\PowerShell\7\;C:\Program Files\Microsoft\Web Platform Installer\;C:\Program Files\TortoiseSVN\bin;C:\Program Files\Microsoft SQL Server\Client SDK\ODBC\170\Tools\Binn\;C:\Program Files\Microsoft SQL Server\150\Tools\Binn\;C:\Program Files (x86)\Windows Kits\10\Windows Performance Toolkit\;C:\Program Files (x86)\WiX Toolset v3.14\bin;C:\Program Files\Microsoft SQL Server\130\DTS\Binn\;C:\Program Files\Microsoft SQL Server\140\DTS\Binn\;C:\Program Files\Microsoft SQL Server\150\DTS\Binn\;C:\Program Files\Microsoft SQL Server\160\DTS\Binn\;C:\Program Files\Microsoft SQL Server\170\DTS\Binn\;C:\Strawberry\c\bin;C:\Strawberry\perl\site\bin;C:\Strawberry\perl\bin;C:\ProgramData\chocolatey\lib\pulumi\tools\Pulumi\bin;C:\Program Files\CMake\bin;C:\ProgramData\chocolatey\lib\maven\apache-maven-3.9.16\bin;C:\Program Files\Microsoft Service Fabric\bin\Fabric\Fabric.Code;C:\Program Files\Microsoft SDKs\Service Fabric\Tools\ServiceFabricLocalClusterManager;C:\Program Files\nodejs\;C:\Program Files\Git\cmd;C:\Program Files\Git\ucrt64\bin;C:\Program Files\Git\usr\bin;C:\Program Files\GitHub CLI\;c:\tools\php;C:\Program Files\Amazon\AWSCLIV2\;C:\Program Files\Amazon\SessionManagerPlugin\bin\;C:\Program Files\Amazon\AWSSAMCLI\bin\;C:\Program Files\Microsoft SQL Server\130\Tools\Binn\;C:\Program Files\mongosh\;C:\Program Files\LLVM\bin;C:\Program Files (x86)\LLVM\bin;C:\Users\runneradmin\.dotnet\tools;C:\Users\runneradmin\.cargo\bin;C:\Users\runneradmin\AppData\Local\Microsoft\WindowsApps;C:\Program Files (x86)\Microsoft Visual Studio\Installer;C:\Program Files\Microsoft Visual Studio\2022\Enterprise\Common7\IDE\CommonExtensions\Microsoft\CMake\CMake\bin;C:\Program Files\Microsoft Visual Studio\2022\Enterprise\Common7\IDE\CommonExtensions\Microsoft\CMake\Ninja;C:\Program Files\Microsoft Visual Studio\2022\Enterprise\Common7\IDE\VC\Linux\bin\ConnectionManagerExe;C:\Program Files\Microsoft Visual Studio\2022\Enterprise\VC\vcpkg
2026-10-08T11:43:11.2116510Z   Platform: x64
2026-10-08T11:43:11.2116673Z   UCRTVersion: 10.0.26100.0
2026-10-08T11:43:11.2116908Z   UniversalCRTSdkDir: C:\Program Files (x86)\Windows Kits\10\
2026-10-08T11:43:11.2117287Z   VCIDEInstallDir: C:\Program Files\Microsoft Visual Studio\2022\Enterprise\Common7\IDE\VC\
2026-10-08T11:43:11.2117691Z   VCINSTALLDIR: C:\Program Files\Microsoft Visual Studio\2022\Enterprise\VC\
2026-10-08T11:43:11.2118007Z   VCPKG_ROOT: D:\a\CaptureSuite\CaptureSuite\vcpkg
2026-10-08T11:43:11.2118394Z   VCToolsInstallDir: C:\Program Files\Microsoft Visual Studio\2022\Enterprise\VC\Tools\MSVC\14.44.35207\
2026-10-08T11:43:11.2118892Z   VCToolsRedistDir: C:\Program Files\Microsoft Visual Studio\2022\Enterprise\VC\Redist\MSVC\14.44.35112\
2026-10-08T11:43:11.2119247Z   VCToolsVersion: 14.44.35207
2026-10-08T11:43:11.2119434Z   VisualStudioVersion: 17.0
2026-10-08T11:43:11.2119724Z   VS170COMNTOOLS: C:\Program Files\Microsoft Visual Studio\2022\Enterprise\Common7\Tools\
2026-10-08T11:43:11.2120043Z   VSCMD_ARG_app_plat: Desktop
2026-10-08T11:43:11.2120223Z   VSCMD_ARG_HOST_ARCH: x64
2026-10-08T11:43:11.2120399Z   VSCMD_ARG_TGT_ARCH: x64
2026-10-08T11:43:11.2120568Z   VSCMD_VER: 17.14.41
2026-10-08T11:43:11.2120805Z   VSINSTALLDIR: C:\Program Files\Microsoft Visual Studio\2022\Enterprise\
2026-10-08T11:43:11.2121183Z   VSSDK150INSTALL: C:\Program Files\Microsoft Visual Studio\2022\Enterprise\VSSDK
2026-10-08T11:43:11.2121561Z   VSSDKINSTALL: C:\Program Files\Microsoft Visual Studio\2022\Enterprise\VSSDK
2026-10-08T11:43:11.2122082Z   WindowsLibPath: C:\Program Files (x86)\Windows Kits\10\UnionMetadata\10.0.26100.0;C:\Program Files (x86)\Windows Kits\10\References\10.0.26100.0
2026-10-08T11:43:11.2122571Z   WindowsSdkBinPath: C:\Program Files (x86)\Windows Kits\10\bin\
2026-10-08T11:43:11.2122879Z   WindowsSdkDir: C:\Program Files (x86)\Windows Kits\10\
2026-10-08T11:43:11.2123126Z   WindowsSDKLibVersion: 10.0.26100.0\
2026-10-08T11:43:11.2123411Z   WindowsSdkVerBinPath: C:\Program Files (x86)\Windows Kits\10\bin\10.0.26100.0\
2026-10-08T11:43:11.2123719Z   WindowsSDKVersion: 10.0.26100.0\
2026-10-08T11:43:11.2124069Z   WindowsSDK_ExecutablePath_x64: C:\Program Files (x86)\Microsoft SDKs\Windows\v10.0A\bin\NETFX 4.8 Tools\x64\
2026-10-08T11:43:11.2124572Z   WindowsSDK_ExecutablePath_x86: C:\Program Files (x86)\Microsoft SDKs\Windows\v10.0A\bin\NETFX 4.8 Tools\
2026-10-08T11:43:11.2124920Z   __DOTNET_ADD_64BIT: 1
2026-10-08T11:43:11.2125093Z   __DOTNET_PREFERRED_BITNESS: 64
2026-10-08T11:43:11.2131871Z   __VSCMD_PREINIT_PATH: C:\Program Files\MongoDB\Server\7.0\bin;C:\aliyun-cli;C:\vcpkg;C:\Program Files (x86)\NSIS\;C:\tools\zstd;C:\Program Files\Mercurial\;C:\hostedtoolcache\windows\stack\3.11.1\x64;C:\cabal\bin;C:\\ghcup\bin;C:\mingw64\bin;C:\Program Files\dotnet;C:\Program Files\MySQL\MySQL Server 8.0\bin;C:\Program Files\R\R-4.6.1\bin\x64;C:\SeleniumWebDrivers\GeckoDriver;C:\SeleniumWebDrivers\EdgeDriver\;C:\SeleniumWebDrivers\ChromeDriver;C:\Program Files (x86)\sbt\bin;C:\Program Files (x86)\GitHub CLI;C:\Program Files\Git\bin;C:\Program Files (x86)\pipx_bin;C:\npm\prefix;C:\hostedtoolcache\windows\go\1.24.13\x64\bin;C:\hostedtoolcache\windows\Python\3.12.10\x64\Scripts;C:\hostedtoolcache\windows\Python\3.12.10\x64;C:\hostedtoolcache\windows\Ruby\3.3.12\x64\bin;C:\Program Files\OpenSSL\bin;C:\tools\kotlinc\bin;C:\hostedtoolcache\windows\Java_Temurin-Hotspot_jdk\8.0.504-1\x64\bin;C:\Program Files\ImageMagick-7.1.2-Q16-HDRI;C:\Program Files\Microsoft SDKs\Azure\CLI2\wbin;C:\ProgramData\kind;C:\ProgramData\Chocolatey\bin;C:\Windows\system32;C:\Windows;C:\Windows\System32\Wbem;C:\Windows\System32\WindowsPowerShell\v1.0\;C:\Windows\System32\OpenSSH\;C:\Program Files\dotnet\;C:\Program Files\PowerShell\7\;C:\Program Files\Microsoft\Web Platform Installer\;C:\Program Files\TortoiseSVN\bin;C:\Program Files\Microsoft SQL Server\Client SDK\ODBC\170\Tools\Binn\;C:\Program Files\Microsoft SQL Server\150\Tools\Binn\;C:\Program Files (x86)\Windows Kits\10\Windows Performance Toolkit\;C:\Program Files (x86)\WiX Toolset v3.14\bin;C:\Program Files\Microsoft SQL Server\130\DTS\Binn\;C:\Program Files\Microsoft SQL Server\140\DTS\Binn\;C:\Program Files\Microsoft SQL Server\150\DTS\Binn\;C:\Program Files\Microsoft SQL Server\160\DTS\Binn\;C:\Program Files\Microsoft SQL Server\170\DTS\Binn\;C:\Strawberry\c\bin;C:\Strawberry\perl\site\bin;C:\Strawberry\perl\bin;C:\ProgramData\chocolatey\lib\pulumi\tools\Pulumi\bin;C:\Program Files\CMake\bin;C:\ProgramData\chocolatey\lib\maven\apache-maven-3.9.16\bin;C:\Program Files\Microsoft Service Fabric\bin\Fabric\Fabric.Code;C:\Program Files\Microsoft SDKs\Service Fabric\Tools\ServiceFabricLocalClusterManager;C:\Program Files\nodejs\;C:\Program Files\Git\cmd;C:\Program Files\Git\ucrt64\bin;C:\Program Files\Git\usr\bin;C:\Program Files\GitHub CLI\;c:\tools\php;C:\Program Files (x86)\sbt\bin;C:\Program Files\Amazon\AWSCLIV2\;C:\Program Files\Amazon\SessionManagerPlugin\bin\;C:\Program Files\Amazon\AWSSAMCLI\bin\;C:\Program Files\Microsoft SQL Server\130\Tools\Binn\;C:\Program Files\mongosh\;C:\Program Files\LLVM\bin;C:\Program Files (x86)\LLVM\bin;C:\Users\runneradmin\.dotnet\tools;C:\Users\runneradmin\.cargo\bin;C:\Users\runneradmin\AppData\Local\Microsoft\WindowsApps;C:\Program Files (x86)\Microsoft Visual Studio\Installer
2026-10-08T11:43:11.2138959Z   VCPKG_DEFAULT_BINARY_CACHE: D:/a/CaptureSuite/CaptureSuite/969f6665-88a2-4c98-938e-ca9259871fec/vcpkg_cache
2026-10-08T11:43:11.2139359Z   VCPKG_BINARY_SOURCES: clear;x-gha,readwrite
2026-10-08T11:43:11.2139626Z   RUNVCPKG_VCPKG_ROOT: D:\a\CaptureSuite\CaptureSuite\vcpkg
2026-10-08T11:43:11.2139872Z ##[endgroup]
2026-10-08T11:43:11.5007124Z {
2026-10-08T11:43:11.5007452Z   "accepted": true,
2026-10-08T11:43:11.5007654Z   "errors": []
2026-10-08T11:43:11.5007810Z }
2026-10-08T11:43:11.6075506Z ##[group]Run cmake --preset windows-release -DCAPTURE_WERROR=ON
2026-10-08T11:43:11.6075950Z [36;1mcmake --preset windows-release -DCAPTURE_WERROR=ON[0m
2026-10-08T11:43:11.6106116Z shell: C:\Program Files\PowerShell\7\pwsh.EXE -command ". '{0}'"
2026-10-08T11:43:11.6106392Z env:
2026-10-08T11:43:11.6106569Z   CommandPromptType: Native
2026-10-08T11:43:11.6106869Z   DevEnvDir: C:\Program Files\Microsoft Visual Studio\2022\Enterprise\Common7\IDE\
2026-10-08T11:43:11.6107279Z   ExtensionSdkDir: C:\Program Files (x86)\Microsoft SDKs\Windows Kits\10\ExtensionSDKs
2026-10-08T11:43:11.6109100Z   EXTERNAL_INCLUDE: C:\Program Files\Microsoft Visual Studio\2022\Enterprise\VC\Tools\MSVC\14.44.35207\include;C:\Program Files\Microsoft Visual Studio\2022\Enterprise\VC\Tools\MSVC\14.44.35207\ATLMFC\include;C:\Program Files\Microsoft Visual Studio\2022\Enterprise\VC\Auxiliary\VS\include;C:\Program Files (x86)\Windows Kits\10\include\10.0.26100.0\ucrt;C:\Program Files (x86)\Windows Kits\10\\include\10.0.26100.0\\um;C:\Program Files (x86)\Windows Kits\10\\include\10.0.26100.0\\shared;C:\Program Files (x86)\Windows Kits\10\\include\10.0.26100.0\\winrt;C:\Program Files (x86)\Windows Kits\10\\include\10.0.26100.0\\cppwinrt;C:\Program Files (x86)\Windows Kits\NETFXSDK\4.8\include\um
2026-10-08T11:43:11.6110896Z   Framework40Version: v4.0
2026-10-08T11:43:11.6111116Z   FrameworkDir: C:\Windows\Microsoft.NET\Framework64\
2026-10-08T11:43:11.6111402Z   FrameworkDir64: C:\Windows\Microsoft.NET\Framework64\
2026-10-08T11:43:11.6111647Z   FrameworkVersion: v4.0.30319
2026-10-08T11:43:11.6111834Z   FrameworkVersion64: v4.0.30319
2026-10-08T11:43:11.6112238Z   FSHARPINSTALLDIR: C:\Program Files\Microsoft Visual Studio\2022\Enterprise\Common7\IDE\CommonExtensions\Microsoft\FSharp\Tools
2026-10-08T11:43:11.6112694Z   HTMLHelpDir: C:\Program Files (x86)\HTML Help Workshop
2026-10-08T11:43:11.6113069Z   IFCPATH: C:\Program Files\Microsoft Visual Studio\2022\Enterprise\VC\Tools\MSVC\14.44.35207\ifc\x64
2026-10-08T11:43:11.6114800Z   INCLUDE: C:\Program Files\Microsoft Visual Studio\2022\Enterprise\VC\Tools\MSVC\14.44.35207\include;C:\Program Files\Microsoft Visual Studio\2022\Enterprise\VC\Tools\MSVC\14.44.35207\ATLMFC\include;C:\Program Files\Microsoft Visual Studio\2022\Enterprise\VC\Auxiliary\VS\include;C:\Program Files (x86)\Windows Kits\10\include\10.0.26100.0\ucrt;C:\Program Files (x86)\Windows Kits\10\\include\10.0.26100.0\\um;C:\Program Files (x86)\Windows Kits\10\\include\10.0.26100.0\\shared;C:\Program Files (x86)\Windows Kits\10\\include\10.0.26100.0\\winrt;C:\Program Files (x86)\Windows Kits\10\\include\10.0.26100.0\\cppwinrt;C:\Program Files (x86)\Windows Kits\NETFXSDK\4.8\include\um
2026-10-08T11:43:11.6116419Z   is_x64_arch: true
2026-10-08T11:43:11.6117348Z   LIB: C:\Program Files\Microsoft Visual Studio\2022\Enterprise\VC\Tools\MSVC\14.44.35207\ATLMFC\lib\x64;C:\Program Files\Microsoft Visual Studio\2022\Enterprise\VC\Tools\MSVC\14.44.35207\lib\x64;C:\Program Files (x86)\Windows Kits\NETFXSDK\4.8\lib\um\x64;C:\Program Files (x86)\Windows Kits\10\lib\10.0.26100.0\ucrt\x64;C:\Program Files (x86)\Windows Kits\10\\lib\10.0.26100.0\\um\x64
2026-10-08T11:43:11.6119308Z   LIBPATH: C:\Program Files\Microsoft Visual Studio\2022\Enterprise\VC\Tools\MSVC\14.44.35207\ATLMFC\lib\x64;C:\Program Files\Microsoft Visual Studio\2022\Enterprise\VC\Tools\MSVC\14.44.35207\lib\x64;C:\Program Files\Microsoft Visual Studio\2022\Enterprise\VC\Tools\MSVC\14.44.35207\lib\x86\store\references;C:\Program Files (x86)\Windows Kits\10\UnionMetadata\10.0.26100.0;C:\Program Files (x86)\Windows Kits\10\References\10.0.26100.0;C:\Windows\Microsoft.NET\Framework64\v4.0.30319
2026-10-08T11:43:11.6120562Z   NETFXSDKDir: C:\Program Files (x86)\Windows Kits\NETFXSDK\4.8\
2026-10-08T11:43:11.6133372Z   Path: C:\Program Files\Microsoft Visual Studio\2022\Enterprise\VC\Tools\MSVC\14.44.35207\bin\HostX64\x64;C:\Program Files\Microsoft Visual Studio\2022\Enterprise\Common7\IDE\VC\VCPackages;C:\Program Files\Microsoft Visual Studio\2022\Enterprise\Common7\IDE\CommonExtensions\Microsoft\TestWindow;C:\Program Files\Microsoft Visual Studio\2022\Enterprise\Common7\IDE\CommonExtensions\Microsoft\TeamFoundation\Team Explorer;C:\Program Files\Microsoft Visual Studio\2022\Enterprise\MSBuild\Current\bin\Roslyn;C:\Program Files (x86)\Microsoft SDKs\Windows\v10.0A\bin\NETFX 4.8 Tools\x64\;C:\Program Files (x86)\HTML Help Workshop;C:\Program Files\Microsoft Visual Studio\2022\Enterprise\Common7\IDE\CommonExtensions\Microsoft\FSharp\Tools;C:\Program Files\Microsoft Visual Studio\2022\Enterprise\Team Tools\DiagnosticsHub\Collector;C:\Program Files\Microsoft Visual Studio\2022\Enterprise\Common7\IDE\Extensions\Microsoft\CodeCoverage.Console;C:\Program Files\Microsoft Visual Studio\2022\Enterprise\VC\Tools\Llvm\x64\bin;C:\Program Files (x86)\Windows Kits\10\bin\10.0.26100.0\\x64;C:\Program Files (x86)\Windows Kits\10\bin\\x64;C:\Program Files\Microsoft Visual Studio\2022\Enterprise\\MSBuild\Current\Bin\amd64;C:\Windows\Microsoft.NET\Framework64\v4.0.30319;C:\Program Files\Microsoft Visual Studio\2022\Enterprise\Common7\IDE\;C:\Program Files\Microsoft Visual Studio\2022\Enterprise\Common7\Tools\;C:\Program Files\MongoDB\Server\7.0\bin;C:\aliyun-cli;C:\vcpkg;C:\Program Files (x86)\NSIS\;C:\tools\zstd;C:\Program Files\Mercurial\;C:\hostedtoolcache\windows\stack\3.11.1\x64;C:\cabal\bin;C:\\ghcup\bin;C:\mingw64\bin;C:\Program Files\dotnet;C:\Program Files\MySQL\MySQL Server 8.0\bin;C:\Program Files\R\R-4.6.1\bin\x64;C:\SeleniumWebDrivers\GeckoDriver;C:\SeleniumWebDrivers\EdgeDriver\;C:\SeleniumWebDrivers\ChromeDriver;C:\Program Files (x86)\sbt\bin;C:\Program Files (x86)\GitHub CLI;C:\Program Files\Git\bin;C:\Program Files (x86)\pipx_bin;C:\npm\prefix;C:\hostedtoolcache\windows\go\1.24.13\x64\bin;C:\hostedtoolcache\windows\Python\3.12.10\x64\Scripts;C:\hostedtoolcache\windows\Python\3.12.10\x64;C:\hostedtoolcache\windows\Ruby\3.3.12\x64\bin;C:\Program Files\OpenSSL\bin;C:\tools\kotlinc\bin;C:\hostedtoolcache\windows\Java_Temurin-Hotspot_jdk\8.0.504-1\x64\bin;C:\Program Files\ImageMagick-7.1.2-Q16-HDRI;C:\Program Files\Microsoft SDKs\Azure\CLI2\wbin;C:\ProgramData\kind;C:\ProgramData\Chocolatey\bin;C:\Windows\system32;C:\Windows;C:\Windows\System32\Wbem;C:\Windows\System32\WindowsPowerShell\v1.0\;C:\Windows\System32\OpenSSH\;C:\Program Files\dotnet\;C:\Program Files\PowerShell\7\;C:\Program Files\Microsoft\Web Platform Installer\;C:\Program Files\TortoiseSVN\bin;C:\Program Files\Microsoft SQL Server\Client SDK\ODBC\170\Tools\Binn\;C:\Program Files\Microsoft SQL Server\150\Tools\Binn\;C:\Program Files (x86)\Windows Kits\10\Windows Performance Toolkit\;C:\Program Files (x86)\WiX Toolset v3.14\bin;C:\Program Files\Microsoft SQL Server\130\DTS\Binn\;C:\Program Files\Microsoft SQL Server\140\DTS\Binn\;C:\Program Files\Microsoft SQL Server\150\DTS\Binn\;C:\Program Files\Microsoft SQL Server\160\DTS\Binn\;C:\Program Files\Microsoft SQL Server\170\DTS\Binn\;C:\Strawberry\c\bin;C:\Strawberry\perl\site\bin;C:\Strawberry\perl\bin;C:\ProgramData\chocolatey\lib\pulumi\tools\Pulumi\bin;C:\Program Files\CMake\bin;C:\ProgramData\chocolatey\lib\maven\apache-maven-3.9.16\bin;C:\Program Files\Microsoft Service Fabric\bin\Fabric\Fabric.Code;C:\Program Files\Microsoft SDKs\Service Fabric\Tools\ServiceFabricLocalClusterManager;C:\Program Files\nodejs\;C:\Program Files\Git\cmd;C:\Program Files\Git\ucrt64\bin;C:\Program Files\Git\usr\bin;C:\Program Files\GitHub CLI\;c:\tools\php;C:\Program Files\Amazon\AWSCLIV2\;C:\Program Files\Amazon\SessionManagerPlugin\bin\;C:\Program Files\Amazon\AWSSAMCLI\bin\;C:\Program Files\Microsoft SQL Server\130\Tools\Binn\;C:\Program Files\mongosh\;C:\Program Files\LLVM\bin;C:\Program Files (x86)\LLVM\bin;C:\Users\runneradmin\.dotnet\tools;C:\Users\runneradmin\.cargo\bin;C:\Users\runneradmin\AppData\Local\Microsoft\WindowsApps;C:\Program Files (x86)\Microsoft Visual Studio\Installer;C:\Program Files\Microsoft Visual Studio\2022\Enterprise\Common7\IDE\CommonExtensions\Microsoft\CMake\CMake\bin;C:\Program Files\Microsoft Visual Studio\2022\Enterprise\Common7\IDE\CommonExtensions\Microsoft\CMake\Ninja;C:\Program Files\Microsoft Visual Studio\2022\Enterprise\Common7\IDE\VC\Linux\bin\ConnectionManagerExe;C:\Program Files\Microsoft Visual Studio\2022\Enterprise\VC\vcpkg
2026-10-08T11:43:11.6144921Z   Platform: x64
2026-10-08T11:43:11.6145086Z   UCRTVersion: 10.0.26100.0
2026-10-08T11:43:11.6145325Z   UniversalCRTSdkDir: C:\Program Files (x86)\Windows Kits\10\
2026-10-08T11:43:11.6145719Z   VCIDEInstallDir: C:\Program Files\Microsoft Visual Studio\2022\Enterprise\Common7\IDE\VC\
2026-10-08T11:43:11.6146129Z   VCINSTALLDIR: C:\Program Files\Microsoft Visual Studio\2022\Enterprise\VC\
2026-10-08T11:43:11.6146444Z   VCPKG_ROOT: D:\a\CaptureSuite\CaptureSuite/vcpkg
2026-10-08T11:43:11.6146828Z   VCToolsInstallDir: C:\Program Files\Microsoft Visual Studio\2022\Enterprise\VC\Tools\MSVC\14.44.35207\
2026-10-08T11:43:11.6147323Z   VCToolsRedistDir: C:\Program Files\Microsoft Visual Studio\2022\Enterprise\VC\Redist\MSVC\14.44.35112\
2026-10-08T11:43:11.6147675Z   VCToolsVersion: 14.44.35207
2026-10-08T11:43:11.6147861Z   VisualStudioVersion: 17.0
2026-10-08T11:43:11.6148160Z   VS170COMNTOOLS: C:\Program Files\Microsoft Visual Studio\2022\Enterprise\Common7\Tools\
2026-10-08T11:43:11.6148487Z   VSCMD_ARG_app_plat: Desktop
2026-10-08T11:43:11.6148669Z   VSCMD_ARG_HOST_ARCH: x64
2026-10-08T11:43:11.6148911Z   VSCMD_ARG_TGT_ARCH: x64
2026-10-08T11:43:11.6149076Z   VSCMD_VER: 17.14.41
2026-10-08T11:43:11.6149316Z   VSINSTALLDIR: C:\Program Files\Microsoft Visual Studio\2022\Enterprise\
2026-10-08T11:43:11.6149685Z   VSSDK150INSTALL: C:\Program Files\Microsoft Visual Studio\2022\Enterprise\VSSDK
2026-10-08T11:43:11.6150059Z   VSSDKINSTALL: C:\Program Files\Microsoft Visual Studio\2022\Enterprise\VSSDK
2026-10-08T11:43:11.6150577Z   WindowsLibPath: C:\Program Files (x86)\Windows Kits\10\UnionMetadata\10.0.26100.0;C:\Program Files (x86)\Windows Kits\10\References\10.0.26100.0
2026-10-08T11:43:11.6151069Z   WindowsSdkBinPath: C:\Program Files (x86)\Windows Kits\10\bin\
2026-10-08T11:43:11.6151372Z   WindowsSdkDir: C:\Program Files (x86)\Windows Kits\10\
2026-10-08T11:43:11.6151612Z   WindowsSDKLibVersion: 10.0.26100.0\
2026-10-08T11:43:11.6151906Z   WindowsSdkVerBinPath: C:\Program Files (x86)\Windows Kits\10\bin\10.0.26100.0\
2026-10-08T11:43:11.6152199Z   WindowsSDKVersion: 10.0.26100.0\
2026-10-08T11:43:11.6152552Z   WindowsSDK_ExecutablePath_x64: C:\Program Files (x86)\Microsoft SDKs\Windows\v10.0A\bin\NETFX 4.8 Tools\x64\
2026-10-08T11:43:11.6153058Z   WindowsSDK_ExecutablePath_x86: C:\Program Files (x86)\Microsoft SDKs\Windows\v10.0A\bin\NETFX 4.8 Tools\
2026-10-08T11:43:11.6153411Z   __DOTNET_ADD_64BIT: 1
2026-10-08T11:43:11.6153581Z   __DOTNET_PREFERRED_BITNESS: 64
2026-10-08T11:43:11.6160351Z   __VSCMD_PREINIT_PATH: C:\Program Files\MongoDB\Server\7.0\bin;C:\aliyun-cli;C:\vcpkg;C:\Program Files (x86)\NSIS\;C:\tools\zstd;C:\Program Files\Mercurial\;C:\hostedtoolcache\windows\stack\3.11.1\x64;C:\cabal\bin;C:\\ghcup\bin;C:\mingw64\bin;C:\Program Files\dotnet;C:\Program Files\MySQL\MySQL Server 8.0\bin;C:\Program Files\R\R-4.6.1\bin\x64;C:\SeleniumWebDrivers\GeckoDriver;C:\SeleniumWebDrivers\EdgeDriver\;C:\SeleniumWebDrivers\ChromeDriver;C:\Program Files (x86)\sbt\bin;C:\Program Files (x86)\GitHub CLI;C:\Program Files\Git\bin;C:\Program Files (x86)\pipx_bin;C:\npm\prefix;C:\hostedtoolcache\windows\go\1.24.13\x64\bin;C:\hostedtoolcache\windows\Python\3.12.10\x64\Scripts;C:\hostedtoolcache\windows\Python\3.12.10\x64;C:\hostedtoolcache\windows\Ruby\3.3.12\x64\bin;C:\Program Files\OpenSSL\bin;C:\tools\kotlinc\bin;C:\hostedtoolcache\windows\Java_Temurin-Hotspot_jdk\8.0.504-1\x64\bin;C:\Program Files\ImageMagick-7.1.2-Q16-HDRI;C:\Program Files\Microsoft SDKs\Azure\CLI2\wbin;C:\ProgramData\kind;C:\ProgramData\Chocolatey\bin;C:\Windows\system32;C:\Windows;C:\Windows\System32\Wbem;C:\Windows\System32\WindowsPowerShell\v1.0\;C:\Windows\System32\OpenSSH\;C:\Program Files\dotnet\;C:\Program Files\PowerShell\7\;C:\Program Files\Microsoft\Web Platform Installer\;C:\Program Files\TortoiseSVN\bin;C:\Program Files\Microsoft SQL Server\Client SDK\ODBC\170\Tools\Binn\;C:\Program Files\Microsoft SQL Server\150\Tools\Binn\;C:\Program Files (x86)\Windows Kits\10\Windows Performance Toolkit\;C:\Program Files (x86)\WiX Toolset v3.14\bin;C:\Program Files\Microsoft SQL Server\130\DTS\Binn\;C:\Program Files\Microsoft SQL Server\140\DTS\Binn\;C:\Program Files\Microsoft SQL Server\150\DTS\Binn\;C:\Program Files\Microsoft SQL Server\160\DTS\Binn\;C:\Program Files\Microsoft SQL Server\170\DTS\Binn\;C:\Strawberry\c\bin;C:\Strawberry\perl\site\bin;C:\Strawberry\perl\bin;C:\ProgramData\chocolatey\lib\pulumi\tools\Pulumi\bin;C:\Program Files\CMake\bin;C:\ProgramData\chocolatey\lib\maven\apache-maven-3.9.16\bin;C:\Program Files\Microsoft Service Fabric\bin\Fabric\Fabric.Code;C:\Program Files\Microsoft SDKs\Service Fabric\Tools\ServiceFabricLocalClusterManager;C:\Program Files\nodejs\;C:\Program Files\Git\cmd;C:\Program Files\Git\ucrt64\bin;C:\Program Files\Git\usr\bin;C:\Program Files\GitHub CLI\;c:\tools\php;C:\Program Files (x86)\sbt\bin;C:\Program Files\Amazon\AWSCLIV2\;C:\Program Files\Amazon\SessionManagerPlugin\bin\;C:\Program Files\Amazon\AWSSAMCLI\bin\;C:\Program Files\Microsoft SQL Server\130\Tools\Binn\;C:\Program Files\mongosh\;C:\Program Files\LLVM\bin;C:\Program Files (x86)\LLVM\bin;C:\Users\runneradmin\.dotnet\tools;C:\Users\runneradmin\.cargo\bin;C:\Users\runneradmin\AppData\Local\Microsoft\WindowsApps;C:\Program Files (x86)\Microsoft Visual Studio\Installer
2026-10-08T11:43:11.6167392Z   VCPKG_DEFAULT_BINARY_CACHE: D:/a/CaptureSuite/CaptureSuite/969f6665-88a2-4c98-938e-ca9259871fec/vcpkg_cache
2026-10-08T11:43:11.6167781Z   VCPKG_BINARY_SOURCES: clear;x-gha,readwrite
2026-10-08T11:43:11.6168050Z   RUNVCPKG_VCPKG_ROOT: D:\a\CaptureSuite\CaptureSuite\vcpkg
2026-10-08T11:43:11.6168297Z ##[endgroup]
2026-10-08T11:43:11.8160621Z Preset CMake variables:
2026-10-08T11:43:11.8160815Z 
2026-10-08T11:43:11.8160950Z   CMAKE_BUILD_TYPE="Release"
2026-10-08T11:43:11.8161251Z   CMAKE_EXPORT_COMPILE_COMMANDS="ON"
2026-10-08T11:43:11.8161774Z   CMAKE_TOOLCHAIN_FILE:FILEPATH="D:\a\CaptureSuite\CaptureSuite/vcpkg/scripts/buildsystems/vcpkg.cmake"
2026-10-08T11:43:11.8162205Z   VCPKG_TARGET_TRIPLET="x64-windows"
2026-10-08T11:43:11.8162350Z 
2026-10-08T11:43:11.8210171Z -- Running vcpkg install
2026-10-08T11:43:13.0371341Z Detecting compiler hash for triplet x64-windows...
2026-10-08T11:43:15.1634065Z Compiler found: C:/Program Files/Microsoft Visual Studio/2022/Enterprise/VC/Tools/MSVC/14.44.35207/bin/Hostx64/x64/cl.exe
2026-10-08T11:43:15.1792233Z The following packages will be built and installed:
2026-10-08T11:43:15.1792812Z   * abseil:x64-windows@20250127.1#4
2026-10-08T11:43:15.1793200Z     blake3:x64-windows@1.8.1
2026-10-08T11:43:15.1793667Z     catch2:x64-windows@3.10.0
2026-10-08T11:43:15.1794009Z   * fmt:x64-windows@11.2.0
2026-10-08T11:43:15.1794338Z   * lz4:x64-windows@1.10.0
2026-10-08T11:43:15.1794706Z     mcap[core,lz4,zstd]:x64-windows@2.0.2
2026-10-08T11:43:15.1795170Z     nlohmann-json:x64-windows@3.12.0#1
2026-10-08T11:43:15.1795569Z     protobuf:x64-windows@5.29.5#1
2026-10-08T11:43:15.1795950Z     spdlog:x64-windows@1.15.3
2026-10-08T11:43:15.1796340Z     sqlite3[core,json1]:x64-windows@3.50.4
2026-10-08T11:43:15.1796745Z   * utf8-range:x64-windows@5.29.5
2026-10-08T11:43:15.1797153Z   * vcpkg-cmake:x64-windows@2024-04-23
2026-10-08T11:43:15.1797582Z   * vcpkg-cmake-config:x64-windows@2024-05-23
2026-10-08T11:43:15.1797956Z   * zstd:x64-windows@1.5.7
2026-10-08T11:43:15.1798503Z Additional packages (*) will be modified to complete this operation.
2026-10-08T11:43:15.1800437Z %VCPKG_BINARY_SOURCES%: warning: The 'x-gha' binary caching backend has been removed. Consider using a NuGet-based binary caching provider instead, see extended documentation at https://learn.microsoft.com/vcpkg/users/binarycaching?WT.mc_id=vcpkg_inproduct_cli.
2026-10-08T11:43:15.1801807Z   on expression: clear;x-gha,readwrite
2026-10-08T11:43:15.1802191Z                                       ^
2026-10-08T11:43:15.1802912Z Installing 1/14 vcpkg-cmake-config:x64-windows@2024-05-23...
2026-10-08T11:43:15.1803491Z Building vcpkg-cmake-config:x64-windows@2024-05-23...
2026-10-08T11:43:15.2039859Z -- Installing: D:/a/CaptureSuite/CaptureSuite/vcpkg/packages/vcpkg-cmake-config_x64-windows/share/vcpkg-cmake-config/vcpkg_cmake_config_fixup.cmake
2026-10-08T11:43:15.2043726Z -- Installing: D:/a/CaptureSuite/CaptureSuite/vcpkg/packages/vcpkg-cmake-config_x64-windows/share/vcpkg-cmake-config/vcpkg-port-config.cmake
2026-10-08T11:43:15.2055259Z -- Installing: D:/a/CaptureSuite/CaptureSuite/vcpkg/packages/vcpkg-cmake-config_x64-windows/share/vcpkg-cmake-config/copyright
2026-10-08T11:43:15.2097236Z -- Skipping post-build validation due to VCPKG_POLICY_EMPTY_PACKAGE
2026-10-08T11:43:15.2127023Z Elapsed time to handle vcpkg-cmake-config:x64-windows: 32.8 ms
2026-10-08T11:43:15.2128057Z vcpkg-cmake-config:x64-windows package ABI: 896bdf4012782ae6c5ef5e2c594711d53f9135d38f97d956ce3b35a6fabf50bb
2026-10-08T11:43:15.2128898Z Installing 2/14 vcpkg-cmake:x64-windows@2024-04-23...
2026-10-08T11:43:15.2129400Z Building vcpkg-cmake:x64-windows@2024-04-23...
2026-10-08T11:43:15.2367266Z -- Installing: D:/a/CaptureSuite/CaptureSuite/vcpkg/packages/vcpkg-cmake_x64-windows/share/vcpkg-cmake/vcpkg_cmake_configure.cmake
2026-10-08T11:43:15.2371161Z -- Installing: D:/a/CaptureSuite/CaptureSuite/vcpkg/packages/vcpkg-cmake_x64-windows/share/vcpkg-cmake/vcpkg_cmake_build.cmake
2026-10-08T11:43:15.2376150Z -- Installing: D:/a/CaptureSuite/CaptureSuite/vcpkg/packages/vcpkg-cmake_x64-windows/share/vcpkg-cmake/vcpkg_cmake_install.cmake
2026-10-08T11:43:15.2380748Z -- Installing: D:/a/CaptureSuite/CaptureSuite/vcpkg/packages/vcpkg-cmake_x64-windows/share/vcpkg-cmake/vcpkg-port-config.cmake
2026-10-08T11:43:15.2385366Z -- Installing: D:/a/CaptureSuite/CaptureSuite/vcpkg/packages/vcpkg-cmake_x64-windows/share/vcpkg-cmake/copyright
2026-10-08T11:43:15.2431241Z -- Performing post-build validation
2026-10-08T11:43:15.2467050Z Elapsed time to handle vcpkg-cmake:x64-windows: 33.9 ms
2026-10-08T11:43:15.2467926Z vcpkg-cmake:x64-windows package ABI: 6e5636fafc4232f85644a367423292e715df0f5574d51f2f436d19bb80600fce
2026-10-08T11:43:15.2468632Z Installing 3/14 blake3:x64-windows@1.8.1...
2026-10-08T11:43:15.2469068Z Building blake3:x64-windows@1.8.1...
2026-10-08T11:43:15.2808203Z Downloading https://github.com/BLAKE3-team/BLAKE3/archive/1.8.1.tar.gz -> BLAKE3-team-BLAKE3-1.8.1.tar.gz
2026-10-08T11:43:16.0625657Z Successfully downloaded BLAKE3-team-BLAKE3-1.8.1.tar.gz
2026-10-08T11:43:16.5774343Z -- Extracting source D:/a/CaptureSuite/CaptureSuite/vcpkg/downloads/BLAKE3-team-BLAKE3-1.8.1.tar.gz
2026-10-08T11:43:16.7973951Z -- Applying patch fix-windows-arm-build-error.patch
2026-10-08T11:43:16.8220499Z -- Using source at D:/a/CaptureSuite/CaptureSuite/vcpkg/buildtrees/blake3/src/1.8.1-194041e9ce.clean
2026-10-08T11:43:16.8316758Z -- Found external ninja('1.12.1').
2026-10-08T11:43:16.8342553Z -- Configuring x64-windows
2026-10-08T11:43:18.7449027Z -- Building x64-windows-dbg
2026-10-08T11:43:29.3296007Z -- Building x64-windows-rel
2026-10-08T11:43:31.4536325Z -- Fixing pkgconfig file: D:/a/CaptureSuite/CaptureSuite/vcpkg/packages/blake3_x64-windows/lib/pkgconfig/libblake3.pc
2026-10-08T11:43:31.4700128Z Downloading msys2-mingw-w64-x86_64-pkgconf-1~2.4.3-1-any.pkg.tar.zst, trying https://mirror.msys2.org/mingw/mingw64/mingw-w64-x86_64-pkgconf-1~2.4.3-1-any.pkg.tar.zst
2026-10-08T11:43:32.3244630Z Successfully downloaded msys2-mingw-w64-x86_64-pkgconf-1~2.4.3-1-any.pkg.tar.zst
2026-10-08T11:43:32.3452930Z Downloading msys2-msys2-runtime-3.6.2-2-x86_64.pkg.tar.zst, trying https://mirror.msys2.org/msys/x86_64/msys2-runtime-3.6.2-2-x86_64.pkg.tar.zst
2026-10-08T11:43:33.1783763Z Successfully downloaded msys2-msys2-runtime-3.6.2-2-x86_64.pkg.tar.zst
2026-10-08T11:43:33.2518188Z -- Using msys root at D:/a/CaptureSuite/CaptureSuite/vcpkg/downloads/tools/msys2/9272adbcaf19caef
2026-10-08T11:43:33.2604963Z -- Fixing pkgconfig file: D:/a/CaptureSuite/CaptureSuite/vcpkg/packages/blake3_x64-windows/debug/lib/pkgconfig/libblake3.pc
2026-10-08T11:43:33.2732853Z -- Performing post-build validation
2026-10-08T11:43:33.2796850Z Elapsed time to handle blake3:x64-windows: 18 s
2026-10-08T11:43:33.2797436Z blake3:x64-windows package ABI: d01e8683dbf5a4ae04e7a3a4d347f7f535bb48b868c199aeacd40fbe6a01a8f3
2026-10-08T11:43:33.2797915Z Installing 4/14 catch2:x64-windows@3.10.0...
2026-10-08T11:43:33.2798190Z Building catch2:x64-windows@3.10.0...
2026-10-08T11:43:33.3064217Z -- Note: catch2 only supports static library linkage. Building static library.
2026-10-08T11:43:33.3151388Z Downloading https://github.com/catchorg/Catch2/archive/v3.10.0.tar.gz -> catchorg-Catch2-v3.10.0.tar.gz
2026-10-08T11:43:34.1944770Z Successfully downloaded catchorg-Catch2-v3.10.0.tar.gz
2026-10-08T11:43:34.2075132Z -- Extracting source D:/a/CaptureSuite/CaptureSuite/vcpkg/downloads/catchorg-Catch2-v3.10.0.tar.gz
2026-10-08T11:43:34.3911695Z -- Applying patch fix-install-path.patch
2026-10-08T11:43:34.4157498Z -- Using source at D:/a/CaptureSuite/CaptureSuite/vcpkg/buildtrees/catch2/src/v3.10.0-0c9c014064.clean
2026-10-08T11:43:34.4258902Z -- Found external ninja('1.12.1').
2026-10-08T11:43:34.4287250Z -- Configuring x64-windows
2026-10-08T11:43:35.3907004Z -- Building x64-windows-dbg
2026-10-08T11:43:53.1386055Z -- Building x64-windows-rel
2026-10-08T11:44:16.9968862Z -- Fixing pkgconfig file: D:/a/CaptureSuite/CaptureSuite/vcpkg/packages/catch2_x64-windows/lib/pkgconfig/catch2-with-main.pc
2026-10-08T11:44:16.9973972Z -- Fixing pkgconfig file: D:/a/CaptureSuite/CaptureSuite/vcpkg/packages/catch2_x64-windows/lib/pkgconfig/catch2.pc
2026-10-08T11:44:17.0057099Z -- Using cached msys2-mingw-w64-x86_64-pkgconf-1~2.4.3-1-any.pkg.tar.zst
2026-10-08T11:44:17.0118916Z -- Using cached msys2-msys2-runtime-3.6.2-2-x86_64.pkg.tar.zst
2026-10-08T11:44:17.0122906Z -- Using msys root at D:/a/CaptureSuite/CaptureSuite/vcpkg/downloads/tools/msys2/9272adbcaf19caef
2026-10-08T11:44:17.0244978Z -- Fixing pkgconfig file: D:/a/CaptureSuite/CaptureSuite/vcpkg/packages/catch2_x64-windows/debug/lib/pkgconfig/catch2-with-main.pc
2026-10-08T11:44:17.0250787Z -- Fixing pkgconfig file: D:/a/CaptureSuite/CaptureSuite/vcpkg/packages/catch2_x64-windows/debug/lib/pkgconfig/catch2.pc
2026-10-08T11:44:17.0465431Z -- Installing: D:/a/CaptureSuite/CaptureSuite/vcpkg/packages/catch2_x64-windows/share/catch2/copyright
2026-10-08T11:44:17.0521904Z -- Performing post-build validation
2026-10-08T11:44:17.1794745Z Elapsed time to handle catch2:x64-windows: 44 s
2026-10-08T11:44:17.1795653Z catch2:x64-windows package ABI: 77a0b0aa103760dc1150bdb2188b2017db1e518227e5f72d4bf990a23ddbbf89
2026-10-08T11:44:17.1796370Z Installing 5/14 zstd:x64-windows@1.5.7...
2026-10-08T11:44:17.1796762Z Building zstd:x64-windows@1.5.7...
2026-10-08T11:44:17.2140885Z Downloading https://github.com/facebook/zstd/archive/v1.5.7.tar.gz -> facebook-zstd-v1.5.7.tar.gz
2026-10-08T11:44:18.1277708Z Successfully downloaded facebook-zstd-v1.5.7.tar.gz
2026-10-08T11:44:18.1450534Z -- Extracting source D:/a/CaptureSuite/CaptureSuite/vcpkg/downloads/facebook-zstd-v1.5.7.tar.gz
2026-10-08T11:44:18.3521284Z -- Applying patch no-static-suffix.patch
2026-10-08T11:44:18.3745116Z -- Applying patch fix-emscripten-and-clang-cl.patch
2026-10-08T11:44:18.3967612Z -- Applying patch fix-windows-rc-compile.patch
2026-10-08T11:44:18.4203529Z -- Using source at D:/a/CaptureSuite/CaptureSuite/vcpkg/buildtrees/zstd/src/v1.5.7-bb6cae2b2e.clean
2026-10-08T11:44:18.4307433Z -- Found external ninja('1.12.1').
2026-10-08T11:44:18.4335431Z -- Configuring x64-windows
2026-10-08T11:44:21.7497885Z -- Building x64-windows-dbg
2026-10-08T11:44:23.9090359Z -- Building x64-windows-rel
2026-10-08T11:44:31.0794838Z -- Fixing pkgconfig file: D:/a/CaptureSuite/CaptureSuite/vcpkg/packages/zstd_x64-windows/lib/pkgconfig/libzstd.pc
2026-10-08T11:44:31.0874468Z -- Using cached msys2-mingw-w64-x86_64-pkgconf-1~2.4.3-1-any.pkg.tar.zst
2026-10-08T11:44:31.0936096Z -- Using cached msys2-msys2-runtime-3.6.2-2-x86_64.pkg.tar.zst
2026-10-08T11:44:31.0939834Z -- Using msys root at D:/a/CaptureSuite/CaptureSuite/vcpkg/downloads/tools/msys2/9272adbcaf19caef
2026-10-08T11:44:31.1004507Z -- Fixing pkgconfig file: D:/a/CaptureSuite/CaptureSuite/vcpkg/packages/zstd_x64-windows/debug/lib/pkgconfig/libzstd.pc
2026-10-08T11:44:31.1109285Z -- Installing: D:/a/CaptureSuite/CaptureSuite/vcpkg/packages/zstd_x64-windows/share/zstd/usage
2026-10-08T11:44:31.1170095Z -- Performing post-build validation
2026-10-08T11:44:31.1302697Z Elapsed time to handle zstd:x64-windows: 14 s
2026-10-08T11:44:31.1303269Z zstd:x64-windows package ABI: d1503b511668f1701d917bb742d9f40feefaa7b28200160a8d742121ab1f215c
2026-10-08T11:44:31.1303698Z Installing 6/14 lz4:x64-windows@1.10.0...
2026-10-08T11:44:31.1303972Z Building lz4:x64-windows@1.10.0...
2026-10-08T11:44:31.1641334Z Downloading https://github.com/lz4/lz4/archive/v1.10.0.tar.gz -> lz4-lz4-v1.10.0.tar.gz
2026-10-08T11:44:31.8881087Z Successfully downloaded lz4-lz4-v1.10.0.tar.gz
2026-10-08T11:44:31.8991721Z -- Extracting source D:/a/CaptureSuite/CaptureSuite/vcpkg/downloads/lz4-lz4-v1.10.0.tar.gz
2026-10-08T11:44:32.0416148Z -- Applying patch target-lz4-lz4.diff
2026-10-08T11:44:32.0643744Z -- Using source at D:/a/CaptureSuite/CaptureSuite/vcpkg/buildtrees/lz4/src/v1.10.0-61bd08d80e.clean
2026-10-08T11:44:32.0735812Z -- Found external ninja('1.12.1').
2026-10-08T11:44:32.0761381Z -- Configuring x64-windows
2026-10-08T11:44:32.7755154Z -- Building x64-windows-dbg
2026-10-08T11:44:33.1179342Z -- Building x64-windows-rel
2026-10-08T11:44:36.0238442Z -- Fixing pkgconfig file: D:/a/CaptureSuite/CaptureSuite/vcpkg/packages/lz4_x64-windows/lib/pkgconfig/liblz4.pc
2026-10-08T11:44:36.0347770Z -- Using cached msys2-mingw-w64-x86_64-pkgconf-1~2.4.3-1-any.pkg.tar.zst
2026-10-08T11:44:36.0409453Z -- Using cached msys2-msys2-runtime-3.6.2-2-x86_64.pkg.tar.zst
2026-10-08T11:44:36.0413983Z -- Using msys root at D:/a/CaptureSuite/CaptureSuite/vcpkg/downloads/tools/msys2/9272adbcaf19caef
2026-10-08T11:44:36.0482412Z -- Fixing pkgconfig file: D:/a/CaptureSuite/CaptureSuite/vcpkg/packages/lz4_x64-windows/debug/lib/pkgconfig/liblz4.pc
2026-10-08T11:44:36.0551655Z -- Installing: D:/a/CaptureSuite/CaptureSuite/vcpkg/packages/lz4_x64-windows/share/lz4/usage
2026-10-08T11:44:36.0558249Z -- Installing: D:/a/CaptureSuite/CaptureSuite/vcpkg/packages/lz4_x64-windows/share/lz4/copyright
2026-10-08T11:44:36.0611645Z -- Performing post-build validation
2026-10-08T11:44:36.0702641Z Elapsed time to handle lz4:x64-windows: 4.9 s
2026-10-08T11:44:36.0703481Z lz4:x64-windows package ABI: 7219532f34156addc05fb83210c7661d5bf181656d687d8d8ecf5254f1125931
2026-10-08T11:44:36.0704223Z Installing 7/14 mcap[core,lz4,zstd]:x64-windows@2.0.2...
2026-10-08T11:44:36.0704745Z Building mcap[core,lz4,zstd]:x64-windows@2.0.2...
2026-10-08T11:44:36.1028446Z Downloading https://github.com/foxglove/mcap/archive/releases/cpp/v2.0.2.tar.gz -> foxglove-mcap-releases_-cpp_-v2.0.2.tar.gz
2026-10-08T11:44:36.9532207Z Successfully downloaded foxglove-mcap-releases_-cpp_-v2.0.2.tar.gz
2026-10-08T11:44:36.9662599Z -- Extracting source D:/a/CaptureSuite/CaptureSuite/vcpkg/downloads/foxglove-mcap-releases_-cpp_-v2.0.2.tar.gz
2026-10-08T11:44:37.2349134Z -- Using source at D:/a/CaptureSuite/CaptureSuite/vcpkg/buildtrees/mcap/src/pp_-v2.0.2-be763db1af.clean
2026-10-08T11:44:37.2352245Z -- Up-to-date: D:/a/CaptureSuite/CaptureSuite/vcpkg/packages/mcap_x64-windows/include
2026-10-08T11:44:37.2354384Z -- Installing: D:/a/CaptureSuite/CaptureSuite/vcpkg/packages/mcap_x64-windows/include/mcap
2026-10-08T11:44:37.2357869Z -- Installing: D:/a/CaptureSuite/CaptureSuite/vcpkg/packages/mcap_x64-windows/include/mcap/crc32.hpp
2026-10-08T11:44:37.2363066Z -- Installing: D:/a/CaptureSuite/CaptureSuite/vcpkg/packages/mcap_x64-windows/include/mcap/errors.hpp
2026-10-08T11:44:37.2367920Z -- Installing: D:/a/CaptureSuite/CaptureSuite/vcpkg/packages/mcap_x64-windows/include/mcap/internal.hpp
2026-10-08T11:44:37.2374118Z -- Installing: D:/a/CaptureSuite/CaptureSuite/vcpkg/packages/mcap_x64-windows/include/mcap/intervaltree.hpp
2026-10-08T11:44:37.2378507Z -- Installing: D:/a/CaptureSuite/CaptureSuite/vcpkg/packages/mcap_x64-windows/include/mcap/mcap.hpp
2026-10-08T11:44:37.2383152Z -- Installing: D:/a/CaptureSuite/CaptureSuite/vcpkg/packages/mcap_x64-windows/include/mcap/reader.hpp
2026-10-08T11:44:37.2388259Z -- Installing: D:/a/CaptureSuite/CaptureSuite/vcpkg/packages/mcap_x64-windows/include/mcap/reader.inl
2026-10-08T11:44:37.2395193Z -- Installing: D:/a/CaptureSuite/CaptureSuite/vcpkg/packages/mcap_x64-windows/include/mcap/read_job_queue.hpp
2026-10-08T11:44:37.2399414Z -- Installing: D:/a/CaptureSuite/CaptureSuite/vcpkg/packages/mcap_x64-windows/include/mcap/types.hpp
2026-10-08T11:44:37.2403708Z -- Installing: D:/a/CaptureSuite/CaptureSuite/vcpkg/packages/mcap_x64-windows/include/mcap/types.inl
2026-10-08T11:44:37.2407724Z -- Installing: D:/a/CaptureSuite/CaptureSuite/vcpkg/packages/mcap_x64-windows/include/mcap/visibility.hpp
2026-10-08T11:44:37.2411656Z -- Installing: D:/a/CaptureSuite/CaptureSuite/vcpkg/packages/mcap_x64-windows/include/mcap/writer.hpp
2026-10-08T11:44:37.2416129Z -- Installing: D:/a/CaptureSuite/CaptureSuite/vcpkg/packages/mcap_x64-windows/include/mcap/writer.inl
2026-10-08T11:44:37.2478207Z -- Performing post-build validation
2026-10-08T11:44:37.2548536Z Elapsed time to handle mcap:x64-windows: 1.2 s
2026-10-08T11:44:37.2549108Z mcap:x64-windows package ABI: 21e7a4de928341f74dcddc5f813736c979bb19ee7edc88f4f1f1f158b3a74971
2026-10-08T11:44:37.2549577Z Installing 8/14 nlohmann-json:x64-windows@3.12.0#1...
2026-10-08T11:44:37.2549900Z Building nlohmann-json:x64-windows@3.12.0#1...
2026-10-08T11:44:37.2884903Z Downloading https://github.com/nlohmann/json/archive/v3.12.0.tar.gz -> nlohmann-json-v3.12.0.tar.gz
2026-10-08T11:44:38.2908417Z Successfully downloaded nlohmann-json-v3.12.0.tar.gz
2026-10-08T11:44:38.3347394Z -- Extracting source D:/a/CaptureSuite/CaptureSuite/vcpkg/downloads/nlohmann-json-v3.12.0.tar.gz
2026-10-08T11:44:38.5939749Z -- Applying patch fix-4742_std_optional.patch
2026-10-08T11:44:38.6226130Z -- Using source at D:/a/CaptureSuite/CaptureSuite/vcpkg/buildtrees/nlohmann-json/src/v3.12.0-087f34fe5c.clean
2026-10-08T11:44:38.6321422Z -- Found external ninja('1.12.1').
2026-10-08T11:44:38.6347793Z -- Configuring x64-windows
2026-10-08T11:44:39.2929913Z -- Building x64-windows-dbg
2026-10-08T11:44:39.3584337Z -- Building x64-windows-rel
2026-10-08T11:44:39.4290022Z -- Fixing pkgconfig file: D:/a/CaptureSuite/CaptureSuite/vcpkg/packages/nlohmann-json_x64-windows/share/pkgconfig/nlohmann_json.pc
2026-10-08T11:44:39.4367453Z -- Using cached msys2-mingw-w64-x86_64-pkgconf-1~2.4.3-1-any.pkg.tar.zst
2026-10-08T11:44:39.4430445Z -- Using cached msys2-msys2-runtime-3.6.2-2-x86_64.pkg.tar.zst
2026-10-08T11:44:39.4434019Z -- Using msys root at D:/a/CaptureSuite/CaptureSuite/vcpkg/downloads/tools/msys2/9272adbcaf19caef
2026-10-08T11:44:39.4497054Z -- Fixing pkgconfig file: D:/a/CaptureSuite/CaptureSuite/vcpkg/packages/nlohmann-json_x64-windows/debug/share/pkgconfig/nlohmann_json.pc
2026-10-08T11:44:39.4592331Z -- Installing: D:/a/CaptureSuite/CaptureSuite/vcpkg/packages/nlohmann-json_x64-windows/share/nlohmann-json/copyright
2026-10-08T11:44:39.4649555Z -- Performing post-build validation
2026-10-08T11:44:39.4781125Z Elapsed time to handle nlohmann-json:x64-windows: 2.2 s
2026-10-08T11:44:39.4781744Z nlohmann-json:x64-windows package ABI: 8bd2a29ca56ed5f9f1d4fe73683b75034aba39a285eade8d38e147dde0252624
2026-10-08T11:44:39.4782236Z Installing 9/14 abseil:x64-windows@20250127.1#4...
2026-10-08T11:44:39.4782534Z Building abseil:x64-windows@20250127.1#4...
2026-10-08T11:44:39.5130914Z Downloading https://github.com/abseil/abseil-cpp/archive/20250127.1.tar.gz -> abseil-abseil-cpp-20250127.1.tar.gz
2026-10-08T11:44:40.4757929Z Successfully downloaded abseil-abseil-cpp-20250127.1.tar.gz
2026-10-08T11:44:40.4931300Z -- Extracting source D:/a/CaptureSuite/CaptureSuite/vcpkg/downloads/abseil-abseil-cpp-20250127.1.tar.gz
2026-10-08T11:44:40.7756935Z -- Applying patch 001-mingw-dll.patch
2026-10-08T11:44:40.7994707Z -- Using source at D:/a/CaptureSuite/CaptureSuite/vcpkg/buildtrees/abseil/src/20250127.1-2a0a5c697e.clean
2026-10-08T11:44:40.8084200Z -- Found external ninja('1.12.1').
2026-10-08T11:44:40.8104030Z -- Configuring x64-windows-dbg
2026-10-08T11:44:43.5977448Z -- Configuring x64-windows-rel
2026-10-08T11:44:45.3252989Z -- Building x64-windows-dbg
2026-10-08T11:45:18.5244248Z -- Building x64-windows-rel
2026-10-08T11:45:54.1350579Z -- Fixing pkgconfig file: D:/a/CaptureSuite/CaptureSuite/vcpkg/packages/abseil_x64-windows/lib/pkgconfig/abseil_dll.pc
2026-10-08T11:45:54.1355527Z -- Fixing pkgconfig file: D:/a/CaptureSuite/CaptureSuite/vcpkg/packages/abseil_x64-windows/lib/pkgconfig/absl_absl_check.pc
2026-10-08T11:45:54.1360000Z -- Fixing pkgconfig file: D:/a/CaptureSuite/CaptureSuite/vcpkg/packages/abseil_x64-windows/lib/pkgconfig/absl_absl_log.pc
2026-10-08T11:45:54.1365135Z -- Fixing pkgconfig file: D:/a/CaptureSuite/CaptureSuite/vcpkg/packages/abseil_x64-windows/lib/pkgconfig/absl_absl_vlog_is_on.pc
2026-10-08T11:45:54.1370265Z -- Fixing pkgconfig file: D:/a/CaptureSuite/CaptureSuite/vcpkg/packages/abseil_x64-windows/lib/pkgconfig/absl_algorithm.pc
2026-10-08T11:45:54.1374926Z -- Fixing pkgconfig file: D:/a/CaptureSuite/CaptureSuite/vcpkg/packages/abseil_x64-windows/lib/pkgconfig/absl_algorithm_container.pc
2026-10-08T11:45:54.1379276Z -- Fixing pkgconfig file: D:/a/CaptureSuite/CaptureSuite/vcpkg/packages/abseil_x64-windows/lib/pkgconfig/absl_any.pc
2026-10-08T11:45:54.1383887Z -- Fixing pkgconfig file: D:/a/CaptureSuite/CaptureSuite/vcpkg/packages/abseil_x64-windows/lib/pkgconfig/absl_any_invocable.pc
2026-10-08T11:45:54.1388266Z -- Fixing pkgconfig file: D:/a/CaptureSuite/CaptureSuite/vcpkg/packages/abseil_x64-windows/lib/pkgconfig/absl_atomic_hook.pc
2026-10-08T11:45:54.1392733Z -- Fixing pkgconfig file: D:/a/CaptureSuite/CaptureSuite/vcpkg/packages/abseil_x64-windows/lib/pkgconfig/absl_bad_any_cast.pc
2026-10-08T11:45:54.1397163Z -- Fixing pkgconfig file: D:/a/CaptureSuite/CaptureSuite/vcpkg/packages/abseil_x64-windows/lib/pkgconfig/absl_bad_any_cast_impl.pc
2026-10-08T11:45:54.1401534Z -- Fixing pkgconfig file: D:/a/CaptureSuite/CaptureSuite/vcpkg/packages/abseil_x64-windows/lib/pkgconfig/absl_bad_optional_access.pc
2026-10-08T11:45:54.1405959Z -- Fixing pkgconfig file: D:/a/CaptureSuite/CaptureSuite/vcpkg/packages/abseil_x64-windows/lib/pkgconfig/absl_bad_variant_access.pc
2026-10-08T11:45:54.1410179Z -- Fixing pkgconfig file: D:/a/CaptureSuite/CaptureSuite/vcpkg/packages/abseil_x64-windows/lib/pkgconfig/absl_base.pc
2026-10-08T11:45:54.1414880Z -- Fixing pkgconfig file: D:/a/CaptureSuite/CaptureSuite/vcpkg/packages/abseil_x64-windows/lib/pkgconfig/absl_base_internal.pc
2026-10-08T11:45:54.1419270Z -- Fixing pkgconfig file: D:/a/CaptureSuite/CaptureSuite/vcpkg/packages/abseil_x64-windows/lib/pkgconfig/absl_bind_front.pc
2026-10-08T11:45:54.1423735Z -- Fixing pkgconfig file: D:/a/CaptureSuite/CaptureSuite/vcpkg/packages/abseil_x64-windows/lib/pkgconfig/absl_bits.pc
2026-10-08T11:45:54.1428074Z -- Fixing pkgconfig file: D:/a/CaptureSuite/CaptureSuite/vcpkg/packages/abseil_x64-windows/lib/pkgconfig/absl_bounded_utf8_length_sequence.pc
2026-10-08T11:45:54.1432597Z -- Fixing pkgconfig file: D:/a/CaptureSuite/CaptureSuite/vcpkg/packages/abseil_x64-windows/lib/pkgconfig/absl_btree.pc
2026-10-08T11:45:54.1437129Z -- Fixing pkgconfig file: D:/a/CaptureSuite/CaptureSuite/vcpkg/packages/abseil_x64-windows/lib/pkgconfig/absl_charset.pc
2026-10-08T11:45:54.1441600Z -- Fixing pkgconfig file: D:/a/CaptureSuite/CaptureSuite/vcpkg/packages/abseil_x64-windows/lib/pkgconfig/absl_check.pc
2026-10-08T11:45:54.1446414Z -- Fixing pkgconfig file: D:/a/CaptureSuite/CaptureSuite/vcpkg/packages/abseil_x64-windows/lib/pkgconfig/absl_city.pc
2026-10-08T11:45:54.1451921Z -- Fixing pkgconfig file: D:/a/CaptureSuite/CaptureSuite/vcpkg/packages/abseil_x64-windows/lib/pkgconfig/absl_civil_time.pc
2026-10-08T11:45:54.1455954Z -- Fixing pkgconfig file: D:/a/CaptureSuite/CaptureSuite/vcpkg/packages/abseil_x64-windows/lib/pkgconfig/absl_cleanup.pc
2026-10-08T11:45:54.1460556Z -- Fixing pkgconfig file: D:/a/CaptureSuite/CaptureSuite/vcpkg/packages/abseil_x64-windows/lib/pkgconfig/absl_cleanup_internal.pc
2026-10-08T11:45:54.1465031Z -- Fixing pkgconfig file: D:/a/CaptureSuite/CaptureSuite/vcpkg/packages/abseil_x64-windows/lib/pkgconfig/absl_common_policy_traits.pc
2026-10-08T11:45:54.1469209Z -- Fixing pkgconfig file: D:/a/CaptureSuite/CaptureSuite/vcpkg/packages/abseil_x64-windows/lib/pkgconfig/absl_compare.pc
2026-10-08T11:45:54.1473550Z -- Fixing pkgconfig file: D:/a/CaptureSuite/CaptureSuite/vcpkg/packages/abseil_x64-windows/lib/pkgconfig/absl_compressed_tuple.pc
2026-10-08T11:45:54.1477985Z -- Fixing pkgconfig file: D:/a/CaptureSuite/CaptureSuite/vcpkg/packages/abseil_x64-windows/lib/pkgconfig/absl_config.pc
2026-10-08T11:45:54.1482608Z -- Fixing pkgconfig file: D:/a/CaptureSuite/CaptureSuite/vcpkg/packages/abseil_x64-windows/lib/pkgconfig/absl_container_common.pc
2026-10-08T11:45:54.1486804Z -- Fixing pkgconfig file: D:/a/CaptureSuite/CaptureSuite/vcpkg/packages/abseil_x64-windows/lib/pkgconfig/absl_container_memory.pc
2026-10-08T11:45:54.1490921Z -- Fixing pkgconfig file: D:/a/CaptureSuite/CaptureSuite/vcpkg/packages/abseil_x64-windows/lib/pkgconfig/absl_cord.pc
2026-10-08T11:45:54.1495357Z -- Fixing pkgconfig file: D:/a/CaptureSuite/CaptureSuite/vcpkg/packages/abseil_x64-windows/lib/pkgconfig/absl_cord_internal.pc
2026-10-08T11:45:54.1499893Z -- Fixing pkgconfig file: D:/a/CaptureSuite/CaptureSuite/vcpkg/packages/abseil_x64-windows/lib/pkgconfig/absl_cordz_functions.pc
2026-10-08T11:45:54.1504067Z -- Fixing pkgconfig file: D:/a/CaptureSuite/CaptureSuite/vcpkg/packages/abseil_x64-windows/lib/pkgconfig/absl_cordz_handle.pc
2026-10-08T11:45:54.1508285Z -- Fixing pkgconfig file: D:/a/CaptureSuite/CaptureSuite/vcpkg/packages/abseil_x64-windows/lib/pkgconfig/absl_cordz_info.pc
2026-10-08T11:45:54.1512696Z -- Fixing pkgconfig file: D:/a/CaptureSuite/CaptureSuite/vcpkg/packages/abseil_x64-windows/lib/pkgconfig/absl_cordz_sample_token.pc
2026-10-08T11:45:54.1517253Z -- Fixing pkgconfig file: D:/a/CaptureSuite/CaptureSuite/vcpkg/packages/abseil_x64-windows/lib/pkgconfig/absl_cordz_statistics.pc
2026-10-08T11:45:54.1521725Z -- Fixing pkgconfig file: D:/a/CaptureSuite/CaptureSuite/vcpkg/packages/abseil_x64-windows/lib/pkgconfig/absl_cordz_update_scope.pc
2026-10-08T11:45:54.1526151Z -- Fixing pkgconfig file: D:/a/CaptureSuite/CaptureSuite/vcpkg/packages/abseil_x64-windows/lib/pkgconfig/absl_cordz_update_tracker.pc
2026-10-08T11:45:54.1530498Z -- Fixing pkgconfig file: D:/a/CaptureSuite/CaptureSuite/vcpkg/packages/abseil_x64-windows/lib/pkgconfig/absl_core_headers.pc
2026-10-08T11:45:54.1534875Z -- Fixing pkgconfig file: D:/a/CaptureSuite/CaptureSuite/vcpkg/packages/abseil_x64-windows/lib/pkgconfig/absl_crc32c.pc
2026-10-08T11:45:54.1539262Z -- Fixing pkgconfig file: D:/a/CaptureSuite/CaptureSuite/vcpkg/packages/abseil_x64-windows/lib/pkgconfig/absl_crc_cord_state.pc
2026-10-08T11:45:54.1543827Z -- Fixing pkgconfig file: D:/a/CaptureSuite/CaptureSuite/vcpkg/packages/abseil_x64-windows/lib/pkgconfig/absl_crc_cpu_detect.pc
2026-10-08T11:45:54.1548505Z -- Fixing pkgconfig file: D:/a/CaptureSuite/CaptureSuite/vcpkg/packages/abseil_x64-windows/lib/pkgconfig/absl_crc_internal.pc
2026-10-08T11:45:54.1553073Z -- Fixing pkgconfig file: D:/a/CaptureSuite/CaptureSuite/vcpkg/packages/abseil_x64-windows/lib/pkgconfig/absl_debugging.pc
2026-10-08T11:45:54.1557725Z -- Fixing pkgconfig file: D:/a/CaptureSuite/CaptureSuite/vcpkg/packages/abseil_x64-windows/lib/pkgconfig/absl_debugging_internal.pc
2026-10-08T11:45:54.1562043Z -- Fixing pkgconfig file: D:/a/CaptureSuite/CaptureSuite/vcpkg/packages/abseil_x64-windows/lib/pkgconfig/absl_decode_rust_punycode.pc
2026-10-08T11:45:54.1567311Z -- Fixing pkgconfig file: D:/a/CaptureSuite/CaptureSuite/vcpkg/packages/abseil_x64-windows/lib/pkgconfig/absl_demangle_internal.pc
2026-10-08T11:45:54.1571681Z -- Fixing pkgconfig file: D:/a/CaptureSuite/CaptureSuite/vcpkg/packages/abseil_x64-windows/lib/pkgconfig/absl_demangle_rust.pc
2026-10-08T11:45:54.1576786Z -- Fixing pkgconfig file: D:/a/CaptureSuite/CaptureSuite/vcpkg/packages/abseil_x64-windows/lib/pkgconfig/absl_die_if_null.pc
2026-10-08T11:45:54.1581805Z -- Fixing pkgconfig file: D:/a/CaptureSuite/CaptureSuite/vcpkg/packages/abseil_x64-windows/lib/pkgconfig/absl_dynamic_annotations.pc
2026-10-08T11:45:54.1586035Z -- Fixing pkgconfig file: D:/a/CaptureSuite/CaptureSuite/vcpkg/packages/abseil_x64-windows/lib/pkgconfig/absl_endian.pc
2026-10-08T11:45:54.1590312Z -- Fixing pkgconfig file: D:/a/CaptureSuite/CaptureSuite/vcpkg/packages/abseil_x64-windows/lib/pkgconfig/absl_errno_saver.pc
2026-10-08T11:45:54.1594634Z -- Fixing pkgconfig file: D:/a/CaptureSuite/CaptureSuite/vcpkg/packages/abseil_x64-windows/lib/pkgconfig/absl_examine_stack.pc
2026-10-08T11:45:54.1598844Z -- Fixing pkgconfig file: D:/a/CaptureSuite/CaptureSuite/vcpkg/packages/abseil_x64-windows/lib/pkgconfig/absl_exponential_biased.pc
2026-10-08T11:45:54.1603846Z -- Fixing pkgconfig file: D:/a/CaptureSuite/CaptureSuite/vcpkg/packages/abseil_x64-windows/lib/pkgconfig/absl_failure_signal_handler.pc
2026-10-08T11:45:54.1608364Z -- Fixing pkgconfig file: D:/a/CaptureSuite/CaptureSuite/vcpkg/packages/abseil_x64-windows/lib/pkgconfig/absl_fast_type_id.pc
2026-10-08T11:45:54.1613340Z -- Fixing pkgconfig file: D:/a/CaptureSuite/CaptureSuite/vcpkg/packages/abseil_x64-windows/lib/pkgconfig/absl_fixed_array.pc
2026-10-08T11:45:54.1617840Z -- Fixing pkgconfig file: D:/a/CaptureSuite/CaptureSuite/vcpkg/packages/abseil_x64-windows/lib/pkgconfig/absl_flags.pc
2026-10-08T11:45:54.1623035Z -- Fixing pkgconfig file: D:/a/CaptureSuite/CaptureSuite/vcpkg/packages/abseil_x64-windows/lib/pkgconfig/absl_flags_commandlineflag.pc
2026-10-08T11:45:54.1628488Z -- Fixing pkgconfig file: D:/a/CaptureSuite/CaptureSuite/vcpkg/packages/abseil_x64-windows/lib/pkgconfig/absl_flags_commandlineflag_internal.pc
2026-10-08T11:45:54.1633560Z -- Fixing pkgconfig file: D:/a/CaptureSuite/CaptureSuite/vcpkg/packages/abseil_x64-windows/lib/pkgconfig/absl_flags_config.pc
2026-10-08T11:45:54.1639086Z -- Fixing pkgconfig file: D:/a/CaptureSuite/CaptureSuite/vcpkg/packages/abseil_x64-windows/lib/pkgconfig/absl_flags_internal.pc
2026-10-08T11:45:54.1644386Z -- Fixing pkgconfig file: D:/a/CaptureSuite/CaptureSuite/vcpkg/packages/abseil_x64-windows/lib/pkgconfig/absl_flags_marshalling.pc
2026-10-08T11:45:54.1649714Z -- Fixing pkgconfig file: D:/a/CaptureSuite/CaptureSuite/vcpkg/packages/abseil_x64-windows/lib/pkgconfig/absl_flags_parse.pc
2026-10-08T11:45:54.1655253Z -- Fixing pkgconfig file: D:/a/CaptureSuite/CaptureSuite/vcpkg/packages/abseil_x64-windows/lib/pkgconfig/absl_flags_path_util.pc
2026-10-08T11:45:54.1660216Z -- Fixing pkgconfig file: D:/a/CaptureSuite/CaptureSuite/vcpkg/packages/abseil_x64-windows/lib/pkgconfig/absl_flags_private_handle_accessor.pc
2026-10-08T11:45:54.1665622Z -- Fixing pkgconfig file: D:/a/CaptureSuite/CaptureSuite/vcpkg/packages/abseil_x64-windows/lib/pkgconfig/absl_flags_program_name.pc
2026-10-08T11:45:54.1670561Z -- Fixing pkgconfig file: D:/a/CaptureSuite/CaptureSuite/vcpkg/packages/abseil_x64-windows/lib/pkgconfig/absl_flags_reflection.pc
2026-10-08T11:45:54.1675608Z -- Fixing pkgconfig file: D:/a/CaptureSuite/CaptureSuite/vcpkg/packages/abseil_x64-windows/lib/pkgconfig/absl_flags_usage.pc
2026-10-08T11:45:54.1680789Z -- Fixing pkgconfig file: D:/a/CaptureSuite/CaptureSuite/vcpkg/packages/abseil_x64-windows/lib/pkgconfig/absl_flags_usage_internal.pc
2026-10-08T11:45:54.1686217Z -- Fixing pkgconfig file: D:/a/CaptureSuite/CaptureSuite/vcpkg/packages/abseil_x64-windows/lib/pkgconfig/absl_flat_hash_map.pc
2026-10-08T11:45:54.1690899Z -- Fixing pkgconfig file: D:/a/CaptureSuite/CaptureSuite/vcpkg/packages/abseil_x64-windows/lib/pkgconfig/absl_flat_hash_set.pc
2026-10-08T11:45:54.1695382Z -- Fixing pkgconfig file: D:/a/CaptureSuite/CaptureSuite/vcpkg/packages/abseil_x64-windows/lib/pkgconfig/absl_function_ref.pc
2026-10-08T11:45:54.1699345Z -- Fixing pkgconfig file: D:/a/CaptureSuite/CaptureSuite/vcpkg/packages/abseil_x64-windows/lib/pkgconfig/absl_graphcycles_internal.pc
2026-10-08T11:45:54.1703840Z -- Fixing pkgconfig file: D:/a/CaptureSuite/CaptureSuite/vcpkg/packages/abseil_x64-windows/lib/pkgconfig/absl_has_ostream_operator.pc
2026-10-08T11:45:54.1708264Z -- Fixing pkgconfig file: D:/a/CaptureSuite/CaptureSuite/vcpkg/packages/abseil_x64-windows/lib/pkgconfig/absl_hash.pc
2026-10-08T11:45:54.1712963Z -- Fixing pkgconfig file: D:/a/CaptureSuite/CaptureSuite/vcpkg/packages/abseil_x64-windows/lib/pkgconfig/absl_hash_container_defaults.pc
2026-10-08T11:45:54.1717467Z -- Fixing pkgconfig file: D:/a/CaptureSuite/CaptureSuite/vcpkg/packages/abseil_x64-windows/lib/pkgconfig/absl_hash_function_defaults.pc
2026-10-08T11:45:54.1721638Z -- Fixing pkgconfig file: D:/a/CaptureSuite/CaptureSuite/vcpkg/packages/abseil_x64-windows/lib/pkgconfig/absl_hash_policy_traits.pc
2026-10-08T11:45:54.1725941Z -- Fixing pkgconfig file: D:/a/CaptureSuite/CaptureSuite/vcpkg/packages/abseil_x64-windows/lib/pkgconfig/absl_hashtable_debug.pc
2026-10-08T11:45:54.1730490Z -- Fixing pkgconfig file: D:/a/CaptureSuite/CaptureSuite/vcpkg/packages/abseil_x64-windows/lib/pkgconfig/absl_hashtable_debug_hooks.pc
2026-10-08T11:45:54.1734849Z -- Fixing pkgconfig file: D:/a/CaptureSuite/CaptureSuite/vcpkg/packages/abseil_x64-windows/lib/pkgconfig/absl_hashtablez_sampler.pc
2026-10-08T11:45:54.1738966Z -- Fixing pkgconfig file: D:/a/CaptureSuite/CaptureSuite/vcpkg/packages/abseil_x64-windows/lib/pkgconfig/absl_if_constexpr.pc
2026-10-08T11:45:54.1743296Z -- Fixing pkgconfig file: D:/a/CaptureSuite/CaptureSuite/vcpkg/packages/abseil_x64-windows/lib/pkgconfig/absl_inlined_vector.pc
2026-10-08T11:45:54.1747974Z -- Fixing pkgconfig file: D:/a/CaptureSuite/CaptureSuite/vcpkg/packages/abseil_x64-windows/lib/pkgconfig/absl_inlined_vector_internal.pc
2026-10-08T11:45:54.1752388Z -- Fixing pkgconfig file: D:/a/CaptureSuite/CaptureSuite/vcpkg/packages/abseil_x64-windows/lib/pkgconfig/absl_int128.pc
2026-10-08T11:45:54.1757550Z -- Fixing pkgconfig file: D:/a/CaptureSuite/CaptureSuite/vcpkg/packages/abseil_x64-windows/lib/pkgconfig/absl_kernel_timeout_internal.pc
2026-10-08T11:45:54.1762289Z -- Fixing pkgconfig file: D:/a/CaptureSuite/CaptureSuite/vcpkg/packages/abseil_x64-windows/lib/pkgconfig/absl_layout.pc
2026-10-08T11:45:54.1766605Z -- Fixing pkgconfig file: D:/a/CaptureSuite/CaptureSuite/vcpkg/packages/abseil_x64-windows/lib/pkgconfig/absl_leak_check.pc
2026-10-08T11:45:54.1770967Z -- Fixing pkgconfig file: D:/a/CaptureSuite/CaptureSuite/vcpkg/packages/abseil_x64-windows/lib/pkgconfig/absl_log.pc
2026-10-08T11:45:54.1775551Z -- Fixing pkgconfig file: D:/a/CaptureSuite/CaptureSuite/vcpkg/packages/abseil_x64-windows/lib/pkgconfig/absl_log_entry.pc
2026-10-08T11:45:54.1780190Z -- Fixing pkgconfig file: D:/a/CaptureSuite/CaptureSuite/vcpkg/packages/abseil_x64-windows/lib/pkgconfig/absl_log_flags.pc
2026-10-08T11:45:54.1785064Z -- Fixing pkgconfig file: D:/a/CaptureSuite/CaptureSuite/vcpkg/packages/abseil_x64-windows/lib/pkgconfig/absl_log_globals.pc
2026-10-08T11:45:54.1789910Z -- Fixing pkgconfig file: D:/a/CaptureSuite/CaptureSuite/vcpkg/packages/abseil_x64-windows/lib/pkgconfig/absl_log_initialize.pc
2026-10-08T11:45:54.1794447Z -- Fixing pkgconfig file: D:/a/CaptureSuite/CaptureSuite/vcpkg/packages/abseil_x64-windows/lib/pkgconfig/absl_log_internal_append_truncated.pc
2026-10-08T11:45:54.1799422Z -- Fixing pkgconfig file: D:/a/CaptureSuite/CaptureSuite/vcpkg/packages/abseil_x64-windows/lib/pkgconfig/absl_log_internal_check_impl.pc
2026-10-08T11:45:54.1804267Z -- Fixing pkgconfig file: D:/a/CaptureSuite/CaptureSuite/vcpkg/packages/abseil_x64-windows/lib/pkgconfig/absl_log_internal_check_op.pc
2026-10-08T11:45:54.1809114Z -- Fixing pkgconfig file: D:/a/CaptureSuite/CaptureSuite/vcpkg/packages/abseil_x64-windows/lib/pkgconfig/absl_log_internal_conditions.pc
2026-10-08T11:45:54.1814105Z -- Fixing pkgconfig file: D:/a/CaptureSuite/CaptureSuite/vcpkg/packages/abseil_x64-windows/lib/pkgconfig/absl_log_internal_config.pc
2026-10-08T11:45:54.1818400Z -- Fixing pkgconfig file: D:/a/CaptureSuite/CaptureSuite/vcpkg/packages/abseil_x64-windows/lib/pkgconfig/absl_log_internal_flags.pc
2026-10-08T11:45:54.1822831Z -- Fixing pkgconfig file: D:/a/CaptureSuite/CaptureSuite/vcpkg/packages/abseil_x64-windows/lib/pkgconfig/absl_log_internal_fnmatch.pc
2026-10-08T11:45:54.1827418Z -- Fixing pkgconfig file: D:/a/CaptureSuite/CaptureSuite/vcpkg/packages/abseil_x64-windows/lib/pkgconfig/absl_log_internal_format.pc
2026-10-08T11:45:54.1832172Z -- Fixing pkgconfig file: D:/a/CaptureSuite/CaptureSuite/vcpkg/packages/abseil_x64-windows/lib/pkgconfig/absl_log_internal_globals.pc
2026-10-08T11:45:54.1837314Z -- Fixing pkgconfig file: D:/a/CaptureSuite/CaptureSuite/vcpkg/packages/abseil_x64-windows/lib/pkgconfig/absl_log_internal_log_impl.pc
2026-10-08T11:45:54.1842147Z -- Fixing pkgconfig file: D:/a/CaptureSuite/CaptureSuite/vcpkg/packages/abseil_x64-windows/lib/pkgconfig/absl_log_internal_log_sink_set.pc
2026-10-08T11:45:54.1846970Z -- Fixing pkgconfig file: D:/a/CaptureSuite/CaptureSuite/vcpkg/packages/abseil_x64-windows/lib/pkgconfig/absl_log_internal_message.pc
2026-10-08T11:45:54.1851778Z -- Fixing pkgconfig file: D:/a/CaptureSuite/CaptureSuite/vcpkg/packages/abseil_x64-windows/lib/pkgconfig/absl_log_internal_nullguard.pc
2026-10-08T11:45:54.1856673Z -- Fixing pkgconfig file: D:/a/CaptureSuite/CaptureSuite/vcpkg/packages/abseil_x64-windows/lib/pkgconfig/absl_log_internal_nullstream.pc
2026-10-08T11:45:54.1861490Z -- Fixing pkgconfig file: D:/a/CaptureSuite/CaptureSuite/vcpkg/packages/abseil_x64-windows/lib/pkgconfig/absl_log_internal_proto.pc
2026-10-08T11:45:54.1866165Z -- Fixing pkgconfig file: D:/a/CaptureSuite/CaptureSuite/vcpkg/packages/abseil_x64-windows/lib/pkgconfig/absl_log_internal_strip.pc
2026-10-08T11:45:54.1870644Z -- Fixing pkgconfig file: D:/a/CaptureSuite/CaptureSuite/vcpkg/packages/abseil_x64-windows/lib/pkgconfig/absl_log_internal_structured.pc
2026-10-08T11:45:54.1875257Z -- Fixing pkgconfig file: D:/a/CaptureSuite/CaptureSuite/vcpkg/packages/abseil_x64-windows/lib/pkgconfig/absl_log_internal_structured_proto.pc
2026-10-08T11:45:54.1880560Z -- Fixing pkgconfig file: D:/a/CaptureSuite/CaptureSuite/vcpkg/packages/abseil_x64-windows/lib/pkgconfig/absl_log_internal_voidify.pc
2026-10-08T11:45:54.1885123Z -- Fixing pkgconfig file: D:/a/CaptureSuite/CaptureSuite/vcpkg/packages/abseil_x64-windows/lib/pkgconfig/absl_log_severity.pc
2026-10-08T11:45:54.1889338Z -- Fixing pkgconfig file: D:/a/CaptureSuite/CaptureSuite/vcpkg/packages/abseil_x64-windows/lib/pkgconfig/absl_log_sink.pc
2026-10-08T11:45:54.1893906Z -- Fixing pkgconfig file: D:/a/CaptureSuite/CaptureSuite/vcpkg/packages/abseil_x64-windows/lib/pkgconfig/absl_log_sink_registry.pc
2026-10-08T11:45:54.1898228Z -- Fixing pkgconfig file: D:/a/CaptureSuite/CaptureSuite/vcpkg/packages/abseil_x64-windows/lib/pkgconfig/absl_log_streamer.pc
2026-10-08T11:45:54.1902892Z -- Fixing pkgconfig file: D:/a/CaptureSuite/CaptureSuite/vcpkg/packages/abseil_x64-windows/lib/pkgconfig/absl_log_structured.pc
2026-10-08T11:45:54.1907387Z -- Fixing pkgconfig file: D:/a/CaptureSuite/CaptureSuite/vcpkg/packages/abseil_x64-windows/lib/pkgconfig/absl_low_level_hash.pc
2026-10-08T11:45:54.1911892Z -- Fixing pkgconfig file: D:/a/CaptureSuite/CaptureSuite/vcpkg/packages/abseil_x64-windows/lib/pkgconfig/absl_malloc_internal.pc
2026-10-08T11:45:54.1917073Z -- Fixing pkgconfig file: D:/a/CaptureSuite/CaptureSuite/vcpkg/packages/abseil_x64-windows/lib/pkgconfig/absl_memory.pc
2026-10-08T11:45:54.1921468Z -- Fixing pkgconfig file: D:/a/CaptureSuite/CaptureSuite/vcpkg/packages/abseil_x64-windows/lib/pkgconfig/absl_meta.pc
2026-10-08T11:45:54.1926005Z -- Fixing pkgconfig file: D:/a/CaptureSuite/CaptureSuite/vcpkg/packages/abseil_x64-windows/lib/pkgconfig/absl_no_destructor.pc
2026-10-08T11:45:54.1930658Z -- Fixing pkgconfig file: D:/a/CaptureSuite/CaptureSuite/vcpkg/packages/abseil_x64-windows/lib/pkgconfig/absl_node_hash_map.pc
2026-10-08T11:45:54.1935025Z -- Fixing pkgconfig file: D:/a/CaptureSuite/CaptureSuite/vcpkg/packages/abseil_x64-windows/lib/pkgconfig/absl_node_hash_set.pc
2026-10-08T11:45:54.1939597Z -- Fixing pkgconfig file: D:/a/CaptureSuite/CaptureSuite/vcpkg/packages/abseil_x64-windows/lib/pkgconfig/absl_node_slot_policy.pc
2026-10-08T11:45:54.1944242Z -- Fixing pkgconfig file: D:/a/CaptureSuite/CaptureSuite/vcpkg/packages/abseil_x64-windows/lib/pkgconfig/absl_non_temporal_arm_intrinsics.pc
2026-10-08T11:45:54.1948391Z -- Fixing pkgconfig file: D:/a/CaptureSuite/CaptureSuite/vcpkg/packages/abseil_x64-windows/lib/pkgconfig/absl_non_temporal_memcpy.pc
2026-10-08T11:45:54.1952692Z -- Fixing pkgconfig file: D:/a/CaptureSuite/CaptureSuite/vcpkg/packages/abseil_x64-windows/lib/pkgconfig/absl_nullability.pc
2026-10-08T11:45:54.1957461Z -- Fixing pkgconfig file: D:/a/CaptureSuite/CaptureSuite/vcpkg/packages/abseil_x64-windows/lib/pkgconfig/absl_numeric.pc
2026-10-08T11:45:54.1961528Z -- Fixing pkgconfig file: D:/a/CaptureSuite/CaptureSuite/vcpkg/packages/abseil_x64-windows/lib/pkgconfig/absl_numeric_representation.pc
2026-10-08T11:45:54.1965776Z -- Fixing pkgconfig file: D:/a/CaptureSuite/CaptureSuite/vcpkg/packages/abseil_x64-windows/lib/pkgconfig/absl_optional.pc
2026-10-08T11:45:54.1970241Z -- Fixing pkgconfig file: D:/a/CaptureSuite/CaptureSuite/vcpkg/packages/abseil_x64-windows/lib/pkgconfig/absl_overload.pc
2026-10-08T11:45:54.1974711Z -- Fixing pkgconfig file: D:/a/CaptureSuite/CaptureSuite/vcpkg/packages/abseil_x64-windows/lib/pkgconfig/absl_periodic_sampler.pc
2026-10-08T11:45:54.1979218Z -- Fixing pkgconfig file: D:/a/CaptureSuite/CaptureSuite/vcpkg/packages/abseil_x64-windows/lib/pkgconfig/absl_poison.pc
2026-10-08T11:45:54.1983937Z -- Fixing pkgconfig file: D:/a/CaptureSuite/CaptureSuite/vcpkg/packages/abseil_x64-windows/lib/pkgconfig/absl_prefetch.pc
2026-10-08T11:45:54.1988454Z -- Fixing pkgconfig file: D:/a/CaptureSuite/CaptureSuite/vcpkg/packages/abseil_x64-windows/lib/pkgconfig/absl_pretty_function.pc
2026-10-08T11:45:54.1992728Z -- Fixing pkgconfig file: D:/a/CaptureSuite/CaptureSuite/vcpkg/packages/abseil_x64-windows/lib/pkgconfig/absl_random_bit_gen_ref.pc
2026-10-08T11:45:54.1997530Z -- Fixing pkgconfig file: D:/a/CaptureSuite/CaptureSuite/vcpkg/packages/abseil_x64-windows/lib/pkgconfig/absl_random_distributions.pc
2026-10-08T11:45:54.2002696Z -- Fixing pkgconfig file: D:/a/CaptureSuite/CaptureSuite/vcpkg/packages/abseil_x64-windows/lib/pkgconfig/absl_random_internal_distribution_caller.pc
2026-10-08T11:45:54.2007391Z -- Fixing pkgconfig file: D:/a/CaptureSuite/CaptureSuite/vcpkg/packages/abseil_x64-windows/lib/pkgconfig/absl_random_internal_distribution_test_util.pc
2026-10-08T11:45:54.2012375Z -- Fixing pkgconfig file: D:/a/CaptureSuite/CaptureSuite/vcpkg/packages/abseil_x64-windows/lib/pkgconfig/absl_random_internal_fast_uniform_bits.pc
2026-10-08T11:45:54.2017121Z -- Fixing pkgconfig file: D:/a/CaptureSuite/CaptureSuite/vcpkg/packages/abseil_x64-windows/lib/pkgconfig/absl_random_internal_fastmath.pc
2026-10-08T11:45:54.2022029Z -- Fixing pkgconfig file: D:/a/CaptureSuite/CaptureSuite/vcpkg/packages/abseil_x64-windows/lib/pkgconfig/absl_random_internal_generate_real.pc
2026-10-08T11:45:54.2027267Z -- Fixing pkgconfig file: D:/a/CaptureSuite/CaptureSuite/vcpkg/packages/abseil_x64-windows/lib/pkgconfig/absl_random_internal_iostream_state_saver.pc
2026-10-08T11:45:54.2032303Z -- Fixing pkgconfig file: D:/a/CaptureSuite/CaptureSuite/vcpkg/packages/abseil_x64-windows/lib/pkgconfig/absl_random_internal_mock_helpers.pc
2026-10-08T11:45:54.2037408Z -- Fixing pkgconfig file: D:/a/CaptureSuite/CaptureSuite/vcpkg/packages/abseil_x64-windows/lib/pkgconfig/absl_random_internal_nonsecure_base.pc
2026-10-08T11:45:54.2042451Z -- Fixing pkgconfig file: D:/a/CaptureSuite/CaptureSuite/vcpkg/packages/abseil_x64-windows/lib/pkgconfig/absl_random_internal_pcg_engine.pc
2026-10-08T11:45:54.2047207Z -- Fixing pkgconfig file: D:/a/CaptureSuite/CaptureSuite/vcpkg/packages/abseil_x64-windows/lib/pkgconfig/absl_random_internal_platform.pc
2026-10-08T11:45:54.2051585Z -- Fixing pkgconfig file: D:/a/CaptureSuite/CaptureSuite/vcpkg/packages/abseil_x64-windows/lib/pkgconfig/absl_random_internal_pool_urbg.pc
2026-10-08T11:45:54.2056208Z -- Fixing pkgconfig file: D:/a/CaptureSuite/CaptureSuite/vcpkg/packages/abseil_x64-windows/lib/pkgconfig/absl_random_internal_randen.pc
2026-10-08T11:45:54.2061111Z -- Fixing pkgconfig file: D:/a/CaptureSuite/CaptureSuite/vcpkg/packages/abseil_x64-windows/lib/pkgconfig/absl_random_internal_randen_engine.pc
2026-10-08T11:45:54.2066201Z -- Fixing pkgconfig file: D:/a/CaptureSuite/CaptureSuite/vcpkg/packages/abseil_x64-windows/lib/pkgconfig/absl_random_internal_randen_hwaes.pc
2026-10-08T11:45:54.2072200Z -- Fixing pkgconfig file: D:/a/CaptureSuite/CaptureSuite/vcpkg/packages/abseil_x64-windows/lib/pkgconfig/absl_random_internal_randen_hwaes_impl.pc
2026-10-08T11:45:54.2077251Z -- Fixing pkgconfig file: D:/a/CaptureSuite/CaptureSuite/vcpkg/packages/abseil_x64-windows/lib/pkgconfig/absl_random_internal_randen_slow.pc
2026-10-08T11:45:54.2082202Z -- Fixing pkgconfig file: D:/a/CaptureSuite/CaptureSuite/vcpkg/packages/abseil_x64-windows/lib/pkgconfig/absl_random_internal_salted_seed_seq.pc
2026-10-08T11:45:54.2087297Z -- Fixing pkgconfig file: D:/a/CaptureSuite/CaptureSuite/vcpkg/packages/abseil_x64-windows/lib/pkgconfig/absl_random_internal_seed_material.pc
2026-10-08T11:45:54.2092407Z -- Fixing pkgconfig file: D:/a/CaptureSuite/CaptureSuite/vcpkg/packages/abseil_x64-windows/lib/pkgconfig/absl_random_internal_traits.pc
2026-10-08T11:45:54.2096987Z -- Fixing pkgconfig file: D:/a/CaptureSuite/CaptureSuite/vcpkg/packages/abseil_x64-windows/lib/pkgconfig/absl_random_internal_uniform_helper.pc
2026-10-08T11:45:54.2101985Z -- Fixing pkgconfig file: D:/a/CaptureSuite/CaptureSuite/vcpkg/packages/abseil_x64-windows/lib/pkgconfig/absl_random_internal_wide_multiply.pc
2026-10-08T11:45:54.2106599Z -- Fixing pkgconfig file: D:/a/CaptureSuite/CaptureSuite/vcpkg/packages/abseil_x64-windows/lib/pkgconfig/absl_random_random.pc
2026-10-08T11:45:54.2111027Z -- Fixing pkgconfig file: D:/a/CaptureSuite/CaptureSuite/vcpkg/packages/abseil_x64-windows/lib/pkgconfig/absl_random_seed_gen_exception.pc
2026-10-08T11:45:54.2115535Z -- Fixing pkgconfig file: D:/a/CaptureSuite/CaptureSuite/vcpkg/packages/abseil_x64-windows/lib/pkgconfig/absl_random_seed_sequences.pc
2026-10-08T11:45:54.2119936Z -- Fixing pkgconfig file: D:/a/CaptureSuite/CaptureSuite/vcpkg/packages/abseil_x64-windows/lib/pkgconfig/absl_raw_hash_map.pc
2026-10-08T11:45:54.2124434Z -- Fixing pkgconfig file: D:/a/CaptureSuite/CaptureSuite/vcpkg/packages/abseil_x64-windows/lib/pkgconfig/absl_raw_hash_set.pc
2026-10-08T11:45:54.2128799Z -- Fixing pkgconfig file: D:/a/CaptureSuite/CaptureSuite/vcpkg/packages/abseil_x64-windows/lib/pkgconfig/absl_raw_logging_internal.pc
2026-10-08T11:45:54.2133637Z -- Fixing pkgconfig file: D:/a/CaptureSuite/CaptureSuite/vcpkg/packages/abseil_x64-windows/lib/pkgconfig/absl_sample_recorder.pc
2026-10-08T11:45:54.2138125Z -- Fixing pkgconfig file: D:/a/CaptureSuite/CaptureSuite/vcpkg/packages/abseil_x64-windows/lib/pkgconfig/absl_scoped_set_env.pc
2026-10-08T11:45:54.2142672Z -- Fixing pkgconfig file: D:/a/CaptureSuite/CaptureSuite/vcpkg/packages/abseil_x64-windows/lib/pkgconfig/absl_span.pc
2026-10-08T11:45:54.2147223Z -- Fixing pkgconfig file: D:/a/CaptureSuite/CaptureSuite/vcpkg/packages/abseil_x64-windows/lib/pkgconfig/absl_spinlock_wait.pc
2026-10-08T11:45:54.2151439Z -- Fixing pkgconfig file: D:/a/CaptureSuite/CaptureSuite/vcpkg/packages/abseil_x64-windows/lib/pkgconfig/absl_stacktrace.pc
2026-10-08T11:45:54.2155589Z -- Fixing pkgconfig file: D:/a/CaptureSuite/CaptureSuite/vcpkg/packages/abseil_x64-windows/lib/pkgconfig/absl_status.pc
2026-10-08T11:45:54.2160069Z -- Fixing pkgconfig file: D:/a/CaptureSuite/CaptureSuite/vcpkg/packages/abseil_x64-windows/lib/pkgconfig/absl_statusor.pc
2026-10-08T11:45:54.2164828Z -- Fixing pkgconfig file: D:/a/CaptureSuite/CaptureSuite/vcpkg/packages/abseil_x64-windows/lib/pkgconfig/absl_str_format.pc
2026-10-08T11:45:54.2169231Z -- Fixing pkgconfig file: D:/a/CaptureSuite/CaptureSuite/vcpkg/packages/abseil_x64-windows/lib/pkgconfig/absl_str_format_internal.pc
2026-10-08T11:45:54.2173471Z -- Fixing pkgconfig file: D:/a/CaptureSuite/CaptureSuite/vcpkg/packages/abseil_x64-windows/lib/pkgconfig/absl_strerror.pc
2026-10-08T11:45:54.2177895Z -- Fixing pkgconfig file: D:/a/CaptureSuite/CaptureSuite/vcpkg/packages/abseil_x64-windows/lib/pkgconfig/absl_string_view.pc
2026-10-08T11:45:54.2182140Z -- Fixing pkgconfig file: D:/a/CaptureSuite/CaptureSuite/vcpkg/packages/abseil_x64-windows/lib/pkgconfig/absl_strings.pc
2026-10-08T11:45:54.2186698Z -- Fixing pkgconfig file: D:/a/CaptureSuite/CaptureSuite/vcpkg/packages/abseil_x64-windows/lib/pkgconfig/absl_strings_internal.pc
2026-10-08T11:45:54.2191358Z -- Fixing pkgconfig file: D:/a/CaptureSuite/CaptureSuite/vcpkg/packages/abseil_x64-windows/lib/pkgconfig/absl_symbolize.pc
2026-10-08T11:45:54.2195905Z -- Fixing pkgconfig file: D:/a/CaptureSuite/CaptureSuite/vcpkg/packages/abseil_x64-windows/lib/pkgconfig/absl_synchronization.pc
2026-10-08T11:45:54.2200689Z -- Fixing pkgconfig file: D:/a/CaptureSuite/CaptureSuite/vcpkg/packages/abseil_x64-windows/lib/pkgconfig/absl_throw_delegate.pc
2026-10-08T11:45:54.2204886Z -- Fixing pkgconfig file: D:/a/CaptureSuite/CaptureSuite/vcpkg/packages/abseil_x64-windows/lib/pkgconfig/absl_time.pc
2026-10-08T11:45:54.2209357Z -- Fixing pkgconfig file: D:/a/CaptureSuite/CaptureSuite/vcpkg/packages/abseil_x64-windows/lib/pkgconfig/absl_time_zone.pc
2026-10-08T11:45:54.2213865Z -- Fixing pkgconfig file: D:/a/CaptureSuite/CaptureSuite/vcpkg/packages/abseil_x64-windows/lib/pkgconfig/absl_tracing_internal.pc
2026-10-08T11:45:54.2218766Z -- Fixing pkgconfig file: D:/a/CaptureSuite/CaptureSuite/vcpkg/packages/abseil_x64-windows/lib/pkgconfig/absl_type_traits.pc
2026-10-08T11:45:54.2223211Z -- Fixing pkgconfig file: D:/a/CaptureSuite/CaptureSuite/vcpkg/packages/abseil_x64-windows/lib/pkgconfig/absl_utf8_for_code_point.pc
2026-10-08T11:45:54.2228555Z -- Fixing pkgconfig file: D:/a/CaptureSuite/CaptureSuite/vcpkg/packages/abseil_x64-windows/lib/pkgconfig/absl_utility.pc
2026-10-08T11:45:54.2233033Z -- Fixing pkgconfig file: D:/a/CaptureSuite/CaptureSuite/vcpkg/packages/abseil_x64-windows/lib/pkgconfig/absl_variant.pc
2026-10-08T11:45:54.2237613Z -- Fixing pkgconfig file: D:/a/CaptureSuite/CaptureSuite/vcpkg/packages/abseil_x64-windows/lib/pkgconfig/absl_vlog_config_internal.pc
2026-10-08T11:45:54.2242436Z -- Fixing pkgconfig file: D:/a/CaptureSuite/CaptureSuite/vcpkg/packages/abseil_x64-windows/lib/pkgconfig/absl_vlog_is_on.pc
2026-10-08T11:45:54.2324085Z -- Using cached msys2-mingw-w64-x86_64-pkgconf-1~2.4.3-1-any.pkg.tar.zst
2026-10-08T11:45:54.2386060Z -- Using cached msys2-msys2-runtime-3.6.2-2-x86_64.pkg.tar.zst
2026-10-08T11:45:54.2391089Z -- Using msys root at D:/a/CaptureSuite/CaptureSuite/vcpkg/downloads/tools/msys2/9272adbcaf19caef
2026-10-08T11:45:55.2897317Z -- Fixing pkgconfig file: D:/a/CaptureSuite/CaptureSuite/vcpkg/packages/abseil_x64-windows/debug/lib/pkgconfig/abseil_dll.pc
2026-10-08T11:45:55.2902480Z -- Fixing pkgconfig file: D:/a/CaptureSuite/CaptureSuite/vcpkg/packages/abseil_x64-windows/debug/lib/pkgconfig/absl_absl_check.pc
2026-10-08T11:45:55.2907395Z -- Fixing pkgconfig file: D:/a/CaptureSuite/CaptureSuite/vcpkg/packages/abseil_x64-windows/debug/lib/pkgconfig/absl_absl_log.pc
2026-10-08T11:45:55.2912623Z -- Fixing pkgconfig file: D:/a/CaptureSuite/CaptureSuite/vcpkg/packages/abseil_x64-windows/debug/lib/pkgconfig/absl_absl_vlog_is_on.pc
2026-10-08T11:45:55.2917827Z -- Fixing pkgconfig file: D:/a/CaptureSuite/CaptureSuite/vcpkg/packages/abseil_x64-windows/debug/lib/pkgconfig/absl_algorithm.pc
2026-10-08T11:45:55.2922768Z -- Fixing pkgconfig file: D:/a/CaptureSuite/CaptureSuite/vcpkg/packages/abseil_x64-windows/debug/lib/pkgconfig/absl_algorithm_container.pc
2026-10-08T11:45:55.2927701Z -- Fixing pkgconfig file: D:/a/CaptureSuite/CaptureSuite/vcpkg/packages/abseil_x64-windows/debug/lib/pkgconfig/absl_any.pc
2026-10-08T11:45:55.2932416Z -- Fixing pkgconfig file: D:/a/CaptureSuite/CaptureSuite/vcpkg/packages/abseil_x64-windows/debug/lib/pkgconfig/absl_any_invocable.pc
2026-10-08T11:45:55.2937180Z -- Fixing pkgconfig file: D:/a/CaptureSuite/CaptureSuite/vcpkg/packages/abseil_x64-windows/debug/lib/pkgconfig/absl_atomic_hook.pc
2026-10-08T11:45:55.2941867Z -- Fixing pkgconfig file: D:/a/CaptureSuite/CaptureSuite/vcpkg/packages/abseil_x64-windows/debug/lib/pkgconfig/absl_bad_any_cast.pc
2026-10-08T11:45:55.2946568Z -- Fixing pkgconfig file: D:/a/CaptureSuite/CaptureSuite/vcpkg/packages/abseil_x64-windows/debug/lib/pkgconfig/absl_bad_any_cast_impl.pc
2026-10-08T11:45:55.2951827Z -- Fixing pkgconfig file: D:/a/CaptureSuite/CaptureSuite/vcpkg/packages/abseil_x64-windows/debug/lib/pkgconfig/absl_bad_optional_access.pc
2026-10-08T11:45:55.2956591Z -- Fixing pkgconfig file: D:/a/CaptureSuite/CaptureSuite/vcpkg/packages/abseil_x64-windows/debug/lib/pkgconfig/absl_bad_variant_access.pc
2026-10-08T11:45:55.2961190Z -- Fixing pkgconfig file: D:/a/CaptureSuite/CaptureSuite/vcpkg/packages/abseil_x64-windows/debug/lib/pkgconfig/absl_base.pc
2026-10-08T11:45:55.2966202Z -- Fixing pkgconfig file: D:/a/CaptureSuite/CaptureSuite/vcpkg/packages/abseil_x64-windows/debug/lib/pkgconfig/absl_base_internal.pc
2026-10-08T11:45:55.2970498Z -- Fixing pkgconfig file: D:/a/CaptureSuite/CaptureSuite/vcpkg/packages/abseil_x64-windows/debug/lib/pkgconfig/absl_bind_front.pc
2026-10-08T11:45:55.2975164Z -- Fixing pkgconfig file: D:/a/CaptureSuite/CaptureSuite/vcpkg/packages/abseil_x64-windows/debug/lib/pkgconfig/absl_bits.pc
2026-10-08T11:45:55.2979734Z -- Fixing pkgconfig file: D:/a/CaptureSuite/CaptureSuite/vcpkg/packages/abseil_x64-windows/debug/lib/pkgconfig/absl_bounded_utf8_length_sequence.pc
2026-10-08T11:45:55.2984535Z -- Fixing pkgconfig file: D:/a/CaptureSuite/CaptureSuite/vcpkg/packages/abseil_x64-windows/debug/lib/pkgconfig/absl_btree.pc
2026-10-08T11:45:55.2989558Z -- Fixing pkgconfig file: D:/a/CaptureSuite/CaptureSuite/vcpkg/packages/abseil_x64-windows/debug/lib/pkgconfig/absl_charset.pc
2026-10-08T11:45:55.2994265Z -- Fixing pkgconfig file: D:/a/CaptureSuite/CaptureSuite/vcpkg/packages/abseil_x64-windows/debug/lib/pkgconfig/absl_check.pc
2026-10-08T11:45:55.2999176Z -- Fixing pkgconfig file: D:/a/CaptureSuite/CaptureSuite/vcpkg/packages/abseil_x64-windows/debug/lib/pkgconfig/absl_city.pc
2026-10-08T11:45:55.3003929Z -- Fixing pkgconfig file: D:/a/CaptureSuite/CaptureSuite/vcpkg/packages/abseil_x64-windows/debug/lib/pkgconfig/absl_civil_time.pc
2026-10-08T11:45:55.3008541Z -- Fixing pkgconfig file: D:/a/CaptureSuite/CaptureSuite/vcpkg/packages/abseil_x64-windows/debug/lib/pkgconfig/absl_cleanup.pc
2026-10-08T11:45:55.3013007Z -- Fixing pkgconfig file: D:/a/CaptureSuite/CaptureSuite/vcpkg/packages/abseil_x64-windows/debug/lib/pkgconfig/absl_cleanup_internal.pc
2026-10-08T11:45:55.3017880Z -- Fixing pkgconfig file: D:/a/CaptureSuite/CaptureSuite/vcpkg/packages/abseil_x64-windows/debug/lib/pkgconfig/absl_common_policy_traits.pc
2026-10-08T11:45:55.3022277Z -- Fixing pkgconfig file: D:/a/CaptureSuite/CaptureSuite/vcpkg/packages/abseil_x64-windows/debug/lib/pkgconfig/absl_compare.pc
2026-10-08T11:45:55.3026821Z -- Fixing pkgconfig file: D:/a/CaptureSuite/CaptureSuite/vcpkg/packages/abseil_x64-windows/debug/lib/pkgconfig/absl_compressed_tuple.pc
2026-10-08T11:45:55.3031355Z -- Fixing pkgconfig file: D:/a/CaptureSuite/CaptureSuite/vcpkg/packages/abseil_x64-windows/debug/lib/pkgconfig/absl_config.pc
2026-10-08T11:45:55.3036096Z -- Fixing pkgconfig file: D:/a/CaptureSuite/CaptureSuite/vcpkg/packages/abseil_x64-windows/debug/lib/pkgconfig/absl_container_common.pc
2026-10-08T11:45:55.3041150Z -- Fixing pkgconfig file: D:/a/CaptureSuite/CaptureSuite/vcpkg/packages/abseil_x64-windows/debug/lib/pkgconfig/absl_container_memory.pc
2026-10-08T11:45:55.3046291Z -- Fixing pkgconfig file: D:/a/CaptureSuite/CaptureSuite/vcpkg/packages/abseil_x64-windows/debug/lib/pkgconfig/absl_cord.pc
2026-10-08T11:45:55.3049987Z -- Fixing pkgconfig file: D:/a/CaptureSuite/CaptureSuite/vcpkg/packages/abseil_x64-windows/debug/lib/pkgconfig/absl_cord_internal.pc
2026-10-08T11:45:55.3054307Z -- Fixing pkgconfig file: D:/a/CaptureSuite/CaptureSuite/vcpkg/packages/abseil_x64-windows/debug/lib/pkgconfig/absl_cordz_functions.pc
2026-10-08T11:45:55.3058837Z -- Fixing pkgconfig file: D:/a/CaptureSuite/CaptureSuite/vcpkg/packages/abseil_x64-windows/debug/lib/pkgconfig/absl_cordz_handle.pc
2026-10-08T11:45:55.3063167Z -- Fixing pkgconfig file: D:/a/CaptureSuite/CaptureSuite/vcpkg/packages/abseil_x64-windows/debug/lib/pkgconfig/absl_cordz_info.pc
2026-10-08T11:45:55.3067508Z -- Fixing pkgconfig file: D:/a/CaptureSuite/CaptureSuite/vcpkg/packages/abseil_x64-windows/debug/lib/pkgconfig/absl_cordz_sample_token.pc
2026-10-08T11:45:55.3071697Z -- Fixing pkgconfig file: D:/a/CaptureSuite/CaptureSuite/vcpkg/packages/abseil_x64-windows/debug/lib/pkgconfig/absl_cordz_statistics.pc
2026-10-08T11:45:55.3076081Z -- Fixing pkgconfig file: D:/a/CaptureSuite/CaptureSuite/vcpkg/packages/abseil_x64-windows/debug/lib/pkgconfig/absl_cordz_update_scope.pc
2026-10-08T11:45:55.3081097Z -- Fixing pkgconfig file: D:/a/CaptureSuite/CaptureSuite/vcpkg/packages/abseil_x64-windows/debug/lib/pkgconfig/absl_cordz_update_tracker.pc
2026-10-08T11:45:55.3085773Z -- Fixing pkgconfig file: D:/a/CaptureSuite/CaptureSuite/vcpkg/packages/abseil_x64-windows/debug/lib/pkgconfig/absl_core_headers.pc
2026-10-08T11:45:55.3090171Z -- Fixing pkgconfig file: D:/a/CaptureSuite/CaptureSuite/vcpkg/packages/abseil_x64-windows/debug/lib/pkgconfig/absl_crc32c.pc
2026-10-08T11:45:55.3094818Z -- Fixing pkgconfig file: D:/a/CaptureSuite/CaptureSuite/vcpkg/packages/abseil_x64-windows/debug/lib/pkgconfig/absl_crc_cord_state.pc
2026-10-08T11:45:55.3099583Z -- Fixing pkgconfig file: D:/a/CaptureSuite/CaptureSuite/vcpkg/packages/abseil_x64-windows/debug/lib/pkgconfig/absl_crc_cpu_detect.pc
2026-10-08T11:45:55.3104282Z -- Fixing pkgconfig file: D:/a/CaptureSuite/CaptureSuite/vcpkg/packages/abseil_x64-windows/debug/lib/pkgconfig/absl_crc_internal.pc
2026-10-08T11:45:55.3109246Z -- Fixing pkgconfig file: D:/a/CaptureSuite/CaptureSuite/vcpkg/packages/abseil_x64-windows/debug/lib/pkgconfig/absl_debugging.pc
2026-10-08T11:45:55.3115261Z -- Fixing pkgconfig file: D:/a/CaptureSuite/CaptureSuite/vcpkg/packages/abseil_x64-windows/debug/lib/pkgconfig/absl_debugging_internal.pc
2026-10-08T11:45:55.3120037Z -- Fixing pkgconfig file: D:/a/CaptureSuite/CaptureSuite/vcpkg/packages/abseil_x64-windows/debug/lib/pkgconfig/absl_decode_rust_punycode.pc
2026-10-08T11:45:55.3125071Z -- Fixing pkgconfig file: D:/a/CaptureSuite/CaptureSuite/vcpkg/packages/abseil_x64-windows/debug/lib/pkgconfig/absl_demangle_internal.pc
2026-10-08T11:45:55.3129314Z -- Fixing pkgconfig file: D:/a/CaptureSuite/CaptureSuite/vcpkg/packages/abseil_x64-windows/debug/lib/pkgconfig/absl_demangle_rust.pc
2026-10-08T11:45:55.3134429Z -- Fixing pkgconfig file: D:/a/CaptureSuite/CaptureSuite/vcpkg/packages/abseil_x64-windows/debug/lib/pkgconfig/absl_die_if_null.pc
2026-10-08T11:45:55.3139374Z -- Fixing pkgconfig file: D:/a/CaptureSuite/CaptureSuite/vcpkg/packages/abseil_x64-windows/debug/lib/pkgconfig/absl_dynamic_annotations.pc
2026-10-08T11:45:55.3143885Z -- Fixing pkgconfig file: D:/a/CaptureSuite/CaptureSuite/vcpkg/packages/abseil_x64-windows/debug/lib/pkgconfig/absl_endian.pc
2026-10-08T11:45:55.3148585Z -- Fixing pkgconfig file: D:/a/CaptureSuite/CaptureSuite/vcpkg/packages/abseil_x64-windows/debug/lib/pkgconfig/absl_errno_saver.pc
2026-10-08T11:45:55.3153048Z -- Fixing pkgconfig file: D:/a/CaptureSuite/CaptureSuite/vcpkg/packages/abseil_x64-windows/debug/lib/pkgconfig/absl_examine_stack.pc
2026-10-08T11:45:55.3157685Z -- Fixing pkgconfig file: D:/a/CaptureSuite/CaptureSuite/vcpkg/packages/abseil_x64-windows/debug/lib/pkgconfig/absl_exponential_biased.pc
2026-10-08T11:45:55.3162539Z -- Fixing pkgconfig file: D:/a/CaptureSuite/CaptureSuite/vcpkg/packages/abseil_x64-windows/debug/lib/pkgconfig/absl_failure_signal_handler.pc
2026-10-08T11:45:55.3167116Z -- Fixing pkgconfig file: D:/a/CaptureSuite/CaptureSuite/vcpkg/packages/abseil_x64-windows/debug/lib/pkgconfig/absl_fast_type_id.pc
2026-10-08T11:45:55.3171919Z -- Fixing pkgconfig file: D:/a/CaptureSuite/CaptureSuite/vcpkg/packages/abseil_x64-windows/debug/lib/pkgconfig/absl_fixed_array.pc
2026-10-08T11:45:55.3176303Z -- Fixing pkgconfig file: D:/a/CaptureSuite/CaptureSuite/vcpkg/packages/abseil_x64-windows/debug/lib/pkgconfig/absl_flags.pc
2026-10-08T11:45:55.3181482Z -- Fixing pkgconfig file: D:/a/CaptureSuite/CaptureSuite/vcpkg/packages/abseil_x64-windows/debug/lib/pkgconfig/absl_flags_commandlineflag.pc
2026-10-08T11:45:55.3186927Z -- Fixing pkgconfig file: D:/a/CaptureSuite/CaptureSuite/vcpkg/packages/abseil_x64-windows/debug/lib/pkgconfig/absl_flags_commandlineflag_internal.pc
2026-10-08T11:45:55.3192480Z -- Fixing pkgconfig file: D:/a/CaptureSuite/CaptureSuite/vcpkg/packages/abseil_x64-windows/debug/lib/pkgconfig/absl_flags_config.pc
2026-10-08T11:45:55.3198250Z -- Fixing pkgconfig file: D:/a/CaptureSuite/CaptureSuite/vcpkg/packages/abseil_x64-windows/debug/lib/pkgconfig/absl_flags_internal.pc
2026-10-08T11:45:55.3203961Z -- Fixing pkgconfig file: D:/a/CaptureSuite/CaptureSuite/vcpkg/packages/abseil_x64-windows/debug/lib/pkgconfig/absl_flags_marshalling.pc
2026-10-08T11:45:55.3209580Z -- Fixing pkgconfig file: D:/a/CaptureSuite/CaptureSuite/vcpkg/packages/abseil_x64-windows/debug/lib/pkgconfig/absl_flags_parse.pc
2026-10-08T11:45:55.3215387Z -- Fixing pkgconfig file: D:/a/CaptureSuite/CaptureSuite/vcpkg/packages/abseil_x64-windows/debug/lib/pkgconfig/absl_flags_path_util.pc
2026-10-08T11:45:55.3220627Z -- Fixing pkgconfig file: D:/a/CaptureSuite/CaptureSuite/vcpkg/packages/abseil_x64-windows/debug/lib/pkgconfig/absl_flags_private_handle_accessor.pc
2026-10-08T11:45:55.3225898Z -- Fixing pkgconfig file: D:/a/CaptureSuite/CaptureSuite/vcpkg/packages/abseil_x64-windows/debug/lib/pkgconfig/absl_flags_program_name.pc
2026-10-08T11:45:55.3231501Z -- Fixing pkgconfig file: D:/a/CaptureSuite/CaptureSuite/vcpkg/packages/abseil_x64-windows/debug/lib/pkgconfig/absl_flags_reflection.pc
2026-10-08T11:45:55.3237106Z -- Fixing pkgconfig file: D:/a/CaptureSuite/CaptureSuite/vcpkg/packages/abseil_x64-windows/debug/lib/pkgconfig/absl_flags_usage.pc
2026-10-08T11:45:55.3242298Z -- Fixing pkgconfig file: D:/a/CaptureSuite/CaptureSuite/vcpkg/packages/abseil_x64-windows/debug/lib/pkgconfig/absl_flags_usage_internal.pc
2026-10-08T11:45:55.3247882Z -- Fixing pkgconfig file: D:/a/CaptureSuite/CaptureSuite/vcpkg/packages/abseil_x64-windows/debug/lib/pkgconfig/absl_flat_hash_map.pc
2026-10-08T11:45:55.3252376Z -- Fixing pkgconfig file: D:/a/CaptureSuite/CaptureSuite/vcpkg/packages/abseil_x64-windows/debug/lib/pkgconfig/absl_flat_hash_set.pc
2026-10-08T11:45:55.3256751Z -- Fixing pkgconfig file: D:/a/CaptureSuite/CaptureSuite/vcpkg/packages/abseil_x64-windows/debug/lib/pkgconfig/absl_function_ref.pc
2026-10-08T11:45:55.3261685Z -- Fixing pkgconfig file: D:/a/CaptureSuite/CaptureSuite/vcpkg/packages/abseil_x64-windows/debug/lib/pkgconfig/absl_graphcycles_internal.pc
2026-10-08T11:45:55.3265914Z -- Fixing pkgconfig file: D:/a/CaptureSuite/CaptureSuite/vcpkg/packages/abseil_x64-windows/debug/lib/pkgconfig/absl_has_ostream_operator.pc
2026-10-08T11:45:55.3270515Z -- Fixing pkgconfig file: D:/a/CaptureSuite/CaptureSuite/vcpkg/packages/abseil_x64-windows/debug/lib/pkgconfig/absl_hash.pc
2026-10-08T11:45:55.3275038Z -- Fixing pkgconfig file: D:/a/CaptureSuite/CaptureSuite/vcpkg/packages/abseil_x64-windows/debug/lib/pkgconfig/absl_hash_container_defaults.pc
2026-10-08T11:45:55.3279300Z -- Fixing pkgconfig file: D:/a/CaptureSuite/CaptureSuite/vcpkg/packages/abseil_x64-windows/debug/lib/pkgconfig/absl_hash_function_defaults.pc
2026-10-08T11:45:55.3283718Z -- Fixing pkgconfig file: D:/a/CaptureSuite/CaptureSuite/vcpkg/packages/abseil_x64-windows/debug/lib/pkgconfig/absl_hash_policy_traits.pc
2026-10-08T11:45:55.3288506Z -- Fixing pkgconfig file: D:/a/CaptureSuite/CaptureSuite/vcpkg/packages/abseil_x64-windows/debug/lib/pkgconfig/absl_hashtable_debug.pc
2026-10-08T11:45:55.3293236Z -- Fixing pkgconfig file: D:/a/CaptureSuite/CaptureSuite/vcpkg/packages/abseil_x64-windows/debug/lib/pkgconfig/absl_hashtable_debug_hooks.pc
2026-10-08T11:45:55.3298010Z -- Fixing pkgconfig file: D:/a/CaptureSuite/CaptureSuite/vcpkg/packages/abseil_x64-windows/debug/lib/pkgconfig/absl_hashtablez_sampler.pc
2026-10-08T11:45:55.3302548Z -- Fixing pkgconfig file: D:/a/CaptureSuite/CaptureSuite/vcpkg/packages/abseil_x64-windows/debug/lib/pkgconfig/absl_if_constexpr.pc
2026-10-08T11:45:55.3307219Z -- Fixing pkgconfig file: D:/a/CaptureSuite/CaptureSuite/vcpkg/packages/abseil_x64-windows/debug/lib/pkgconfig/absl_inlined_vector.pc
2026-10-08T11:45:55.3311851Z -- Fixing pkgconfig file: D:/a/CaptureSuite/CaptureSuite/vcpkg/packages/abseil_x64-windows/debug/lib/pkgconfig/absl_inlined_vector_internal.pc
2026-10-08T11:45:55.3316256Z -- Fixing pkgconfig file: D:/a/CaptureSuite/CaptureSuite/vcpkg/packages/abseil_x64-windows/debug/lib/pkgconfig/absl_int128.pc
2026-10-08T11:45:55.3320762Z -- Fixing pkgconfig file: D:/a/CaptureSuite/CaptureSuite/vcpkg/packages/abseil_x64-windows/debug/lib/pkgconfig/absl_kernel_timeout_internal.pc
2026-10-08T11:45:55.3325253Z -- Fixing pkgconfig file: D:/a/CaptureSuite/CaptureSuite/vcpkg/packages/abseil_x64-windows/debug/lib/pkgconfig/absl_layout.pc
2026-10-08T11:45:55.3330053Z -- Fixing pkgconfig file: D:/a/CaptureSuite/CaptureSuite/vcpkg/packages/abseil_x64-windows/debug/lib/pkgconfig/absl_leak_check.pc
2026-10-08T11:45:55.3334601Z -- Fixing pkgconfig file: D:/a/CaptureSuite/CaptureSuite/vcpkg/packages/abseil_x64-windows/debug/lib/pkgconfig/absl_log.pc
2026-10-08T11:45:55.3339434Z -- Fixing pkgconfig file: D:/a/CaptureSuite/CaptureSuite/vcpkg/packages/abseil_x64-windows/debug/lib/pkgconfig/absl_log_entry.pc
2026-10-08T11:45:55.3344256Z -- Fixing pkgconfig file: D:/a/CaptureSuite/CaptureSuite/vcpkg/packages/abseil_x64-windows/debug/lib/pkgconfig/absl_log_flags.pc
2026-10-08T11:45:55.3349781Z -- Fixing pkgconfig file: D:/a/CaptureSuite/CaptureSuite/vcpkg/packages/abseil_x64-windows/debug/lib/pkgconfig/absl_log_globals.pc
2026-10-08T11:45:55.3354737Z -- Fixing pkgconfig file: D:/a/CaptureSuite/CaptureSuite/vcpkg/packages/abseil_x64-windows/debug/lib/pkgconfig/absl_log_initialize.pc
2026-10-08T11:45:55.3359797Z -- Fixing pkgconfig file: D:/a/CaptureSuite/CaptureSuite/vcpkg/packages/abseil_x64-windows/debug/lib/pkgconfig/absl_log_internal_append_truncated.pc
2026-10-08T11:45:55.3365014Z -- Fixing pkgconfig file: D:/a/CaptureSuite/CaptureSuite/vcpkg/packages/abseil_x64-windows/debug/lib/pkgconfig/absl_log_internal_check_impl.pc
2026-10-08T11:45:55.3370070Z -- Fixing pkgconfig file: D:/a/CaptureSuite/CaptureSuite/vcpkg/packages/abseil_x64-windows/debug/lib/pkgconfig/absl_log_internal_check_op.pc
2026-10-08T11:45:55.3375074Z -- Fixing pkgconfig file: D:/a/CaptureSuite/CaptureSuite/vcpkg/packages/abseil_x64-windows/debug/lib/pkgconfig/absl_log_internal_conditions.pc
2026-10-08T11:45:55.3380172Z -- Fixing pkgconfig file: D:/a/CaptureSuite/CaptureSuite/vcpkg/packages/abseil_x64-windows/debug/lib/pkgconfig/absl_log_internal_config.pc
2026-10-08T11:45:55.3385210Z -- Fixing pkgconfig file: D:/a/CaptureSuite/CaptureSuite/vcpkg/packages/abseil_x64-windows/debug/lib/pkgconfig/absl_log_internal_flags.pc
2026-10-08T11:45:55.3390268Z -- Fixing pkgconfig file: D:/a/CaptureSuite/CaptureSuite/vcpkg/packages/abseil_x64-windows/debug/lib/pkgconfig/absl_log_internal_fnmatch.pc
2026-10-08T11:45:55.3395303Z -- Fixing pkgconfig file: D:/a/CaptureSuite/CaptureSuite/vcpkg/packages/abseil_x64-windows/debug/lib/pkgconfig/absl_log_internal_format.pc
2026-10-08T11:45:55.3400272Z -- Fixing pkgconfig file: D:/a/CaptureSuite/CaptureSuite/vcpkg/packages/abseil_x64-windows/debug/lib/pkgconfig/absl_log_internal_globals.pc
2026-10-08T11:45:55.3405010Z -- Fixing pkgconfig file: D:/a/CaptureSuite/CaptureSuite/vcpkg/packages/abseil_x64-windows/debug/lib/pkgconfig/absl_log_internal_log_impl.pc
2026-10-08T11:45:55.3409922Z -- Fixing pkgconfig file: D:/a/CaptureSuite/CaptureSuite/vcpkg/packages/abseil_x64-windows/debug/lib/pkgconfig/absl_log_internal_log_sink_set.pc
2026-10-08T11:45:55.3414472Z -- Fixing pkgconfig file: D:/a/CaptureSuite/CaptureSuite/vcpkg/packages/abseil_x64-windows/debug/lib/pkgconfig/absl_log_internal_message.pc
2026-10-08T11:45:55.3419269Z -- Fixing pkgconfig file: D:/a/CaptureSuite/CaptureSuite/vcpkg/packages/abseil_x64-windows/debug/lib/pkgconfig/absl_log_internal_nullguard.pc
2026-10-08T11:45:55.3424105Z -- Fixing pkgconfig file: D:/a/CaptureSuite/CaptureSuite/vcpkg/packages/abseil_x64-windows/debug/lib/pkgconfig/absl_log_internal_nullstream.pc
2026-10-08T11:45:55.3429053Z -- Fixing pkgconfig file: D:/a/CaptureSuite/CaptureSuite/vcpkg/packages/abseil_x64-windows/debug/lib/pkgconfig/absl_log_internal_proto.pc
2026-10-08T11:45:55.3434015Z -- Fixing pkgconfig file: D:/a/CaptureSuite/CaptureSuite/vcpkg/packages/abseil_x64-windows/debug/lib/pkgconfig/absl_log_internal_strip.pc
2026-10-08T11:45:55.3439025Z -- Fixing pkgconfig file: D:/a/CaptureSuite/CaptureSuite/vcpkg/packages/abseil_x64-windows/debug/lib/pkgconfig/absl_log_internal_structured.pc
2026-10-08T11:45:55.3444236Z -- Fixing pkgconfig file: D:/a/CaptureSuite/CaptureSuite/vcpkg/packages/abseil_x64-windows/debug/lib/pkgconfig/absl_log_internal_structured_proto.pc
2026-10-08T11:45:55.3449906Z -- Fixing pkgconfig file: D:/a/CaptureSuite/CaptureSuite/vcpkg/packages/abseil_x64-windows/debug/lib/pkgconfig/absl_log_internal_voidify.pc
2026-10-08T11:45:55.3454698Z -- Fixing pkgconfig file: D:/a/CaptureSuite/CaptureSuite/vcpkg/packages/abseil_x64-windows/debug/lib/pkgconfig/absl_log_severity.pc
2026-10-08T11:45:55.3459145Z -- Fixing pkgconfig file: D:/a/CaptureSuite/CaptureSuite/vcpkg/packages/abseil_x64-windows/debug/lib/pkgconfig/absl_log_sink.pc
2026-10-08T11:45:55.3463860Z -- Fixing pkgconfig file: D:/a/CaptureSuite/CaptureSuite/vcpkg/packages/abseil_x64-windows/debug/lib/pkgconfig/absl_log_sink_registry.pc
2026-10-08T11:45:55.3468628Z -- Fixing pkgconfig file: D:/a/CaptureSuite/CaptureSuite/vcpkg/packages/abseil_x64-windows/debug/lib/pkgconfig/absl_log_streamer.pc
2026-10-08T11:45:55.3473620Z -- Fixing pkgconfig file: D:/a/CaptureSuite/CaptureSuite/vcpkg/packages/abseil_x64-windows/debug/lib/pkgconfig/absl_log_structured.pc
2026-10-08T11:45:55.3478244Z -- Fixing pkgconfig file: D:/a/CaptureSuite/CaptureSuite/vcpkg/packages/abseil_x64-windows/debug/lib/pkgconfig/absl_low_level_hash.pc
2026-10-08T11:45:55.3482751Z -- Fixing pkgconfig file: D:/a/CaptureSuite/CaptureSuite/vcpkg/packages/abseil_x64-windows/debug/lib/pkgconfig/absl_malloc_internal.pc
2026-10-08T11:45:55.3487460Z -- Fixing pkgconfig file: D:/a/CaptureSuite/CaptureSuite/vcpkg/packages/abseil_x64-windows/debug/lib/pkgconfig/absl_memory.pc
2026-10-08T11:45:55.3492019Z -- Fixing pkgconfig file: D:/a/CaptureSuite/CaptureSuite/vcpkg/packages/abseil_x64-windows/debug/lib/pkgconfig/absl_meta.pc
2026-10-08T11:45:55.3496421Z -- Fixing pkgconfig file: D:/a/CaptureSuite/CaptureSuite/vcpkg/packages/abseil_x64-windows/debug/lib/pkgconfig/absl_no_destructor.pc
2026-10-08T11:45:55.3500917Z -- Fixing pkgconfig file: D:/a/CaptureSuite/CaptureSuite/vcpkg/packages/abseil_x64-windows/debug/lib/pkgconfig/absl_node_hash_map.pc
2026-10-08T11:45:55.3505230Z -- Fixing pkgconfig file: D:/a/CaptureSuite/CaptureSuite/vcpkg/packages/abseil_x64-windows/debug/lib/pkgconfig/absl_node_hash_set.pc
2026-10-08T11:45:55.3509733Z -- Fixing pkgconfig file: D:/a/CaptureSuite/CaptureSuite/vcpkg/packages/abseil_x64-windows/debug/lib/pkgconfig/absl_node_slot_policy.pc
2026-10-08T11:45:55.3514609Z -- Fixing pkgconfig file: D:/a/CaptureSuite/CaptureSuite/vcpkg/packages/abseil_x64-windows/debug/lib/pkgconfig/absl_non_temporal_arm_intrinsics.pc
2026-10-08T11:45:55.3519523Z -- Fixing pkgconfig file: D:/a/CaptureSuite/CaptureSuite/vcpkg/packages/abseil_x64-windows/debug/lib/pkgconfig/absl_non_temporal_memcpy.pc
2026-10-08T11:45:55.3524218Z -- Fixing pkgconfig file: D:/a/CaptureSuite/CaptureSuite/vcpkg/packages/abseil_x64-windows/debug/lib/pkgconfig/absl_nullability.pc
2026-10-08T11:45:55.3528901Z -- Fixing pkgconfig file: D:/a/CaptureSuite/CaptureSuite/vcpkg/packages/abseil_x64-windows/debug/lib/pkgconfig/absl_numeric.pc
2026-10-08T11:45:55.3533465Z -- Fixing pkgconfig file: D:/a/CaptureSuite/CaptureSuite/vcpkg/packages/abseil_x64-windows/debug/lib/pkgconfig/absl_numeric_representation.pc
2026-10-08T11:45:55.3537963Z -- Fixing pkgconfig file: D:/a/CaptureSuite/CaptureSuite/vcpkg/packages/abseil_x64-windows/debug/lib/pkgconfig/absl_optional.pc
2026-10-08T11:45:55.3542550Z -- Fixing pkgconfig file: D:/a/CaptureSuite/CaptureSuite/vcpkg/packages/abseil_x64-windows/debug/lib/pkgconfig/absl_overload.pc
2026-10-08T11:45:55.3547024Z -- Fixing pkgconfig file: D:/a/CaptureSuite/CaptureSuite/vcpkg/packages/abseil_x64-windows/debug/lib/pkgconfig/absl_periodic_sampler.pc
2026-10-08T11:45:55.3551421Z -- Fixing pkgconfig file: D:/a/CaptureSuite/CaptureSuite/vcpkg/packages/abseil_x64-windows/debug/lib/pkgconfig/absl_poison.pc
2026-10-08T11:45:55.3556633Z -- Fixing pkgconfig file: D:/a/CaptureSuite/CaptureSuite/vcpkg/packages/abseil_x64-windows/debug/lib/pkgconfig/absl_prefetch.pc
2026-10-08T11:45:55.3561451Z -- Fixing pkgconfig file: D:/a/CaptureSuite/CaptureSuite/vcpkg/packages/abseil_x64-windows/debug/lib/pkgconfig/absl_pretty_function.pc
2026-10-08T11:45:55.3565975Z -- Fixing pkgconfig file: D:/a/CaptureSuite/CaptureSuite/vcpkg/packages/abseil_x64-windows/debug/lib/pkgconfig/absl_random_bit_gen_ref.pc
2026-10-08T11:45:55.3570782Z -- Fixing pkgconfig file: D:/a/CaptureSuite/CaptureSuite/vcpkg/packages/abseil_x64-windows/debug/lib/pkgconfig/absl_random_distributions.pc
2026-10-08T11:45:55.3576193Z -- Fixing pkgconfig file: D:/a/CaptureSuite/CaptureSuite/vcpkg/packages/abseil_x64-windows/debug/lib/pkgconfig/absl_random_internal_distribution_caller.pc
2026-10-08T11:45:55.3581142Z -- Fixing pkgconfig file: D:/a/CaptureSuite/CaptureSuite/vcpkg/packages/abseil_x64-windows/debug/lib/pkgconfig/absl_random_internal_distribution_test_util.pc
2026-10-08T11:45:55.3586395Z -- Fixing pkgconfig file: D:/a/CaptureSuite/CaptureSuite/vcpkg/packages/abseil_x64-windows/debug/lib/pkgconfig/absl_random_internal_fast_uniform_bits.pc
2026-10-08T11:45:55.3591552Z -- Fixing pkgconfig file: D:/a/CaptureSuite/CaptureSuite/vcpkg/packages/abseil_x64-windows/debug/lib/pkgconfig/absl_random_internal_fastmath.pc
2026-10-08T11:45:55.3596866Z -- Fixing pkgconfig file: D:/a/CaptureSuite/CaptureSuite/vcpkg/packages/abseil_x64-windows/debug/lib/pkgconfig/absl_random_internal_generate_real.pc
2026-10-08T11:45:55.3602224Z -- Fixing pkgconfig file: D:/a/CaptureSuite/CaptureSuite/vcpkg/packages/abseil_x64-windows/debug/lib/pkgconfig/absl_random_internal_iostream_state_saver.pc
2026-10-08T11:45:55.3607158Z -- Fixing pkgconfig file: D:/a/CaptureSuite/CaptureSuite/vcpkg/packages/abseil_x64-windows/debug/lib/pkgconfig/absl_random_internal_mock_helpers.pc
2026-10-08T11:45:55.3612305Z -- Fixing pkgconfig file: D:/a/CaptureSuite/CaptureSuite/vcpkg/packages/abseil_x64-windows/debug/lib/pkgconfig/absl_random_internal_nonsecure_base.pc
2026-10-08T11:45:55.3617360Z -- Fixing pkgconfig file: D:/a/CaptureSuite/CaptureSuite/vcpkg/packages/abseil_x64-windows/debug/lib/pkgconfig/absl_random_internal_pcg_engine.pc
2026-10-08T11:45:55.3622128Z -- Fixing pkgconfig file: D:/a/CaptureSuite/CaptureSuite/vcpkg/packages/abseil_x64-windows/debug/lib/pkgconfig/absl_random_internal_platform.pc
2026-10-08T11:45:55.3627197Z -- Fixing pkgconfig file: D:/a/CaptureSuite/CaptureSuite/vcpkg/packages/abseil_x64-windows/debug/lib/pkgconfig/absl_random_internal_pool_urbg.pc
2026-10-08T11:45:55.3632307Z -- Fixing pkgconfig file: D:/a/CaptureSuite/CaptureSuite/vcpkg/packages/abseil_x64-windows/debug/lib/pkgconfig/absl_random_internal_randen.pc
2026-10-08T11:45:55.3637291Z -- Fixing pkgconfig file: D:/a/CaptureSuite/CaptureSuite/vcpkg/packages/abseil_x64-windows/debug/lib/pkgconfig/absl_random_internal_randen_engine.pc
2026-10-08T11:45:55.3641915Z -- Fixing pkgconfig file: D:/a/CaptureSuite/CaptureSuite/vcpkg/packages/abseil_x64-windows/debug/lib/pkgconfig/absl_random_internal_randen_hwaes.pc
2026-10-08T11:45:55.3646832Z -- Fixing pkgconfig file: D:/a/CaptureSuite/CaptureSuite/vcpkg/packages/abseil_x64-windows/debug/lib/pkgconfig/absl_random_internal_randen_hwaes_impl.pc
2026-10-08T11:45:55.3651744Z -- Fixing pkgconfig file: D:/a/CaptureSuite/CaptureSuite/vcpkg/packages/abseil_x64-windows/debug/lib/pkgconfig/absl_random_internal_randen_slow.pc
2026-10-08T11:45:55.3656719Z -- Fixing pkgconfig file: D:/a/CaptureSuite/CaptureSuite/vcpkg/packages/abseil_x64-windows/debug/lib/pkgconfig/absl_random_internal_salted_seed_seq.pc
2026-10-08T11:45:55.3661697Z -- Fixing pkgconfig file: D:/a/CaptureSuite/CaptureSuite/vcpkg/packages/abseil_x64-windows/debug/lib/pkgconfig/absl_random_internal_seed_material.pc
2026-10-08T11:45:55.3666360Z -- Fixing pkgconfig file: D:/a/CaptureSuite/CaptureSuite/vcpkg/packages/abseil_x64-windows/debug/lib/pkgconfig/absl_random_internal_traits.pc
2026-10-08T11:45:55.3671018Z -- Fixing pkgconfig file: D:/a/CaptureSuite/CaptureSuite/vcpkg/packages/abseil_x64-windows/debug/lib/pkgconfig/absl_random_internal_uniform_helper.pc
2026-10-08T11:45:55.3675776Z -- Fixing pkgconfig file: D:/a/CaptureSuite/CaptureSuite/vcpkg/packages/abseil_x64-windows/debug/lib/pkgconfig/absl_random_internal_wide_multiply.pc
2026-10-08T11:45:55.3680361Z -- Fixing pkgconfig file: D:/a/CaptureSuite/CaptureSuite/vcpkg/packages/abseil_x64-windows/debug/lib/pkgconfig/absl_random_random.pc
2026-10-08T11:45:55.3685083Z -- Fixing pkgconfig file: D:/a/CaptureSuite/CaptureSuite/vcpkg/packages/abseil_x64-windows/debug/lib/pkgconfig/absl_random_seed_gen_exception.pc
2026-10-08T11:45:55.3690015Z -- Fixing pkgconfig file: D:/a/CaptureSuite/CaptureSuite/vcpkg/packages/abseil_x64-windows/debug/lib/pkgconfig/absl_random_seed_sequences.pc
2026-10-08T11:45:55.3694609Z -- Fixing pkgconfig file: D:/a/CaptureSuite/CaptureSuite/vcpkg/packages/abseil_x64-windows/debug/lib/pkgconfig/absl_raw_hash_map.pc
2026-10-08T11:45:55.3699004Z -- Fixing pkgconfig file: D:/a/CaptureSuite/CaptureSuite/vcpkg/packages/abseil_x64-windows/debug/lib/pkgconfig/absl_raw_hash_set.pc
2026-10-08T11:45:55.3703263Z -- Fixing pkgconfig file: D:/a/CaptureSuite/CaptureSuite/vcpkg/packages/abseil_x64-windows/debug/lib/pkgconfig/absl_raw_logging_internal.pc
2026-10-08T11:45:55.3707913Z -- Fixing pkgconfig file: D:/a/CaptureSuite/CaptureSuite/vcpkg/packages/abseil_x64-windows/debug/lib/pkgconfig/absl_sample_recorder.pc
2026-10-08T11:45:55.3712521Z -- Fixing pkgconfig file: D:/a/CaptureSuite/CaptureSuite/vcpkg/packages/abseil_x64-windows/debug/lib/pkgconfig/absl_scoped_set_env.pc
2026-10-08T11:45:55.3717015Z -- Fixing pkgconfig file: D:/a/CaptureSuite/CaptureSuite/vcpkg/packages/abseil_x64-windows/debug/lib/pkgconfig/absl_span.pc
2026-10-08T11:45:55.3721543Z -- Fixing pkgconfig file: D:/a/CaptureSuite/CaptureSuite/vcpkg/packages/abseil_x64-windows/debug/lib/pkgconfig/absl_spinlock_wait.pc
2026-10-08T11:45:55.3726118Z -- Fixing pkgconfig file: D:/a/CaptureSuite/CaptureSuite/vcpkg/packages/abseil_x64-windows/debug/lib/pkgconfig/absl_stacktrace.pc
2026-10-08T11:45:55.3730601Z -- Fixing pkgconfig file: D:/a/CaptureSuite/CaptureSuite/vcpkg/packages/abseil_x64-windows/debug/lib/pkgconfig/absl_status.pc
2026-10-08T11:45:55.3735086Z -- Fixing pkgconfig file: D:/a/CaptureSuite/CaptureSuite/vcpkg/packages/abseil_x64-windows/debug/lib/pkgconfig/absl_statusor.pc
2026-10-08T11:45:55.3739597Z -- Fixing pkgconfig file: D:/a/CaptureSuite/CaptureSuite/vcpkg/packages/abseil_x64-windows/debug/lib/pkgconfig/absl_str_format.pc
2026-10-08T11:45:55.3744286Z -- Fixing pkgconfig file: D:/a/CaptureSuite/CaptureSuite/vcpkg/packages/abseil_x64-windows/debug/lib/pkgconfig/absl_str_format_internal.pc
2026-10-08T11:45:55.3748632Z -- Fixing pkgconfig file: D:/a/CaptureSuite/CaptureSuite/vcpkg/packages/abseil_x64-windows/debug/lib/pkgconfig/absl_strerror.pc
2026-10-08T11:45:55.3753479Z -- Fixing pkgconfig file: D:/a/CaptureSuite/CaptureSuite/vcpkg/packages/abseil_x64-windows/debug/lib/pkgconfig/absl_string_view.pc
2026-10-08T11:45:55.3757850Z -- Fixing pkgconfig file: D:/a/CaptureSuite/CaptureSuite/vcpkg/packages/abseil_x64-windows/debug/lib/pkgconfig/absl_strings.pc
2026-10-08T11:45:55.3762597Z -- Fixing pkgconfig file: D:/a/CaptureSuite/CaptureSuite/vcpkg/packages/abseil_x64-windows/debug/lib/pkgconfig/absl_strings_internal.pc
2026-10-08T11:45:55.3767264Z -- Fixing pkgconfig file: D:/a/CaptureSuite/CaptureSuite/vcpkg/packages/abseil_x64-windows/debug/lib/pkgconfig/absl_symbolize.pc
2026-10-08T11:45:55.3772197Z -- Fixing pkgconfig file: D:/a/CaptureSuite/CaptureSuite/vcpkg/packages/abseil_x64-windows/debug/lib/pkgconfig/absl_synchronization.pc
2026-10-08T11:45:55.3776695Z -- Fixing pkgconfig file: D:/a/CaptureSuite/CaptureSuite/vcpkg/packages/abseil_x64-windows/debug/lib/pkgconfig/absl_throw_delegate.pc
2026-10-08T11:45:55.3781321Z -- Fixing pkgconfig file: D:/a/CaptureSuite/CaptureSuite/vcpkg/packages/abseil_x64-windows/debug/lib/pkgconfig/absl_time.pc
2026-10-08T11:45:55.3785992Z -- Fixing pkgconfig file: D:/a/CaptureSuite/CaptureSuite/vcpkg/packages/abseil_x64-windows/debug/lib/pkgconfig/absl_time_zone.pc
2026-10-08T11:45:55.3790475Z -- Fixing pkgconfig file: D:/a/CaptureSuite/CaptureSuite/vcpkg/packages/abseil_x64-windows/debug/lib/pkgconfig/absl_tracing_internal.pc
2026-10-08T11:45:55.3795149Z -- Fixing pkgconfig file: D:/a/CaptureSuite/CaptureSuite/vcpkg/packages/abseil_x64-windows/debug/lib/pkgconfig/absl_type_traits.pc
2026-10-08T11:45:55.3799962Z -- Fixing pkgconfig file: D:/a/CaptureSuite/CaptureSuite/vcpkg/packages/abseil_x64-windows/debug/lib/pkgconfig/absl_utf8_for_code_point.pc
2026-10-08T11:45:55.3805088Z -- Fixing pkgconfig file: D:/a/CaptureSuite/CaptureSuite/vcpkg/packages/abseil_x64-windows/debug/lib/pkgconfig/absl_utility.pc
2026-10-08T11:45:55.3809795Z -- Fixing pkgconfig file: D:/a/CaptureSuite/CaptureSuite/vcpkg/packages/abseil_x64-windows/debug/lib/pkgconfig/absl_variant.pc
2026-10-08T11:45:55.3814342Z -- Fixing pkgconfig file: D:/a/CaptureSuite/CaptureSuite/vcpkg/packages/abseil_x64-windows/debug/lib/pkgconfig/absl_vlog_config_internal.pc
2026-10-08T11:45:55.3819096Z -- Fixing pkgconfig file: D:/a/CaptureSuite/CaptureSuite/vcpkg/packages/abseil_x64-windows/debug/lib/pkgconfig/absl_vlog_is_on.pc
2026-10-08T11:45:56.5539683Z -- Installing: D:/a/CaptureSuite/CaptureSuite/vcpkg/packages/abseil_x64-windows/share/abseil/copyright
2026-10-08T11:45:56.5594283Z -- Performing post-build validation
2026-10-08T11:45:56.7654165Z Elapsed time to handle abseil:x64-windows: 1.3 min
2026-10-08T11:45:56.7654762Z abseil:x64-windows package ABI: 103b07818652929a86ddfad5a986398f1bf0e2eefd463e4d0490d23ca0c95526
2026-10-08T11:45:56.7655218Z Installing 10/14 utf8-range:x64-windows@5.29.5...
2026-10-08T11:45:56.7655509Z Building utf8-range:x64-windows@5.29.5...
2026-10-08T11:45:56.7914451Z -- Note: utf8-range only supports static library linkage. Building static library.
2026-10-08T11:45:56.7996072Z Downloading https://github.com/protocolbuffers/protobuf/archive/v5.29.5.tar.gz -> protocolbuffers-protobuf-v5.29.5.tar.gz
2026-10-08T11:45:57.8393839Z Successfully downloaded protocolbuffers-protobuf-v5.29.5.tar.gz
2026-10-08T11:45:57.8799613Z -- Extracting source D:/a/CaptureSuite/CaptureSuite/vcpkg/downloads/protocolbuffers-protobuf-v5.29.5.tar.gz
2026-10-08T11:45:58.4451425Z -- Applying patch fix-cmake.patch
2026-10-08T11:45:58.4706541Z -- Using source at D:/a/CaptureSuite/CaptureSuite/vcpkg/buildtrees/utf8-range/src/v5.29.5-196482051e.clean
2026-10-08T11:45:58.4800529Z -- Found external ninja('1.12.1').
2026-10-08T11:45:58.4826028Z -- Configuring x64-windows
2026-10-08T11:45:59.9958568Z -- Building x64-windows-dbg
2026-10-08T11:46:00.3520632Z -- Building x64-windows-rel
2026-10-08T11:46:00.7117193Z -- Fixing pkgconfig file: D:/a/CaptureSuite/CaptureSuite/vcpkg/packages/utf8-range_x64-windows/lib/pkgconfig/utf8_range.pc
2026-10-08T11:46:00.7196554Z -- Using cached msys2-mingw-w64-x86_64-pkgconf-1~2.4.3-1-any.pkg.tar.zst
2026-10-08T11:46:00.7271399Z -- Using cached msys2-msys2-runtime-3.6.2-2-x86_64.pkg.tar.zst
2026-10-08T11:46:00.7274823Z -- Using msys root at D:/a/CaptureSuite/CaptureSuite/vcpkg/downloads/tools/msys2/9272adbcaf19caef
2026-10-08T11:46:00.7372295Z -- Fixing pkgconfig file: D:/a/CaptureSuite/CaptureSuite/vcpkg/packages/utf8-range_x64-windows/debug/lib/pkgconfig/utf8_range.pc
2026-10-08T11:46:00.7483053Z -- Installing: D:/a/CaptureSuite/CaptureSuite/vcpkg/packages/utf8-range_x64-windows/share/utf8-range/copyright
2026-10-08T11:46:00.7539669Z -- Performing post-build validation
2026-10-08T11:46:00.7762632Z Elapsed time to handle utf8-range:x64-windows: 4 s
2026-10-08T11:46:00.7763528Z utf8-range:x64-windows package ABI: 6a94266e09e987e407d041dbd070421a6a21cdbffb459d369673b536bd6b9494
2026-10-08T11:46:00.7764173Z Installing 11/14 protobuf:x64-windows@5.29.5#1...
2026-10-08T11:46:00.7764594Z Building protobuf:x64-windows@5.29.5#1...
2026-10-08T11:46:00.8303393Z -- Using cached protocolbuffers-protobuf-v5.29.5.tar.gz
2026-10-08T11:46:00.8585024Z -- Extracting source D:/a/CaptureSuite/CaptureSuite/vcpkg/downloads/protocolbuffers-protobuf-v5.29.5.tar.gz
2026-10-08T11:46:01.3690767Z -- Applying patch fix-static-build.patch
2026-10-08T11:46:01.3907517Z -- Applying patch fix-default-proto-file-path.patch
2026-10-08T11:46:01.4120439Z -- Applying patch fix-utf8-range.patch
2026-10-08T11:46:01.4338331Z -- Applying patch fix-install-dirs.patch
2026-10-08T11:46:01.4546149Z -- Applying patch fix-mingw-tail-call.patch
2026-10-08T11:46:01.4785930Z -- Using source at D:/a/CaptureSuite/CaptureSuite/vcpkg/buildtrees/protobuf/src/v5.29.5-e0ab922525.clean
2026-10-08T11:46:01.5710050Z -- Found external ninja('1.12.1').
2026-10-08T11:46:01.5736098Z -- Configuring x64-windows
2026-10-08T11:46:03.5785010Z -- Building x64-windows-dbg
2026-10-08T11:49:14.7854815Z -- Building x64-windows-rel
2026-10-08T11:55:10.5118057Z -- Fixing pkgconfig file: D:/a/CaptureSuite/CaptureSuite/vcpkg/packages/protobuf_x64-windows/lib/pkgconfig/protobuf-lite.pc
2026-10-08T11:55:10.5121670Z -- Fixing pkgconfig file: D:/a/CaptureSuite/CaptureSuite/vcpkg/packages/protobuf_x64-windows/lib/pkgconfig/protobuf.pc
2026-10-08T11:55:10.5202074Z -- Using cached msys2-mingw-w64-x86_64-pkgconf-1~2.4.3-1-any.pkg.tar.zst
2026-10-08T11:55:10.5263665Z -- Using cached msys2-msys2-runtime-3.6.2-2-x86_64.pkg.tar.zst
2026-10-08T11:55:10.5267795Z -- Using msys root at D:/a/CaptureSuite/CaptureSuite/vcpkg/downloads/tools/msys2/9272adbcaf19caef
2026-10-08T11:55:10.5393398Z -- Fixing pkgconfig file: D:/a/CaptureSuite/CaptureSuite/vcpkg/packages/protobuf_x64-windows/debug/lib/pkgconfig/protobuf-lite.pc
2026-10-08T11:55:10.5397659Z -- Fixing pkgconfig file: D:/a/CaptureSuite/CaptureSuite/vcpkg/packages/protobuf_x64-windows/debug/lib/pkgconfig/protobuf.pc
2026-10-08T11:55:10.5679034Z -- Installing: D:/a/CaptureSuite/CaptureSuite/vcpkg/packages/protobuf_x64-windows/share/protobuf/copyright
2026-10-08T11:55:10.5741675Z -- Performing post-build validation
2026-10-08T11:55:11.2653768Z Elapsed time to handle protobuf:x64-windows: 9.2 min
2026-10-08T11:55:11.2654511Z protobuf:x64-windows package ABI: 765c1e2d87368dec8a9ae0add7b9ddd3ed57914527a1145b5979fd218201c702
2026-10-08T11:55:11.2655014Z Installing 12/14 fmt:x64-windows@11.2.0...
2026-10-08T11:55:11.2655335Z Building fmt:x64-windows@11.2.0...
2026-10-08T11:55:11.2998322Z Downloading https://github.com/fmtlib/fmt/archive/11.2.0.tar.gz -> fmtlib-fmt-11.2.0.tar.gz
2026-10-08T11:55:12.1043622Z Successfully downloaded fmtlib-fmt-11.2.0.tar.gz
2026-10-08T11:55:12.1158030Z -- Extracting source D:/a/CaptureSuite/CaptureSuite/vcpkg/downloads/fmtlib-fmt-11.2.0.tar.gz
2026-10-08T11:55:12.2657638Z -- Using source at D:/a/CaptureSuite/CaptureSuite/vcpkg/buildtrees/fmt/src/11.2.0-c4b53d7675.clean
2026-10-08T11:55:12.2751738Z -- Found external ninja('1.12.1').
2026-10-08T11:55:12.2780554Z -- Configuring x64-windows
2026-10-08T11:55:13.2751612Z -- Building x64-windows-dbg
2026-10-08T11:55:14.4776592Z -- Building x64-windows-rel
2026-10-08T11:55:16.2307582Z -- Fixing pkgconfig file: D:/a/CaptureSuite/CaptureSuite/vcpkg/packages/fmt_x64-windows/lib/pkgconfig/fmt.pc
2026-10-08T11:55:16.2388625Z -- Using cached msys2-mingw-w64-x86_64-pkgconf-1~2.4.3-1-any.pkg.tar.zst
2026-10-08T11:55:16.2449310Z -- Using cached msys2-msys2-runtime-3.6.2-2-x86_64.pkg.tar.zst
2026-10-08T11:55:16.2453198Z -- Using msys root at D:/a/CaptureSuite/CaptureSuite/vcpkg/downloads/tools/msys2/9272adbcaf19caef
2026-10-08T11:55:16.2520035Z -- Fixing pkgconfig file: D:/a/CaptureSuite/CaptureSuite/vcpkg/packages/fmt_x64-windows/debug/lib/pkgconfig/fmt.pc
2026-10-08T11:55:16.2921604Z -- Installing: D:/a/CaptureSuite/CaptureSuite/vcpkg/packages/fmt_x64-windows/share/fmt/usage
2026-10-08T11:55:16.2927677Z -- Installing: D:/a/CaptureSuite/CaptureSuite/vcpkg/packages/fmt_x64-windows/share/fmt/copyright
2026-10-08T11:55:16.2983109Z -- Performing post-build validation
2026-10-08T11:55:16.3123796Z Elapsed time to handle fmt:x64-windows: 5 s
2026-10-08T11:55:16.3124451Z fmt:x64-windows package ABI: 8e299178e450ed0369be071b510ecf5db5dd25059079bb59b50bc234b562729f
2026-10-08T11:55:16.3124983Z Installing 13/14 spdlog:x64-windows@1.15.3...
2026-10-08T11:55:16.3125319Z Building spdlog:x64-windows@1.15.3...
2026-10-08T11:55:16.3471909Z Downloading https://github.com/gabime/spdlog/archive/v1.15.3.tar.gz -> gabime-spdlog-v1.15.3.tar.gz
2026-10-08T11:55:17.0560072Z Successfully downloaded gabime-spdlog-v1.15.3.tar.gz
2026-10-08T11:55:17.0657486Z -- Extracting source D:/a/CaptureSuite/CaptureSuite/vcpkg/downloads/gabime-spdlog-v1.15.3.tar.gz
2026-10-08T11:55:17.3018192Z -- Using source at D:/a/CaptureSuite/CaptureSuite/vcpkg/buildtrees/spdlog/src/v1.15.3-425e0a81aa.clean
2026-10-08T11:55:17.3119935Z -- Found external ninja('1.12.1').
2026-10-08T11:55:17.3149407Z -- Configuring x64-windows
2026-10-08T11:55:18.8667023Z -- Building x64-windows-dbg
2026-10-08T11:55:21.4862908Z -- Building x64-windows-rel
2026-10-08T11:55:26.1133545Z -- Fixing pkgconfig file: D:/a/CaptureSuite/CaptureSuite/vcpkg/packages/spdlog_x64-windows/lib/pkgconfig/spdlog.pc
2026-10-08T11:55:26.1213278Z -- Using cached msys2-mingw-w64-x86_64-pkgconf-1~2.4.3-1-any.pkg.tar.zst
2026-10-08T11:55:26.1273925Z -- Using cached msys2-msys2-runtime-3.6.2-2-x86_64.pkg.tar.zst
2026-10-08T11:55:26.1277721Z -- Using msys root at D:/a/CaptureSuite/CaptureSuite/vcpkg/downloads/tools/msys2/9272adbcaf19caef
2026-10-08T11:55:26.1343774Z -- Fixing pkgconfig file: D:/a/CaptureSuite/CaptureSuite/vcpkg/packages/spdlog_x64-windows/debug/lib/pkgconfig/spdlog.pc
2026-10-08T11:55:26.1915869Z -- Installing: D:/a/CaptureSuite/CaptureSuite/vcpkg/packages/spdlog_x64-windows/share/spdlog/usage
2026-10-08T11:55:26.1919894Z -- Installing: D:/a/CaptureSuite/CaptureSuite/vcpkg/packages/spdlog_x64-windows/share/spdlog/copyright
2026-10-08T11:55:26.1977474Z -- Performing post-build validation
2026-10-08T11:55:26.2304227Z Elapsed time to handle spdlog:x64-windows: 9.9 s
2026-10-08T11:55:26.2304876Z spdlog:x64-windows package ABI: 3039418bdd18709e8aa2ba152f2b3152da1d620e95e509c74d66026a9ba711fa
2026-10-08T11:55:26.2305438Z Installing 14/14 sqlite3[core,json1]:x64-windows@3.50.4...
2026-10-08T11:55:26.2305843Z Building sqlite3[core,json1]:x64-windows@3.50.4...
2026-10-08T11:55:26.2641018Z Downloading https://sqlite.org/2025/sqlite-autoconf-3500400.tar.gz -> sqlite-autoconf-3500400.zip
2026-10-08T11:55:26.7843898Z Successfully downloaded sqlite-autoconf-3500400.zip
2026-10-08T11:55:26.8042991Z -- Extracting source D:/a/CaptureSuite/CaptureSuite/vcpkg/downloads/sqlite-autoconf-3500400.zip
2026-10-08T11:55:26.9657590Z -- Applying patch fix-arm-uwp.patch
2026-10-08T11:55:26.9912886Z -- Applying patch add-config-include.patch
2026-10-08T11:55:27.0382499Z -- Using source at D:/a/CaptureSuite/CaptureSuite/vcpkg/buildtrees/sqlite3/src/nf-3500400-27a76b56ef.clean
2026-10-08T11:55:27.0509236Z -- Found external ninja('1.12.1').
2026-10-08T11:55:27.0535621Z -- Configuring x64-windows
2026-10-08T11:55:28.3078926Z -- Building x64-windows-dbg
2026-10-08T11:55:29.4926635Z -- Building x64-windows-rel
2026-10-08T11:55:41.2999332Z -- Fixing pkgconfig file: D:/a/CaptureSuite/CaptureSuite/vcpkg/packages/sqlite3_x64-windows/lib/pkgconfig/sqlite3.pc
2026-10-08T11:55:41.3078510Z -- Using cached msys2-mingw-w64-x86_64-pkgconf-1~2.4.3-1-any.pkg.tar.zst
2026-10-08T11:55:41.3139910Z -- Using cached msys2-msys2-runtime-3.6.2-2-x86_64.pkg.tar.zst
2026-10-08T11:55:41.3143685Z -- Using msys root at D:/a/CaptureSuite/CaptureSuite/vcpkg/downloads/tools/msys2/9272adbcaf19caef
2026-10-08T11:55:41.3203191Z -- Fixing pkgconfig file: D:/a/CaptureSuite/CaptureSuite/vcpkg/packages/sqlite3_x64-windows/debug/lib/pkgconfig/sqlite3.pc
2026-10-08T11:55:41.3588140Z -- Installing: D:/a/CaptureSuite/CaptureSuite/vcpkg/packages/sqlite3_x64-windows/share/sqlite3/usage
2026-10-08T11:55:41.3638816Z -- Performing post-build validation
2026-10-08T11:55:41.3829381Z Elapsed time to handle sqlite3:x64-windows: 15 s
2026-10-08T11:55:41.3829986Z sqlite3:x64-windows package ABI: da52d2b24f83aa802a67015a005bb7e3874aa1db3d01857710c5d193ad74fbe9
2026-10-08T11:55:41.3857010Z Installed contents are licensed to you by owners. Microsoft is not responsible for, nor does it grant any licenses to, third-party packages.
2026-10-08T11:55:41.3858243Z Packages installed in this vcpkg installation declare the following licenses:
2026-10-08T11:55:41.3859261Z (BSD-3-Clause OR GPL-2.0-only)
2026-10-08T11:55:41.3859969Z (CC0-1.0 OR Apache-2.0)
2026-10-08T11:55:41.3860291Z Apache-2.0
2026-10-08T11:55:41.3860581Z BSD-2-Clause
2026-10-08T11:55:41.3861181Z BSD-3-Clause
2026-10-08T11:55:41.3861408Z BSL-1.0
2026-10-08T11:55:41.3861589Z MIT
2026-10-08T11:55:41.3861764Z blessing
2026-10-08T11:55:41.3862025Z blake3 provides CMake targets:
2026-10-08T11:55:41.3862181Z 
2026-10-08T11:55:41.3862420Z   # this is heuristically generated, and may not be correct
2026-10-08T11:55:41.3862781Z   find_package(blake3 CONFIG REQUIRED)
2026-10-08T11:55:41.3869735Z   target_link_libraries(main PRIVATE BLAKE3::blake3)
2026-10-08T11:55:41.3870107Z 
2026-10-08T11:55:41.3870412Z blake3 provides pkg-config modules:
2026-10-08T11:55:41.3870665Z 
2026-10-08T11:55:41.3870903Z   # BLAKE3 C implementation
2026-10-08T11:55:41.3871252Z   libblake3
2026-10-08T11:55:41.3871400Z 
2026-10-08T11:55:41.3871677Z catch2 provides CMake targets:
2026-10-08T11:55:41.3871929Z 
2026-10-08T11:55:41.3872260Z   # this is heuristically generated, and may not be correct
2026-10-08T11:55:41.3872854Z   find_package(Catch2 CONFIG REQUIRED)
2026-10-08T11:55:41.3873676Z   target_link_libraries(main PRIVATE Catch2::Catch2 Catch2::Catch2WithMain)
2026-10-08T11:55:41.3874115Z 
2026-10-08T11:55:41.3874348Z catch2 provides pkg-config modules:
2026-10-08T11:55:41.3874610Z 
2026-10-08T11:55:41.3875130Z   # A modern, C++-native test framework for C++14 and above (links in default main)
2026-10-08T11:55:41.3875730Z   catch2-with-main
2026-10-08T11:55:41.3875903Z 
2026-10-08T11:55:41.3876262Z   # A modern, C++-native, test framework for C++14 and above
2026-10-08T11:55:41.3876718Z   catch2
2026-10-08T11:55:41.3876904Z 
2026-10-08T11:55:41.3877103Z mcap provides CMake targets:
2026-10-08T11:55:41.3877346Z 
2026-10-08T11:55:41.3877670Z   # this is heuristically generated, and may not be correct
2026-10-08T11:55:41.3878143Z   find_package(unofficial-mcap CONFIG REQUIRED)
2026-10-08T11:55:41.3878678Z   target_link_libraries(main PRIVATE unofficial::mcap::mcap)
2026-10-08T11:55:41.3879014Z 
2026-10-08T11:55:41.3879308Z The package nlohmann-json provides CMake targets:
2026-10-08T11:55:41.3879594Z 
2026-10-08T11:55:41.3879874Z     find_package(nlohmann_json CONFIG REQUIRED)
2026-10-08T11:55:41.3880529Z     target_link_libraries(main PRIVATE nlohmann_json::nlohmann_json)
2026-10-08T11:55:41.3880888Z 
2026-10-08T11:55:41.3881512Z The package nlohmann-json can be configured to not provide implicit conversions via a custom triplet file:
2026-10-08T11:55:41.3882157Z 
2026-10-08T11:55:41.3882452Z     set(nlohmann-json_IMPLICIT_CONVERSIONS OFF)
2026-10-08T11:55:41.3882714Z 
2026-10-08T11:55:41.3883147Z For more information, see the docs here:
2026-10-08T11:55:41.3883491Z     
2026-10-08T11:55:41.3884013Z     https://json.nlohmann.me/api/macros/json_use_implicit_conversions/
2026-10-08T11:55:41.3884376Z 
2026-10-08T11:55:41.3884604Z protobuf provides CMake targets:
2026-10-08T11:55:41.3884833Z 
2026-10-08T11:55:41.3885144Z   # this is heuristically generated, and may not be correct
2026-10-08T11:55:41.3885684Z   find_package(protobuf CONFIG REQUIRED)
2026-10-08T11:55:41.3886506Z   target_link_libraries(main PRIVATE protobuf::libprotoc protobuf::libprotobuf protobuf::libprotobuf-lite)
2026-10-08T11:55:41.3886955Z 
2026-10-08T11:55:41.3887170Z protobuf provides pkg-config modules:
2026-10-08T11:55:41.3887396Z 
2026-10-08T11:55:41.3887572Z   # Google's Data Interchange Format
2026-10-08T11:55:41.3887894Z   protobuf-lite
2026-10-08T11:55:41.3888051Z 
2026-10-08T11:55:41.3888219Z   # Google's Data Interchange Format
2026-10-08T11:55:41.3888513Z   protobuf
2026-10-08T11:55:41.3888656Z 
2026-10-08T11:55:41.3888908Z The package spdlog provides CMake targets:
2026-10-08T11:55:41.3889156Z 
2026-10-08T11:55:41.3889472Z     find_package(spdlog CONFIG REQUIRED)
2026-10-08T11:55:41.3890060Z     target_link_libraries(main PRIVATE spdlog::spdlog)
2026-10-08T11:55:41.3890391Z 
2026-10-08T11:55:41.3890613Z     # Or use the header-only version
2026-10-08T11:55:41.3891174Z     find_package(spdlog CONFIG REQUIRED)
2026-10-08T11:55:41.3891772Z     target_link_libraries(main PRIVATE spdlog::spdlog_header_only)
2026-10-08T11:55:41.3892118Z 
2026-10-08T11:55:41.3892351Z sqlite3 provides pkgconfig bindings.
2026-10-08T11:55:41.3892766Z sqlite3 provides CMake targets:
2026-10-08T11:55:41.3892966Z 
2026-10-08T11:55:41.3893262Z     find_package(unofficial-sqlite3 CONFIG REQUIRED)
2026-10-08T11:55:41.3893905Z     target_link_libraries(main PRIVATE unofficial::sqlite3::sqlite3)
2026-10-08T11:55:41.3894255Z 
2026-10-08T11:55:41.3894590Z All requested installations completed successfully in: 12 min
2026-10-08T11:55:41.3992666Z -- Running vcpkg install - done
2026-10-08T11:55:41.7401979Z -- The CXX compiler identification is MSVC 19.44.35229.0
2026-10-08T11:55:41.8431698Z -- Detecting CXX compiler ABI info
2026-10-08T11:55:42.4471257Z -- Detecting CXX compiler ABI info - done
2026-10-08T11:55:42.4585099Z -- Check for working CXX compiler: C:/Program Files/Microsoft Visual Studio/2022/Enterprise/VC/Tools/MSVC/14.44.35207/bin/Hostx64/x64/cl.exe - skipped
2026-10-08T11:55:42.4589907Z -- Detecting CXX compile features
2026-10-08T11:55:42.4603070Z -- Detecting CXX compile features - done
2026-10-08T11:55:42.4675876Z -- Performing Test CMAKE_HAVE_LIBC_PTHREAD
2026-10-08T11:55:42.6534338Z -- Performing Test CMAKE_HAVE_LIBC_PTHREAD - Failed
2026-10-08T11:55:42.6534961Z -- Looking for pthread_create in pthreads
2026-10-08T11:55:42.9114574Z -- Looking for pthread_create in pthreads - not found
2026-10-08T11:55:42.9115289Z -- Looking for pthread_create in pthread
2026-10-08T11:55:43.1602940Z -- Looking for pthread_create in pthread - not found
2026-10-08T11:55:43.1612777Z -- Found Threads: TRUE
2026-10-08T11:55:43.3185097Z -- Protobuf 29.5.0 found — C++ codegen enabled
2026-10-08T11:55:43.3283273Z -- Found nlohmann_json: D:/a/CaptureSuite/CaptureSuite/build/windows-release/vcpkg_installed/x64-windows/share/nlohmann_json/nlohmann_jsonConfig.cmake (found version "3.12.0")
2026-10-08T11:55:43.7177802Z -- Configuring done (751.9s)
2026-10-08T11:55:43.7891349Z -- Generating done (0.1s)
2026-10-08T11:55:43.7900360Z -- Build files have been written to: D:/a/CaptureSuite/CaptureSuite/build/windows-release
2026-10-08T11:55:43.8925972Z ##[group]Run cmake --build build/windows-release --target capture_daemon capture_core_tests session_doctor -j 4
2026-10-08T11:55:43.8926722Z [36;1mcmake --build build/windows-release --target capture_daemon capture_core_tests session_doctor -j 4[0m
2026-10-08T11:55:43.8956918Z shell: C:\Program Files\PowerShell\7\pwsh.EXE -command ". '{0}'"
2026-10-08T11:55:43.8957264Z env:
2026-10-08T11:55:43.8957481Z   CommandPromptType: Native
2026-10-08T11:55:43.8957828Z   DevEnvDir: C:\Program Files\Microsoft Visual Studio\2022\Enterprise\Common7\IDE\
2026-10-08T11:55:43.8958289Z   ExtensionSdkDir: C:\Program Files (x86)\Microsoft SDKs\Windows Kits\10\ExtensionSDKs
2026-10-08T11:55:43.8960219Z   EXTERNAL_INCLUDE: C:\Program Files\Microsoft Visual Studio\2022\Enterprise\VC\Tools\MSVC\14.44.35207\include;C:\Program Files\Microsoft Visual Studio\2022\Enterprise\VC\Tools\MSVC\14.44.35207\ATLMFC\include;C:\Program Files\Microsoft Visual Studio\2022\Enterprise\VC\Auxiliary\VS\include;C:\Program Files (x86)\Windows Kits\10\include\10.0.26100.0\ucrt;C:\Program Files (x86)\Windows Kits\10\\include\10.0.26100.0\\um;C:\Program Files (x86)\Windows Kits\10\\include\10.0.26100.0\\shared;C:\Program Files (x86)\Windows Kits\10\\include\10.0.26100.0\\winrt;C:\Program Files (x86)\Windows Kits\10\\include\10.0.26100.0\\cppwinrt;C:\Program Files (x86)\Windows Kits\NETFXSDK\4.8\include\um
2026-10-08T11:55:43.8961987Z   Framework40Version: v4.0
2026-10-08T11:55:43.8962248Z   FrameworkDir: C:\Windows\Microsoft.NET\Framework64\
2026-10-08T11:55:43.8962569Z   FrameworkDir64: C:\Windows\Microsoft.NET\Framework64\
2026-10-08T11:55:43.8962859Z   FrameworkVersion: v4.0.30319
2026-10-08T11:55:43.8963097Z   FrameworkVersion64: v4.0.30319
2026-10-08T11:55:43.8963691Z   FSHARPINSTALLDIR: C:\Program Files\Microsoft Visual Studio\2022\Enterprise\Common7\IDE\CommonExtensions\Microsoft\FSharp\Tools
2026-10-08T11:55:43.8964199Z   HTMLHelpDir: C:\Program Files (x86)\HTML Help Workshop
2026-10-08T11:55:43.8964639Z   IFCPATH: C:\Program Files\Microsoft Visual Studio\2022\Enterprise\VC\Tools\MSVC\14.44.35207\ifc\x64
2026-10-08T11:55:43.8966482Z   INCLUDE: C:\Program Files\Microsoft Visual Studio\2022\Enterprise\VC\Tools\MSVC\14.44.35207\include;C:\Program Files\Microsoft Visual Studio\2022\Enterprise\VC\Tools\MSVC\14.44.35207\ATLMFC\include;C:\Program Files\Microsoft Visual Studio\2022\Enterprise\VC\Auxiliary\VS\include;C:\Program Files (x86)\Windows Kits\10\include\10.0.26100.0\ucrt;C:\Program Files (x86)\Windows Kits\10\\include\10.0.26100.0\\um;C:\Program Files (x86)\Windows Kits\10\\include\10.0.26100.0\\shared;C:\Program Files (x86)\Windows Kits\10\\include\10.0.26100.0\\winrt;C:\Program Files (x86)\Windows Kits\10\\include\10.0.26100.0\\cppwinrt;C:\Program Files (x86)\Windows Kits\NETFXSDK\4.8\include\um
2026-10-08T11:55:43.8968173Z   is_x64_arch: true
2026-10-08T11:55:43.8969179Z   LIB: C:\Program Files\Microsoft Visual Studio\2022\Enterprise\VC\Tools\MSVC\14.44.35207\ATLMFC\lib\x64;C:\Program Files\Microsoft Visual Studio\2022\Enterprise\VC\Tools\MSVC\14.44.35207\lib\x64;C:\Program Files (x86)\Windows Kits\NETFXSDK\4.8\lib\um\x64;C:\Program Files (x86)\Windows Kits\10\lib\10.0.26100.0\ucrt\x64;C:\Program Files (x86)\Windows Kits\10\\lib\10.0.26100.0\\um\x64
2026-10-08T11:55:43.8971191Z   LIBPATH: C:\Program Files\Microsoft Visual Studio\2022\Enterprise\VC\Tools\MSVC\14.44.35207\ATLMFC\lib\x64;C:\Program Files\Microsoft Visual Studio\2022\Enterprise\VC\Tools\MSVC\14.44.35207\lib\x64;C:\Program Files\Microsoft Visual Studio\2022\Enterprise\VC\Tools\MSVC\14.44.35207\lib\x86\store\references;C:\Program Files (x86)\Windows Kits\10\UnionMetadata\10.0.26100.0;C:\Program Files (x86)\Windows Kits\10\References\10.0.26100.0;C:\Windows\Microsoft.NET\Framework64\v4.0.30319
2026-10-08T11:55:43.8972520Z   NETFXSDKDir: C:\Program Files (x86)\Windows Kits\NETFXSDK\4.8\
2026-10-08T11:55:43.8985325Z   Path: C:\Program Files\Microsoft Visual Studio\2022\Enterprise\VC\Tools\MSVC\14.44.35207\bin\HostX64\x64;C:\Program Files\Microsoft Visual Studio\2022\Enterprise\Common7\IDE\VC\VCPackages;C:\Program Files\Microsoft Visual Studio\2022\Enterprise\Common7\IDE\CommonExtensions\Microsoft\TestWindow;C:\Program Files\Microsoft Visual Studio\2022\Enterprise\Common7\IDE\CommonExtensions\Microsoft\TeamFoundation\Team Explorer;C:\Program Files\Microsoft Visual Studio\2022\Enterprise\MSBuild\Current\bin\Roslyn;C:\Program Files (x86)\Microsoft SDKs\Windows\v10.0A\bin\NETFX 4.8 Tools\x64\;C:\Program Files (x86)\HTML Help Workshop;C:\Program Files\Microsoft Visual Studio\2022\Enterprise\Common7\IDE\CommonExtensions\Microsoft\FSharp\Tools;C:\Program Files\Microsoft Visual Studio\2022\Enterprise\Team Tools\DiagnosticsHub\Collector;C:\Program Files\Microsoft Visual Studio\2022\Enterprise\Common7\IDE\Extensions\Microsoft\CodeCoverage.Console;C:\Program Files\Microsoft Visual Studio\2022\Enterprise\VC\Tools\Llvm\x64\bin;C:\Program Files (x86)\Windows Kits\10\bin\10.0.26100.0\\x64;C:\Program Files (x86)\Windows Kits\10\bin\\x64;C:\Program Files\Microsoft Visual Studio\2022\Enterprise\\MSBuild\Current\Bin\amd64;C:\Windows\Microsoft.NET\Framework64\v4.0.30319;C:\Program Files\Microsoft Visual Studio\2022\Enterprise\Common7\IDE\;C:\Program Files\Microsoft Visual Studio\2022\Enterprise\Common7\Tools\;C:\Program Files\MongoDB\Server\7.0\bin;C:\aliyun-cli;C:\vcpkg;C:\Program Files (x86)\NSIS\;C:\tools\zstd;C:\Program Files\Mercurial\;C:\hostedtoolcache\windows\stack\3.11.1\x64;C:\cabal\bin;C:\\ghcup\bin;C:\mingw64\bin;C:\Program Files\dotnet;C:\Program Files\MySQL\MySQL Server 8.0\bin;C:\Program Files\R\R-4.6.1\bin\x64;C:\SeleniumWebDrivers\GeckoDriver;C:\SeleniumWebDrivers\EdgeDriver\;C:\SeleniumWebDrivers\ChromeDriver;C:\Program Files (x86)\sbt\bin;C:\Program Files (x86)\GitHub CLI;C:\Program Files\Git\bin;C:\Program Files (x86)\pipx_bin;C:\npm\prefix;C:\hostedtoolcache\windows\go\1.24.13\x64\bin;C:\hostedtoolcache\windows\Python\3.12.10\x64\Scripts;C:\hostedtoolcache\windows\Python\3.12.10\x64;C:\hostedtoolcache\windows\Ruby\3.3.12\x64\bin;C:\Program Files\OpenSSL\bin;C:\tools\kotlinc\bin;C:\hostedtoolcache\windows\Java_Temurin-Hotspot_jdk\8.0.504-1\x64\bin;C:\Program Files\ImageMagick-7.1.2-Q16-HDRI;C:\Program Files\Microsoft SDKs\Azure\CLI2\wbin;C:\ProgramData\kind;C:\ProgramData\Chocolatey\bin;C:\Windows\system32;C:\Windows;C:\Windows\System32\Wbem;C:\Windows\System32\WindowsPowerShell\v1.0\;C:\Windows\System32\OpenSSH\;C:\Program Files\dotnet\;C:\Program Files\PowerShell\7\;C:\Program Files\Microsoft\Web Platform Installer\;C:\Program Files\TortoiseSVN\bin;C:\Program Files\Microsoft SQL Server\Client SDK\ODBC\170\Tools\Binn\;C:\Program Files\Microsoft SQL Server\150\Tools\Binn\;C:\Program Files (x86)\Windows Kits\10\Windows Performance Toolkit\;C:\Program Files (x86)\WiX Toolset v3.14\bin;C:\Program Files\Microsoft SQL Server\130\DTS\Binn\;C:\Program Files\Microsoft SQL Server\140\DTS\Binn\;C:\Program Files\Microsoft SQL Server\150\DTS\Binn\;C:\Program Files\Microsoft SQL Server\160\DTS\Binn\;C:\Program Files\Microsoft SQL Server\170\DTS\Binn\;C:\Strawberry\c\bin;C:\Strawberry\perl\site\bin;C:\Strawberry\perl\bin;C:\ProgramData\chocolatey\lib\pulumi\tools\Pulumi\bin;C:\Program Files\CMake\bin;C:\ProgramData\chocolatey\lib\maven\apache-maven-3.9.16\bin;C:\Program Files\Microsoft Service Fabric\bin\Fabric\Fabric.Code;C:\Program Files\Microsoft SDKs\Service Fabric\Tools\ServiceFabricLocalClusterManager;C:\Program Files\nodejs\;C:\Program Files\Git\cmd;C:\Program Files\Git\ucrt64\bin;C:\Program Files\Git\usr\bin;C:\Program Files\GitHub CLI\;c:\tools\php;C:\Program Files\Amazon\AWSCLIV2\;C:\Program Files\Amazon\SessionManagerPlugin\bin\;C:\Program Files\Amazon\AWSSAMCLI\bin\;C:\Program Files\Microsoft SQL Server\130\Tools\Binn\;C:\Program Files\mongosh\;C:\Program Files\LLVM\bin;C:\Program Files (x86)\LLVM\bin;C:\Users\runneradmin\.dotnet\tools;C:\Users\runneradmin\.cargo\bin;C:\Users\runneradmin\AppData\Local\Microsoft\WindowsApps;C:\Program Files (x86)\Microsoft Visual Studio\Installer;C:\Program Files\Microsoft Visual Studio\2022\Enterprise\Common7\IDE\CommonExtensions\Microsoft\CMake\CMake\bin;C:\Program Files\Microsoft Visual Studio\2022\Enterprise\Common7\IDE\CommonExtensions\Microsoft\CMake\Ninja;C:\Program Files\Microsoft Visual Studio\2022\Enterprise\Common7\IDE\VC\Linux\bin\ConnectionManagerExe;C:\Program Files\Microsoft Visual Studio\2022\Enterprise\VC\vcpkg
2026-10-08T11:55:43.8996728Z   Platform: x64
2026-10-08T11:55:43.8996936Z   UCRTVersion: 10.0.26100.0
2026-10-08T11:55:43.8997244Z   UniversalCRTSdkDir: C:\Program Files (x86)\Windows Kits\10\
2026-10-08T11:55:43.8997670Z   VCIDEInstallDir: C:\Program Files\Microsoft Visual Studio\2022\Enterprise\Common7\IDE\VC\
2026-10-08T11:55:43.8998123Z   VCINSTALLDIR: C:\Program Files\Microsoft Visual Studio\2022\Enterprise\VC\
2026-10-08T11:55:43.8998509Z   VCPKG_ROOT: D:\a\CaptureSuite\CaptureSuite\vcpkg
2026-10-08T11:55:43.8998932Z   VCToolsInstallDir: C:\Program Files\Microsoft Visual Studio\2022\Enterprise\VC\Tools\MSVC\14.44.35207\
2026-10-08T11:55:43.8999476Z   VCToolsRedistDir: C:\Program Files\Microsoft Visual Studio\2022\Enterprise\VC\Redist\MSVC\14.44.35112\
2026-10-08T11:55:43.8999875Z   VCToolsVersion: 14.44.35207
2026-10-08T11:55:43.9000106Z   VisualStudioVersion: 17.0
2026-10-08T11:55:43.9000445Z   VS170COMNTOOLS: C:\Program Files\Microsoft Visual Studio\2022\Enterprise\Common7\Tools\
2026-10-08T11:55:43.9000805Z   VSCMD_ARG_app_plat: Desktop
2026-10-08T11:55:43.9001033Z   VSCMD_ARG_HOST_ARCH: x64
2026-10-08T11:55:43.9001283Z   VSCMD_ARG_TGT_ARCH: x64
2026-10-08T11:55:43.9001504Z   VSCMD_VER: 17.14.41
2026-10-08T11:55:43.9001790Z   VSINSTALLDIR: C:\Program Files\Microsoft Visual Studio\2022\Enterprise\
2026-10-08T11:55:43.9002213Z   VSSDK150INSTALL: C:\Program Files\Microsoft Visual Studio\2022\Enterprise\VSSDK
2026-10-08T11:55:43.9002719Z   VSSDKINSTALL: C:\Program Files\Microsoft Visual Studio\2022\Enterprise\VSSDK
2026-10-08T11:55:43.9003287Z   WindowsLibPath: C:\Program Files (x86)\Windows Kits\10\UnionMetadata\10.0.26100.0;C:\Program Files (x86)\Windows Kits\10\References\10.0.26100.0
2026-10-08T11:55:43.9003851Z   WindowsSdkBinPath: C:\Program Files (x86)\Windows Kits\10\bin\
2026-10-08T11:55:43.9004219Z   WindowsSdkDir: C:\Program Files (x86)\Windows Kits\10\
2026-10-08T11:55:43.9004509Z   WindowsSDKLibVersion: 10.0.26100.0\
2026-10-08T11:55:43.9004837Z   WindowsSdkVerBinPath: C:\Program Files (x86)\Windows Kits\10\bin\10.0.26100.0\
2026-10-08T11:55:43.9005179Z   WindowsSDKVersion: 10.0.26100.0\
2026-10-08T11:55:43.9005572Z   WindowsSDK_ExecutablePath_x64: C:\Program Files (x86)\Microsoft SDKs\Windows\v10.0A\bin\NETFX 4.8 Tools\x64\
2026-10-08T11:55:43.9006122Z   WindowsSDK_ExecutablePath_x86: C:\Program Files (x86)\Microsoft SDKs\Windows\v10.0A\bin\NETFX 4.8 Tools\
2026-10-08T11:55:43.9006511Z   __DOTNET_ADD_64BIT: 1
2026-10-08T11:55:43.9006735Z   __DOTNET_PREFERRED_BITNESS: 64
2026-10-08T11:55:43.9013652Z   __VSCMD_PREINIT_PATH: C:\Program Files\MongoDB\Server\7.0\bin;C:\aliyun-cli;C:\vcpkg;C:\Program Files (x86)\NSIS\;C:\tools\zstd;C:\Program Files\Mercurial\;C:\hostedtoolcache\windows\stack\3.11.1\x64;C:\cabal\bin;C:\\ghcup\bin;C:\mingw64\bin;C:\Program Files\dotnet;C:\Program Files\MySQL\MySQL Server 8.0\bin;C:\Program Files\R\R-4.6.1\bin\x64;C:\SeleniumWebDrivers\GeckoDriver;C:\SeleniumWebDrivers\EdgeDriver\;C:\SeleniumWebDrivers\ChromeDriver;C:\Program Files (x86)\sbt\bin;C:\Program Files (x86)\GitHub CLI;C:\Program Files\Git\bin;C:\Program Files (x86)\pipx_bin;C:\npm\prefix;C:\hostedtoolcache\windows\go\1.24.13\x64\bin;C:\hostedtoolcache\windows\Python\3.12.10\x64\Scripts;C:\hostedtoolcache\windows\Python\3.12.10\x64;C:\hostedtoolcache\windows\Ruby\3.3.12\x64\bin;C:\Program Files\OpenSSL\bin;C:\tools\kotlinc\bin;C:\hostedtoolcache\windows\Java_Temurin-Hotspot_jdk\8.0.504-1\x64\bin;C:\Program Files\ImageMagick-7.1.2-Q16-HDRI;C:\Program Files\Microsoft SDKs\Azure\CLI2\wbin;C:\ProgramData\kind;C:\ProgramData\Chocolatey\bin;C:\Windows\system32;C:\Windows;C:\Windows\System32\Wbem;C:\Windows\System32\WindowsPowerShell\v1.0\;C:\Windows\System32\OpenSSH\;C:\Program Files\dotnet\;C:\Program Files\PowerShell\7\;C:\Program Files\Microsoft\Web Platform Installer\;C:\Program Files\TortoiseSVN\bin;C:\Program Files\Microsoft SQL Server\Client SDK\ODBC\170\Tools\Binn\;C:\Program Files\Microsoft SQL Server\150\Tools\Binn\;C:\Program Files (x86)\Windows Kits\10\Windows Performance Toolkit\;C:\Program Files (x86)\WiX Toolset v3.14\bin;C:\Program Files\Microsoft SQL Server\130\DTS\Binn\;C:\Program Files\Microsoft SQL Server\140\DTS\Binn\;C:\Program Files\Microsoft SQL Server\150\DTS\Binn\;C:\Program Files\Microsoft SQL Server\160\DTS\Binn\;C:\Program Files\Microsoft SQL Server\170\DTS\Binn\;C:\Strawberry\c\bin;C:\Strawberry\perl\site\bin;C:\Strawberry\perl\bin;C:\ProgramData\chocolatey\lib\pulumi\tools\Pulumi\bin;C:\Program Files\CMake\bin;C:\ProgramData\chocolatey\lib\maven\apache-maven-3.9.16\bin;C:\Program Files\Microsoft Service Fabric\bin\Fabric\Fabric.Code;C:\Program Files\Microsoft SDKs\Service Fabric\Tools\ServiceFabricLocalClusterManager;C:\Program Files\nodejs\;C:\Program Files\Git\cmd;C:\Program Files\Git\ucrt64\bin;C:\Program Files\Git\usr\bin;C:\Program Files\GitHub CLI\;c:\tools\php;C:\Program Files (x86)\sbt\bin;C:\Program Files\Amazon\AWSCLIV2\;C:\Program Files\Amazon\SessionManagerPlugin\bin\;C:\Program Files\Amazon\AWSSAMCLI\bin\;C:\Program Files\Microsoft SQL Server\130\Tools\Binn\;C:\Program Files\mongosh\;C:\Program Files\LLVM\bin;C:\Program Files (x86)\LLVM\bin;C:\Users\runneradmin\.dotnet\tools;C:\Users\runneradmin\.cargo\bin;C:\Users\runneradmin\AppData\Local\Microsoft\WindowsApps;C:\Program Files (x86)\Microsoft Visual Studio\Installer
2026-10-08T11:55:43.9020799Z   VCPKG_DEFAULT_BINARY_CACHE: D:/a/CaptureSuite/CaptureSuite/969f6665-88a2-4c98-938e-ca9259871fec/vcpkg_cache
2026-10-08T11:55:43.9021260Z   VCPKG_BINARY_SOURCES: clear;x-gha,readwrite
2026-10-08T11:55:43.9021646Z   RUNVCPKG_VCPKG_ROOT: D:\a\CaptureSuite\CaptureSuite\vcpkg
2026-10-08T11:55:43.9021943Z ##[endgroup]
2026-10-08T11:55:44.4925493Z [1/163] Generating C++ from capture/v1/project.proto
2026-10-08T11:55:44.4960863Z [2/163] Generating C++ from capture/v1/common.proto
2026-10-08T11:55:44.5070848Z [3/163] Generating C++ from capture/v1/events.proto
2026-10-08T11:55:44.5119511Z [4/163] Generating C++ from capture/v1/source.proto
2026-10-08T11:55:44.5397766Z [5/163] Generating C++ from capture/v1/presets.proto
2026-10-08T11:55:44.5699953Z [6/163] Generating C++ from capture/v1/health.proto
2026-10-08T11:55:44.5722075Z [7/163] Generating C++ from capture/v1/preview.proto
2026-10-08T11:55:44.6214230Z [8/163] Generating C++ from capture/v1/arrays.proto
2026-10-08T11:55:44.6253815Z [9/163] Generating C++ from capture/v1/storage.proto
2026-10-08T11:55:44.6433083Z [10/163] Generating C++ from capture/v1/worker.proto
2026-10-08T11:55:44.6576372Z [11/163] Generating C++ from capture/v1/control.proto
2026-10-08T11:55:44.6628126Z [12/163] Generating C++ from capture/v1/data/emg_batch.proto
2026-10-08T11:55:44.6726549Z [13/163] Generating C++ from capture/v1/data/imu_frame.proto
2026-10-08T11:55:44.6927391Z [14/163] Generating C++ from capture/v1/data/numeric_batch.proto
2026-10-08T11:55:44.7066273Z [15/163] Generating C++ from capture/v1/data/radar_frame.proto
2026-10-08T11:55:44.7151397Z [16/163] Generating C++ from capture/v1/data/radar_doppler.proto
2026-10-08T11:55:44.7206034Z [17/163] Generating C++ from capture/v1/data/video_timing.proto
2026-10-08T11:55:44.7223421Z [18/163] Scanning D:\a\CaptureSuite\CaptureSuite\libs\cpp\capture_core\src\version.cpp for CXX dependencies
2026-10-08T11:55:44.8247969Z [19/163] Scanning D:\a\CaptureSuite\CaptureSuite\libs\cpp\capture_core\src\session_fsm.cpp for CXX dependencies
2026-10-08T11:55:44.8271363Z [20/163] Scanning D:\a\CaptureSuite\CaptureSuite\libs\cpp\capture_core\src\source_fsm.cpp for CXX dependencies
2026-10-08T11:55:44.8286830Z [21/163] Scanning D:\a\CaptureSuite\CaptureSuite\libs\cpp\capture_core\src\framing.cpp for CXX dependencies
2026-10-08T11:55:44.9540279Z [22/163] Scanning D:\a\CaptureSuite\CaptureSuite\libs\cpp\capture_core\src\clock.cpp for CXX dependencies
2026-10-08T11:55:44.9564447Z [23/163] Scanning D:\a\CaptureSuite\CaptureSuite\libs\cpp\capture_core\src\recording_buffer.cpp for CXX dependencies
2026-10-08T11:55:45.4811744Z [24/163] Scanning D:\a\CaptureSuite\CaptureSuite\build\windows-release\libs\cpp\capture_proto\generated\capture\v1\events.pb.cc for CXX dependencies
2026-10-08T11:55:45.4848588Z [25/163] Scanning D:\a\CaptureSuite\CaptureSuite\build\windows-release\libs\cpp\capture_proto\generated\capture\v1\common.pb.cc for CXX dependencies
2026-10-08T11:55:45.5052945Z [26/163] Scanning D:\a\CaptureSuite\CaptureSuite\build\windows-release\libs\cpp\capture_proto\generated\capture\v1\source.pb.cc for CXX dependencies
2026-10-08T11:55:45.6205026Z [27/163] Scanning D:\a\CaptureSuite\CaptureSuite\libs\cpp\capture_core\src\logging.cpp for CXX dependencies
2026-10-08T11:55:45.8564903Z [28/163] Scanning D:\a\CaptureSuite\CaptureSuite\build\windows-release\libs\cpp\capture_proto\generated\capture\v1\project.pb.cc for CXX dependencies
2026-10-08T11:55:45.8589726Z [29/163] Scanning D:\a\CaptureSuite\CaptureSuite\build\windows-release\libs\cpp\capture_proto\generated\capture\v1\presets.pb.cc for CXX dependencies
2026-10-08T11:55:45.9761434Z [30/163] Scanning D:\a\CaptureSuite\CaptureSuite\build\windows-release\libs\cpp\capture_proto\generated\capture\v1\control.pb.cc for CXX dependencies
2026-10-08T11:55:46.0388851Z [31/163] Scanning D:\a\CaptureSuite\CaptureSuite\build\windows-release\libs\cpp\capture_proto\generated\capture\v1\health.pb.cc for CXX dependencies
2026-10-08T11:55:46.2677100Z [32/163] Scanning D:\a\CaptureSuite\CaptureSuite\build\windows-release\libs\cpp\capture_proto\generated\capture\v1\preview.pb.cc for CXX dependencies
2026-10-08T11:55:46.2803757Z [33/163] Scanning D:\a\CaptureSuite\CaptureSuite\build\windows-release\libs\cpp\capture_proto\generated\capture\v1\worker.pb.cc for CXX dependencies
2026-10-08T11:55:46.3737055Z [34/163] Scanning D:\a\CaptureSuite\CaptureSuite\build\windows-release\libs\cpp\capture_proto\generated\capture\v1\storage.pb.cc for CXX dependencies
2026-10-08T11:55:46.4187358Z [35/163] Scanning D:\a\CaptureSuite\CaptureSuite\build\windows-release\libs\cpp\capture_proto\generated\capture\v1\arrays.pb.cc for CXX dependencies
2026-10-08T11:55:46.6531929Z [36/163] Scanning D:\a\CaptureSuite\CaptureSuite\build\windows-release\libs\cpp\capture_proto\generated\capture\v1\data\imu_frame.pb.cc for CXX dependencies
2026-10-08T11:55:46.6713024Z [37/163] Scanning D:\a\CaptureSuite\CaptureSuite\build\windows-release\libs\cpp\capture_proto\generated\capture\v1\data\emg_batch.pb.cc for CXX dependencies
2026-10-08T11:55:46.7501006Z [38/163] Scanning D:\a\CaptureSuite\CaptureSuite\build\windows-release\libs\cpp\capture_proto\generated\capture\v1\data\numeric_batch.pb.cc for CXX dependencies
2026-10-08T11:55:46.7749341Z [39/163] Generating CXX dyndep file libs\cpp\capture_core\CMakeFiles\capture_core.dir\CXX.dd
2026-10-08T11:55:46.8228588Z [40/163] Scanning D:\a\CaptureSuite\CaptureSuite\build\windows-release\libs\cpp\capture_proto\generated\capture\v1\data\radar_frame.pb.cc for CXX dependencies
2026-10-08T11:55:46.8618778Z [41/163] Building CXX object libs\cpp\capture_core\CMakeFiles\capture_core.dir\src\version.cpp.obj
2026-10-08T11:55:47.0409155Z [42/163] Scanning D:\a\CaptureSuite\CaptureSuite\build\windows-release\libs\cpp\capture_proto\generated\capture\v1\data\radar_doppler.pb.cc for CXX dependencies
2026-10-08T11:55:47.0560102Z [43/163] Scanning D:\a\CaptureSuite\CaptureSuite\build\windows-release\libs\cpp\capture_proto\generated\capture\v1\data\video_timing.pb.cc for CXX dependencies
2026-10-08T11:55:47.0865514Z [44/163] Generating CXX dyndep file libs\cpp\capture_proto\CMakeFiles\capture_proto.dir\CXX.dd
2026-10-08T11:55:47.3413165Z [45/163] Scanning D:\a\CaptureSuite\CaptureSuite\workers\stub\main.cpp for CXX dependencies
2026-10-08T11:55:47.9869872Z [46/163] Building CXX object libs\cpp\capture_core\CMakeFiles\capture_core.dir\src\session_fsm.cpp.obj
2026-10-08T11:55:47.9905128Z [47/163] Building CXX object libs\cpp\capture_core\CMakeFiles\capture_core.dir\src\framing.cpp.obj
2026-10-08T11:55:48.1581707Z [48/163] Building CXX object libs\cpp\capture_core\CMakeFiles\capture_core.dir\src\source_fsm.cpp.obj
2026-10-08T11:55:48.5155017Z [49/163] Building CXX object libs\cpp\capture_core\CMakeFiles\capture_core.dir\src\clock.cpp.obj
2026-10-08T11:55:49.4288458Z [50/163] Building CXX object libs\cpp\capture_core\CMakeFiles\capture_core.dir\src\recording_buffer.cpp.obj
2026-10-08T11:55:53.9544554Z [51/163] Building CXX object libs\cpp\capture_core\CMakeFiles\capture_core.dir\src\logging.cpp.obj
2026-10-08T11:55:54.3661557Z [52/163] Building CXX object libs\cpp\capture_proto\CMakeFiles\capture_proto.dir\generated\capture\v1\common.pb.cc.obj
2026-10-08T11:55:55.1703650Z [53/163] Building CXX object libs\cpp\capture_proto\CMakeFiles\capture_proto.dir\generated\capture\v1\source.pb.cc.obj
2026-10-08T11:55:55.3325845Z [54/163] Building CXX object libs\cpp\capture_proto\CMakeFiles\capture_proto.dir\generated\capture\v1\events.pb.cc.obj
2026-10-08T11:55:59.9313885Z [55/163] Building CXX object libs\cpp\capture_proto\CMakeFiles\capture_proto.dir\generated\capture\v1\project.pb.cc.obj
2026-10-08T11:56:00.0868902Z [56/163] Building CXX object libs\cpp\capture_proto\CMakeFiles\capture_proto.dir\generated\capture\v1\presets.pb.cc.obj
2026-10-08T11:56:00.5420513Z [57/163] Building CXX object libs\cpp\capture_proto\CMakeFiles\capture_proto.dir\generated\capture\v1\health.pb.cc.obj
2026-10-08T11:56:04.4825318Z [58/163] Building CXX object libs\cpp\capture_proto\CMakeFiles\capture_proto.dir\generated\capture\v1\control.pb.cc.obj
2026-10-08T11:56:06.0625623Z [59/163] Building CXX object libs\cpp\capture_proto\CMakeFiles\capture_proto.dir\generated\capture\v1\preview.pb.cc.obj
2026-10-08T11:56:06.9588624Z [60/163] Building CXX object libs\cpp\capture_proto\CMakeFiles\capture_proto.dir\generated\capture\v1\storage.pb.cc.obj
2026-10-08T11:56:07.5385591Z [61/163] Building CXX object libs\cpp\capture_proto\CMakeFiles\capture_proto.dir\generated\capture\v1\worker.pb.cc.obj
2026-10-08T11:56:09.0368719Z [62/163] Building CXX object libs\cpp\capture_proto\CMakeFiles\capture_proto.dir\generated\capture\v1\arrays.pb.cc.obj
2026-10-08T11:56:11.8972233Z [63/163] Building CXX object libs\cpp\capture_proto\CMakeFiles\capture_proto.dir\generated\capture\v1\data\imu_frame.pb.cc.obj
2026-10-08T11:56:11.9071530Z [64/163] Building CXX object libs\cpp\capture_proto\CMakeFiles\capture_proto.dir\generated\capture\v1\data\emg_batch.pb.cc.obj
2026-10-08T11:56:11.9440692Z [65/163] Building CXX object libs\cpp\capture_proto\CMakeFiles\capture_proto.dir\generated\capture\v1\data\numeric_batch.pb.cc.obj
2026-10-08T11:56:11.9889302Z [66/163] Generating CXX dyndep file workers\stub\CMakeFiles\capture_worker_stub.dir\CXX.dd
2026-10-08T11:56:12.0333794Z [67/163] Linking CXX static library libs\cpp\capture_core\capture_core.lib
2026-10-08T11:56:13.5117907Z [68/163] Building CXX object libs\cpp\capture_proto\CMakeFiles\capture_proto.dir\generated\capture\v1\data\radar_frame.pb.cc.obj
2026-10-08T11:56:13.8226059Z [69/163] Scanning D:\a\CaptureSuite\CaptureSuite\libs\cpp\capture_storage\src\atomic_file.cpp for CXX dependencies
2026-10-08T11:56:14.0156543Z [70/163] Scanning D:\a\CaptureSuite\CaptureSuite\libs\cpp\capture_storage\src\hash.cpp for CXX dependencies
2026-10-08T11:56:14.2018185Z [71/163] Scanning D:\a\CaptureSuite\CaptureSuite\libs\cpp\capture_storage\src\journal.cpp for CXX dependencies
2026-10-08T11:56:14.5284011Z [72/163] Scanning D:\a\CaptureSuite\CaptureSuite\libs\cpp\capture_storage\src\disk_watchdog.cpp for CXX dependencies
2026-10-08T11:56:14.7336242Z [73/163] Scanning D:\a\CaptureSuite\CaptureSuite\libs\cpp\capture_storage\src\mcap_impl.cpp for CXX dependencies
2026-10-08T11:56:15.1942623Z [74/163] Scanning D:\a\CaptureSuite\CaptureSuite\libs\cpp\capture_storage\src\mcap_stream_writer.cpp for CXX dependencies
2026-10-08T11:56:15.5706374Z [75/163] Scanning D:\a\CaptureSuite\CaptureSuite\libs\cpp\capture_storage\src\session_package.cpp for CXX dependencies
2026-10-08T11:56:15.9565909Z [76/163] Scanning D:\a\CaptureSuite\CaptureSuite\libs\cpp\capture_storage\src\recovery.cpp for CXX dependencies
2026-10-08T11:56:15.9832857Z [77/163] Generating CXX dyndep file libs\cpp\capture_storage\CMakeFiles\capture_storage.dir\CXX.dd
2026-10-08T11:56:16.0740750Z [78/163] Building CXX object libs\cpp\capture_proto\CMakeFiles\capture_proto.dir\generated\capture\v1\data\video_timing.pb.cc.obj
2026-10-08T11:56:16.2706321Z [79/163] Building CXX object libs\cpp\capture_proto\CMakeFiles\capture_proto.dir\generated\capture\v1\data\radar_doppler.pb.cc.obj
2026-10-08T11:56:16.3765568Z [80/163] Linking CXX static library libs\cpp\capture_proto\capture_proto.lib
2026-10-08T11:56:16.6553156Z [81/163] Scanning D:\a\CaptureSuite\CaptureSuite\daemon\src\main.cpp for CXX dependencies
2026-10-08T11:56:16.7024663Z [82/163] Scanning D:\a\CaptureSuite\CaptureSuite\daemon\src\sim_engine.cpp for CXX dependencies
2026-10-08T11:56:16.9640902Z [83/163] Scanning D:\a\CaptureSuite\CaptureSuite\daemon\src\camera_capture.cpp for CXX dependencies
2026-10-08T11:56:17.2016816Z [84/163] Scanning D:\a\CaptureSuite\CaptureSuite\daemon\src\external_worker_bridge.cpp for CXX dependencies
2026-10-08T11:56:17.2347242Z [85/163] Scanning D:\a\CaptureSuite\CaptureSuite\daemon\src\camera_worker_bridge.cpp for CXX dependencies
2026-10-08T11:56:17.5805749Z [86/163] Scanning D:\a\CaptureSuite\CaptureSuite\daemon\src\radar_worker_bridge.cpp for CXX dependencies
2026-10-08T11:56:17.6530418Z [87/163] Scanning D:\a\CaptureSuite\CaptureSuite\daemon\src\handshake.cpp for CXX dependencies
2026-10-08T11:56:17.7552514Z [88/163] Building CXX object workers\stub\CMakeFiles\capture_worker_stub.dir\main.cpp.obj
2026-10-08T11:56:17.8040335Z [89/163] Scanning D:\a\CaptureSuite\CaptureSuite\daemon\src\plugin_registry.cpp for CXX dependencies
2026-10-08T11:56:17.9771738Z [90/163] Scanning D:\a\CaptureSuite\CaptureSuite\daemon\src\process_security.cpp for CXX dependencies
2026-10-08T11:56:18.1483314Z [91/163] Scanning D:\a\CaptureSuite\CaptureSuite\tools\session_doctor\main.cpp for CXX dependencies
2026-10-08T11:56:18.2609034Z [92/163] Scanning D:\a\CaptureSuite\CaptureSuite\daemon\src\control_server.cpp for CXX dependencies
2026-10-08T11:56:18.3849211Z [93/163] Scanning D:\a\CaptureSuite\CaptureSuite\daemon\src\worker_host.cpp for CXX dependencies
2026-10-08T11:56:18.8871160Z [94/163] Linking CXX executable workers\stub\capture_worker_stub.exe
2026-10-08T11:56:19.0832645Z [95/163] Scanning D:\a\CaptureSuite\CaptureSuite\tests\cpp\test_clock.cpp for CXX dependencies
2026-10-08T11:56:19.2781767Z [96/163] Scanning D:\a\CaptureSuite\CaptureSuite\tests\cpp\test_env.cpp for CXX dependencies
2026-10-08T11:56:19.4679098Z [97/163] Scanning D:\a\CaptureSuite\CaptureSuite\tests\cpp\test_framing.cpp for CXX dependencies
2026-10-08T11:56:19.6569067Z [98/163] Scanning D:\a\CaptureSuite\CaptureSuite\tests\cpp\test_session_fsm.cpp for CXX dependencies
2026-10-08T11:56:19.8502899Z [99/163] Scanning D:\a\CaptureSuite\CaptureSuite\tests\cpp\test_source_fsm.cpp for CXX dependencies
2026-10-08T11:56:20.1172926Z [100/163] Scanning D:\a\CaptureSuite\CaptureSuite\tests\cpp\test_logging.cpp for CXX dependencies
2026-10-08T11:56:20.3364180Z [101/163] Scanning D:\a\CaptureSuite\CaptureSuite\tests\cpp\test_storage_posix.cpp for CXX dependencies
2026-10-08T11:56:20.8067392Z [102/163] Building CXX object libs\cpp\capture_storage\CMakeFiles\capture_storage.dir\src\hash.cpp.obj
2026-10-08T11:56:20.8992570Z [103/163] Scanning D:\a\CaptureSuite\CaptureSuite\tests\cpp\test_atomic_file_windows.cpp for CXX dependencies
2026-10-08T11:56:20.9706160Z [104/163] Building CXX object libs\cpp\capture_storage\CMakeFiles\capture_storage.dir\src\journal.cpp.obj
2026-10-08T11:56:21.2510972Z [105/163] Building CXX object libs\cpp\capture_storage\CMakeFiles\capture_storage.dir\src\atomic_file.cpp.obj
2026-10-08T11:56:21.5713813Z [106/163] Scanning D:\a\CaptureSuite\CaptureSuite\tests\cpp\test_recovery.cpp for CXX dependencies
2026-10-08T11:56:21.5951121Z [107/163] Scanning D:\a\CaptureSuite\CaptureSuite\tests\cpp\test_sim_engine.cpp for CXX dependencies
2026-10-08T11:56:21.6074371Z [108/163] Scanning D:\a\CaptureSuite\CaptureSuite\tests\cpp\test_session_package.cpp for CXX dependencies
2026-10-08T11:56:21.8135015Z [109/163] Scanning D:\a\CaptureSuite\CaptureSuite\tests\cpp\test_worker_host.cpp for CXX dependencies
2026-10-08T11:56:21.9861277Z [110/163] Scanning D:\a\CaptureSuite\CaptureSuite\daemon\src\camera_capture.cpp for CXX dependencies
2026-10-08T11:56:22.1571179Z [111/163] Scanning D:\a\CaptureSuite\CaptureSuite\daemon\src\external_worker_bridge.cpp for CXX dependencies
2026-10-08T11:56:22.1600729Z [112/163] Scanning D:\a\CaptureSuite\CaptureSuite\daemon\src\sim_engine.cpp for CXX dependencies
2026-10-08T11:56:22.3877633Z [113/163] Scanning D:\a\CaptureSuite\CaptureSuite\daemon\src\camera_worker_bridge.cpp for CXX dependencies
2026-10-08T11:56:22.5474188Z [114/163] Scanning D:\a\CaptureSuite\CaptureSuite\daemon\src\radar_worker_bridge.cpp for CXX dependencies
2026-10-08T11:56:22.5710237Z [115/163] Scanning D:\a\CaptureSuite\CaptureSuite\daemon\src\handshake.cpp for CXX dependencies
2026-10-08T11:56:22.6781074Z [116/163] Scanning D:\a\CaptureSuite\CaptureSuite\daemon\src\process_security.cpp for CXX dependencies
2026-10-08T11:56:22.7360510Z [117/163] Scanning D:\a\CaptureSuite\CaptureSuite\daemon\src\plugin_registry.cpp for CXX dependencies
2026-10-08T11:56:23.1474391Z [118/163] Scanning D:\a\CaptureSuite\CaptureSuite\daemon\src\worker_host.cpp for CXX dependencies
2026-10-08T11:56:25.5116547Z [119/163] Building CXX object libs\cpp\capture_storage\CMakeFiles\capture_storage.dir\src\disk_watchdog.cpp.obj
2026-10-08T11:56:32.6565118Z [120/163] Building CXX object libs\cpp\capture_storage\CMakeFiles\capture_storage.dir\src\mcap_stream_writer.cpp.obj
2026-10-08T11:56:33.3786894Z [121/163] Building CXX object libs\cpp\capture_storage\CMakeFiles\capture_storage.dir\src\mcap_impl.cpp.obj
2026-10-08T11:56:35.0113183Z [122/163] Building CXX object libs\cpp\capture_storage\CMakeFiles\capture_storage.dir\src\session_package.cpp.obj
2026-10-08T11:56:35.1286850Z [123/163] Generating CXX dyndep file daemon\CMakeFiles\capture_daemon.dir\CXX.dd
2026-10-08T11:56:35.5125003Z [124/163] Generating CXX dyndep file tools\session_doctor\CMakeFiles\session_doctor.dir\CXX.dd
2026-10-08T11:56:35.5570321Z [125/163] Generating CXX dyndep file tests\cpp\CMakeFiles\capture_core_tests.dir\CXX.dd
2026-10-08T11:56:36.7513197Z [126/163] Building CXX object libs\cpp\capture_storage\CMakeFiles\capture_storage.dir\src\recovery.cpp.obj
2026-10-08T11:56:36.9008252Z [127/163] Linking CXX static library libs\cpp\capture_storage\capture_storage.lib
2026-10-08T11:56:39.0864838Z [128/163] Building CXX object daemon\CMakeFiles\capture_daemon.dir\src\camera_capture.cpp.obj
2026-10-08T11:56:41.9926745Z [129/163] Building CXX object daemon\CMakeFiles\capture_daemon.dir\src\main.cpp.obj
2026-10-08T11:56:44.9961993Z [130/163] Building CXX object daemon\CMakeFiles\capture_daemon.dir\src\camera_worker_bridge.cpp.obj
2026-10-08T11:56:45.1998493Z [131/163] Building CXX object daemon\CMakeFiles\capture_daemon.dir\src\external_worker_bridge.cpp.obj
2026-10-08T11:56:51.1243560Z [132/163] Building CXX object daemon\CMakeFiles\capture_daemon.dir\src\radar_worker_bridge.cpp.obj
2026-10-08T11:56:51.5197627Z [133/163] Building CXX object daemon\CMakeFiles\capture_daemon.dir\src\handshake.cpp.obj
2026-10-08T11:56:57.5391151Z [134/163] Building CXX object daemon\CMakeFiles\capture_daemon.dir\src\sim_engine.cpp.obj
2026-10-08T11:56:57.5893655Z [135/163] Building CXX object daemon\CMakeFiles\capture_daemon.dir\src\process_security.cpp.obj
2026-10-08T11:56:58.0914239Z [136/163] Building CXX object daemon\CMakeFiles\capture_daemon.dir\src\plugin_registry.cpp.obj
2026-10-08T11:57:00.7492506Z [137/163] Building CXX object tools\session_doctor\CMakeFiles\session_doctor.dir\main.cpp.obj
2026-10-08T11:57:01.2809205Z [138/163] Building CXX object tests\cpp\CMakeFiles\capture_core_tests.dir\test_clock.cpp.obj
2026-10-08T11:57:04.1362662Z [139/163] Building CXX object tests\cpp\CMakeFiles\capture_core_tests.dir\test_env.cpp.obj
2026-10-08T11:57:04.4148111Z [140/163] Building CXX object daemon\CMakeFiles\capture_daemon.dir\src\control_server.cpp.obj
2026-10-08T11:57:04.4330922Z [141/163] Building CXX object tests\cpp\CMakeFiles\capture_core_tests.dir\test_framing.cpp.obj
2026-10-08T11:57:04.7138602Z [142/163] Building CXX object daemon\CMakeFiles\capture_daemon.dir\src\worker_host.cpp.obj
2026-10-08T11:57:06.0685950Z [143/163] Building CXX object tests\cpp\CMakeFiles\capture_core_tests.dir\test_session_fsm.cpp.obj
2026-10-08T11:57:06.3580661Z [144/163] Building CXX object tests\cpp\CMakeFiles\capture_core_tests.dir\test_source_fsm.cpp.obj
2026-10-08T11:57:07.7643386Z [145/163] Building CXX object tests\cpp\CMakeFiles\capture_core_tests.dir\test_storage_posix.cpp.obj
2026-10-08T11:57:12.3628490Z [146/163] Building CXX object tests\cpp\CMakeFiles\capture_core_tests.dir\test_atomic_file_windows.cpp.obj
2026-10-08T11:57:12.6358041Z [147/163] Building CXX object tests\cpp\CMakeFiles\capture_core_tests.dir\test_logging.cpp.obj
2026-10-08T11:57:14.7337211Z [148/163] Building CXX object tests\cpp\CMakeFiles\capture_core_tests.dir\test_sim_engine.cpp.obj
2026-10-08T11:57:15.3443921Z [149/163] Building CXX object tests\cpp\CMakeFiles\capture_core_tests.dir\test_session_package.cpp.obj
2026-10-08T11:57:19.1821400Z [150/163] Building CXX object tests\cpp\CMakeFiles\capture_core_tests.dir\__\__\daemon\src\camera_capture.cpp.obj
2026-10-08T11:57:19.1863830Z [151/163] Building CXX object tests\cpp\CMakeFiles\capture_core_tests.dir\test_worker_host.cpp.obj
2026-10-08T11:57:19.5979682Z [152/163] Building CXX object tests\cpp\CMakeFiles\capture_core_tests.dir\test_recovery.cpp.obj
2026-10-08T11:57:25.7171600Z [153/163] Building CXX object tests\cpp\CMakeFiles\capture_core_tests.dir\__\__\daemon\src\camera_worker_bridge.cpp.obj
2026-10-08T11:57:27.2807492Z [154/163] Building CXX object tests\cpp\CMakeFiles\capture_core_tests.dir\__\__\daemon\src\radar_worker_bridge.cpp.obj
2026-10-08T11:57:27.5332294Z [155/163] Building CXX object tests\cpp\CMakeFiles\capture_core_tests.dir\__\__\daemon\src\external_worker_bridge.cpp.obj
2026-10-08T11:57:33.3344654Z [156/163] Building CXX object tests\cpp\CMakeFiles\capture_core_tests.dir\__\__\daemon\src\process_security.cpp.obj
2026-10-08T11:57:33.7505765Z [157/163] Building CXX object tests\cpp\CMakeFiles\capture_core_tests.dir\__\__\daemon\src\handshake.cpp.obj
2026-10-08T11:57:34.4027720Z [158/163] Building CXX object tests\cpp\CMakeFiles\capture_core_tests.dir\__\__\daemon\src\sim_engine.cpp.obj
2026-10-08T11:57:37.2266124Z [159/163] Building CXX object tests\cpp\CMakeFiles\capture_core_tests.dir\__\__\daemon\src\plugin_registry.cpp.obj
2026-10-08T11:57:37.4391494Z [160/163] Linking CXX executable tools\session_doctor\session_doctor.exe
2026-10-08T11:57:37.7842632Z [161/163] Linking CXX executable daemon\capture_daemon.exe
2026-10-08T11:57:39.6366965Z [162/163] Building CXX object tests\cpp\CMakeFiles\capture_core_tests.dir\__\__\daemon\src\worker_host.cpp.obj
2026-10-08T11:57:40.9531663Z [163/163] Linking CXX executable tests\cpp\capture_core_tests.exe
2026-10-08T11:57:41.0365025Z ##[group]Run ctest --test-dir build/windows-release --output-on-failure --no-tests=error --output-junit ctest-results.xml -C Release
2026-10-08T11:57:41.0365828Z [36;1mctest --test-dir build/windows-release --output-on-failure --no-tests=error --output-junit ctest-results.xml -C Release[0m
2026-10-08T11:57:41.0394607Z shell: C:\Program Files\PowerShell\7\pwsh.EXE -command ". '{0}'"
2026-10-08T11:57:41.0394873Z env:
2026-10-08T11:57:41.0395066Z   CommandPromptType: Native
2026-10-08T11:57:41.0395414Z   DevEnvDir: C:\Program Files\Microsoft Visual Studio\2022\Enterprise\Common7\IDE\
2026-10-08T11:57:41.0395838Z   ExtensionSdkDir: C:\Program Files (x86)\Microsoft SDKs\Windows Kits\10\ExtensionSDKs
2026-10-08T11:57:41.0397621Z   EXTERNAL_INCLUDE: C:\Program Files\Microsoft Visual Studio\2022\Enterprise\VC\Tools\MSVC\14.44.35207\include;C:\Program Files\Microsoft Visual Studio\2022\Enterprise\VC\Tools\MSVC\14.44.35207\ATLMFC\include;C:\Program Files\Microsoft Visual Studio\2022\Enterprise\VC\Auxiliary\VS\include;C:\Program Files (x86)\Windows Kits\10\include\10.0.26100.0\ucrt;C:\Program Files (x86)\Windows Kits\10\\include\10.0.26100.0\\um;C:\Program Files (x86)\Windows Kits\10\\include\10.0.26100.0\\shared;C:\Program Files (x86)\Windows Kits\10\\include\10.0.26100.0\\winrt;C:\Program Files (x86)\Windows Kits\10\\include\10.0.26100.0\\cppwinrt;C:\Program Files (x86)\Windows Kits\NETFXSDK\4.8\include\um
2026-10-08T11:57:41.0399276Z   Framework40Version: v4.0
2026-10-08T11:57:41.0399487Z   FrameworkDir: C:\Windows\Microsoft.NET\Framework64\
2026-10-08T11:57:41.0399756Z   FrameworkDir64: C:\Windows\Microsoft.NET\Framework64\
2026-10-08T11:57:41.0399990Z   FrameworkVersion: v4.0.30319
2026-10-08T11:57:41.0400179Z   FrameworkVersion64: v4.0.30319
2026-10-08T11:57:41.0400574Z   FSHARPINSTALLDIR: C:\Program Files\Microsoft Visual Studio\2022\Enterprise\Common7\IDE\CommonExtensions\Microsoft\FSharp\Tools
2026-10-08T11:57:41.0401026Z   HTMLHelpDir: C:\Program Files (x86)\HTML Help Workshop
2026-10-08T11:57:41.0401389Z   IFCPATH: C:\Program Files\Microsoft Visual Studio\2022\Enterprise\VC\Tools\MSVC\14.44.35207\ifc\x64
2026-10-08T11:57:41.0403095Z   INCLUDE: C:\Program Files\Microsoft Visual Studio\2022\Enterprise\VC\Tools\MSVC\14.44.35207\include;C:\Program Files\Microsoft Visual Studio\2022\Enterprise\VC\Tools\MSVC\14.44.35207\ATLMFC\include;C:\Program Files\Microsoft Visual Studio\2022\Enterprise\VC\Auxiliary\VS\include;C:\Program Files (x86)\Windows Kits\10\include\10.0.26100.0\ucrt;C:\Program Files (x86)\Windows Kits\10\\include\10.0.26100.0\\um;C:\Program Files (x86)\Windows Kits\10\\include\10.0.26100.0\\shared;C:\Program Files (x86)\Windows Kits\10\\include\10.0.26100.0\\winrt;C:\Program Files (x86)\Windows Kits\10\\include\10.0.26100.0\\cppwinrt;C:\Program Files (x86)\Windows Kits\NETFXSDK\4.8\include\um
2026-10-08T11:57:41.0404841Z   is_x64_arch: true
2026-10-08T11:57:41.0405746Z   LIB: C:\Program Files\Microsoft Visual Studio\2022\Enterprise\VC\Tools\MSVC\14.44.35207\ATLMFC\lib\x64;C:\Program Files\Microsoft Visual Studio\2022\Enterprise\VC\Tools\MSVC\14.44.35207\lib\x64;C:\Program Files (x86)\Windows Kits\NETFXSDK\4.8\lib\um\x64;C:\Program Files (x86)\Windows Kits\10\lib\10.0.26100.0\ucrt\x64;C:\Program Files (x86)\Windows Kits\10\\lib\10.0.26100.0\\um\x64
2026-10-08T11:57:41.0407690Z   LIBPATH: C:\Program Files\Microsoft Visual Studio\2022\Enterprise\VC\Tools\MSVC\14.44.35207\ATLMFC\lib\x64;C:\Program Files\Microsoft Visual Studio\2022\Enterprise\VC\Tools\MSVC\14.44.35207\lib\x64;C:\Program Files\Microsoft Visual Studio\2022\Enterprise\VC\Tools\MSVC\14.44.35207\lib\x86\store\references;C:\Program Files (x86)\Windows Kits\10\UnionMetadata\10.0.26100.0;C:\Program Files (x86)\Windows Kits\10\References\10.0.26100.0;C:\Windows\Microsoft.NET\Framework64\v4.0.30319
2026-10-08T11:57:41.0408923Z   NETFXSDKDir: C:\Program Files (x86)\Windows Kits\NETFXSDK\4.8\
2026-10-08T11:57:41.0421490Z   Path: C:\Program Files\Microsoft Visual Studio\2022\Enterprise\VC\Tools\MSVC\14.44.35207\bin\HostX64\x64;C:\Program Files\Microsoft Visual Studio\2022\Enterprise\Common7\IDE\VC\VCPackages;C:\Program Files\Microsoft Visual Studio\2022\Enterprise\Common7\IDE\CommonExtensions\Microsoft\TestWindow;C:\Program Files\Microsoft Visual Studio\2022\Enterprise\Common7\IDE\CommonExtensions\Microsoft\TeamFoundation\Team Explorer;C:\Program Files\Microsoft Visual Studio\2022\Enterprise\MSBuild\Current\bin\Roslyn;C:\Program Files (x86)\Microsoft SDKs\Windows\v10.0A\bin\NETFX 4.8 Tools\x64\;C:\Program Files (x86)\HTML Help Workshop;C:\Program Files\Microsoft Visual Studio\2022\Enterprise\Common7\IDE\CommonExtensions\Microsoft\FSharp\Tools;C:\Program Files\Microsoft Visual Studio\2022\Enterprise\Team Tools\DiagnosticsHub\Collector;C:\Program Files\Microsoft Visual Studio\2022\Enterprise\Common7\IDE\Extensions\Microsoft\CodeCoverage.Console;C:\Program Files\Microsoft Visual Studio\2022\Enterprise\VC\Tools\Llvm\x64\bin;C:\Program Files (x86)\Windows Kits\10\bin\10.0.26100.0\\x64;C:\Program Files (x86)\Windows Kits\10\bin\\x64;C:\Program Files\Microsoft Visual Studio\2022\Enterprise\\MSBuild\Current\Bin\amd64;C:\Windows\Microsoft.NET\Framework64\v4.0.30319;C:\Program Files\Microsoft Visual Studio\2022\Enterprise\Common7\IDE\;C:\Program Files\Microsoft Visual Studio\2022\Enterprise\Common7\Tools\;C:\Program Files\MongoDB\Server\7.0\bin;C:\aliyun-cli;C:\vcpkg;C:\Program Files (x86)\NSIS\;C:\tools\zstd;C:\Program Files\Mercurial\;C:\hostedtoolcache\windows\stack\3.11.1\x64;C:\cabal\bin;C:\\ghcup\bin;C:\mingw64\bin;C:\Program Files\dotnet;C:\Program Files\MySQL\MySQL Server 8.0\bin;C:\Program Files\R\R-4.6.1\bin\x64;C:\SeleniumWebDrivers\GeckoDriver;C:\SeleniumWebDrivers\EdgeDriver\;C:\SeleniumWebDrivers\ChromeDriver;C:\Program Files (x86)\sbt\bin;C:\Program Files (x86)\GitHub CLI;C:\Program Files\Git\bin;C:\Program Files (x86)\pipx_bin;C:\npm\prefix;C:\hostedtoolcache\windows\go\1.24.13\x64\bin;C:\hostedtoolcache\windows\Python\3.12.10\x64\Scripts;C:\hostedtoolcache\windows\Python\3.12.10\x64;C:\hostedtoolcache\windows\Ruby\3.3.12\x64\bin;C:\Program Files\OpenSSL\bin;C:\tools\kotlinc\bin;C:\hostedtoolcache\windows\Java_Temurin-Hotspot_jdk\8.0.504-1\x64\bin;C:\Program Files\ImageMagick-7.1.2-Q16-HDRI;C:\Program Files\Microsoft SDKs\Azure\CLI2\wbin;C:\ProgramData\kind;C:\ProgramData\Chocolatey\bin;C:\Windows\system32;C:\Windows;C:\Windows\System32\Wbem;C:\Windows\System32\WindowsPowerShell\v1.0\;C:\Windows\System32\OpenSSH\;C:\Program Files\dotnet\;C:\Program Files\PowerShell\7\;C:\Program Files\Microsoft\Web Platform Installer\;C:\Program Files\TortoiseSVN\bin;C:\Program Files\Microsoft SQL Server\Client SDK\ODBC\170\Tools\Binn\;C:\Program Files\Microsoft SQL Server\150\Tools\Binn\;C:\Program Files (x86)\Windows Kits\10\Windows Performance Toolkit\;C:\Program Files (x86)\WiX Toolset v3.14\bin;C:\Program Files\Microsoft SQL Server\130\DTS\Binn\;C:\Program Files\Microsoft SQL Server\140\DTS\Binn\;C:\Program Files\Microsoft SQL Server\150\DTS\Binn\;C:\Program Files\Microsoft SQL Server\160\DTS\Binn\;C:\Program Files\Microsoft SQL Server\170\DTS\Binn\;C:\Strawberry\c\bin;C:\Strawberry\perl\site\bin;C:\Strawberry\perl\bin;C:\ProgramData\chocolatey\lib\pulumi\tools\Pulumi\bin;C:\Program Files\CMake\bin;C:\ProgramData\chocolatey\lib\maven\apache-maven-3.9.16\bin;C:\Program Files\Microsoft Service Fabric\bin\Fabric\Fabric.Code;C:\Program Files\Microsoft SDKs\Service Fabric\Tools\ServiceFabricLocalClusterManager;C:\Program Files\nodejs\;C:\Program Files\Git\cmd;C:\Program Files\Git\ucrt64\bin;C:\Program Files\Git\usr\bin;C:\Program Files\GitHub CLI\;c:\tools\php;C:\Program Files\Amazon\AWSCLIV2\;C:\Program Files\Amazon\SessionManagerPlugin\bin\;C:\Program Files\Amazon\AWSSAMCLI\bin\;C:\Program Files\Microsoft SQL Server\130\Tools\Binn\;C:\Program Files\mongosh\;C:\Program Files\LLVM\bin;C:\Program Files (x86)\LLVM\bin;C:\Users\runneradmin\.dotnet\tools;C:\Users\runneradmin\.cargo\bin;C:\Users\runneradmin\AppData\Local\Microsoft\WindowsApps;C:\Program Files (x86)\Microsoft Visual Studio\Installer;C:\Program Files\Microsoft Visual Studio\2022\Enterprise\Common7\IDE\CommonExtensions\Microsoft\CMake\CMake\bin;C:\Program Files\Microsoft Visual Studio\2022\Enterprise\Common7\IDE\CommonExtensions\Microsoft\CMake\Ninja;C:\Program Files\Microsoft Visual Studio\2022\Enterprise\Common7\IDE\VC\Linux\bin\ConnectionManagerExe;C:\Program Files\Microsoft Visual Studio\2022\Enterprise\VC\vcpkg
2026-10-08T11:57:41.0432994Z   Platform: x64
2026-10-08T11:57:41.0433154Z   UCRTVersion: 10.0.26100.0
2026-10-08T11:57:41.0433387Z   UniversalCRTSdkDir: C:\Program Files (x86)\Windows Kits\10\
2026-10-08T11:57:41.0433788Z   VCIDEInstallDir: C:\Program Files\Microsoft Visual Studio\2022\Enterprise\Common7\IDE\VC\
2026-10-08T11:57:41.0434193Z   VCINSTALLDIR: C:\Program Files\Microsoft Visual Studio\2022\Enterprise\VC\
2026-10-08T11:57:41.0434505Z   VCPKG_ROOT: D:\a\CaptureSuite\CaptureSuite\vcpkg
2026-10-08T11:57:41.0434876Z   VCToolsInstallDir: C:\Program Files\Microsoft Visual Studio\2022\Enterprise\VC\Tools\MSVC\14.44.35207\
2026-10-08T11:57:41.0435369Z   VCToolsRedistDir: C:\Program Files\Microsoft Visual Studio\2022\Enterprise\VC\Redist\MSVC\14.44.35112\
2026-10-08T11:57:41.0435722Z   VCToolsVersion: 14.44.35207
2026-10-08T11:57:41.0435901Z   VisualStudioVersion: 17.0
2026-10-08T11:57:41.0436186Z   VS170COMNTOOLS: C:\Program Files\Microsoft Visual Studio\2022\Enterprise\Common7\Tools\
2026-10-08T11:57:41.0436500Z   VSCMD_ARG_app_plat: Desktop
2026-10-08T11:57:41.0436670Z   VSCMD_ARG_HOST_ARCH: x64
2026-10-08T11:57:41.0436831Z   VSCMD_ARG_TGT_ARCH: x64
2026-10-08T11:57:41.0436987Z   VSCMD_VER: 17.14.41
2026-10-08T11:57:41.0437218Z   VSINSTALLDIR: C:\Program Files\Microsoft Visual Studio\2022\Enterprise\
2026-10-08T11:57:41.0437590Z   VSSDK150INSTALL: C:\Program Files\Microsoft Visual Studio\2022\Enterprise\VSSDK
2026-10-08T11:57:41.0437963Z   VSSDKINSTALL: C:\Program Files\Microsoft Visual Studio\2022\Enterprise\VSSDK
2026-10-08T11:57:41.0438479Z   WindowsLibPath: C:\Program Files (x86)\Windows Kits\10\UnionMetadata\10.0.26100.0;C:\Program Files (x86)\Windows Kits\10\References\10.0.26100.0
2026-10-08T11:57:41.0438956Z   WindowsSdkBinPath: C:\Program Files (x86)\Windows Kits\10\bin\
2026-10-08T11:57:41.0439239Z   WindowsSdkDir: C:\Program Files (x86)\Windows Kits\10\
2026-10-08T11:57:41.0439474Z   WindowsSDKLibVersion: 10.0.26100.0\
2026-10-08T11:57:41.0439750Z   WindowsSdkVerBinPath: C:\Program Files (x86)\Windows Kits\10\bin\10.0.26100.0\
2026-10-08T11:57:41.0440040Z   WindowsSDKVersion: 10.0.26100.0\
2026-10-08T11:57:41.0440378Z   WindowsSDK_ExecutablePath_x64: C:\Program Files (x86)\Microsoft SDKs\Windows\v10.0A\bin\NETFX 4.8 Tools\x64\
2026-10-08T11:57:41.0440977Z   WindowsSDK_ExecutablePath_x86: C:\Program Files (x86)\Microsoft SDKs\Windows\v10.0A\bin\NETFX 4.8 Tools\
2026-10-08T11:57:41.0441315Z   __DOTNET_ADD_64BIT: 1
2026-10-08T11:57:41.0441477Z   __DOTNET_PREFERRED_BITNESS: 64
2026-10-08T11:57:41.0448185Z   __VSCMD_PREINIT_PATH: C:\Program Files\MongoDB\Server\7.0\bin;C:\aliyun-cli;C:\vcpkg;C:\Program Files (x86)\NSIS\;C:\tools\zstd;C:\Program Files\Mercurial\;C:\hostedtoolcache\windows\stack\3.11.1\x64;C:\cabal\bin;C:\\ghcup\bin;C:\mingw64\bin;C:\Program Files\dotnet;C:\Program Files\MySQL\MySQL Server 8.0\bin;C:\Program Files\R\R-4.6.1\bin\x64;C:\SeleniumWebDrivers\GeckoDriver;C:\SeleniumWebDrivers\EdgeDriver\;C:\SeleniumWebDrivers\ChromeDriver;C:\Program Files (x86)\sbt\bin;C:\Program Files (x86)\GitHub CLI;C:\Program Files\Git\bin;C:\Program Files (x86)\pipx_bin;C:\npm\prefix;C:\hostedtoolcache\windows\go\1.24.13\x64\bin;C:\hostedtoolcache\windows\Python\3.12.10\x64\Scripts;C:\hostedtoolcache\windows\Python\3.12.10\x64;C:\hostedtoolcache\windows\Ruby\3.3.12\x64\bin;C:\Program Files\OpenSSL\bin;C:\tools\kotlinc\bin;C:\hostedtoolcache\windows\Java_Temurin-Hotspot_jdk\8.0.504-1\x64\bin;C:\Program Files\ImageMagick-7.1.2-Q16-HDRI;C:\Program Files\Microsoft SDKs\Azure\CLI2\wbin;C:\ProgramData\kind;C:\ProgramData\Chocolatey\bin;C:\Windows\system32;C:\Windows;C:\Windows\System32\Wbem;C:\Windows\System32\WindowsPowerShell\v1.0\;C:\Windows\System32\OpenSSH\;C:\Program Files\dotnet\;C:\Program Files\PowerShell\7\;C:\Program Files\Microsoft\Web Platform Installer\;C:\Program Files\TortoiseSVN\bin;C:\Program Files\Microsoft SQL Server\Client SDK\ODBC\170\Tools\Binn\;C:\Program Files\Microsoft SQL Server\150\Tools\Binn\;C:\Program Files (x86)\Windows Kits\10\Windows Performance Toolkit\;C:\Program Files (x86)\WiX Toolset v3.14\bin;C:\Program Files\Microsoft SQL Server\130\DTS\Binn\;C:\Program Files\Microsoft SQL Server\140\DTS\Binn\;C:\Program Files\Microsoft SQL Server\150\DTS\Binn\;C:\Program Files\Microsoft SQL Server\160\DTS\Binn\;C:\Program Files\Microsoft SQL Server\170\DTS\Binn\;C:\Strawberry\c\bin;C:\Strawberry\perl\site\bin;C:\Strawberry\perl\bin;C:\ProgramData\chocolatey\lib\pulumi\tools\Pulumi\bin;C:\Program Files\CMake\bin;C:\ProgramData\chocolatey\lib\maven\apache-maven-3.9.16\bin;C:\Program Files\Microsoft Service Fabric\bin\Fabric\Fabric.Code;C:\Program Files\Microsoft SDKs\Service Fabric\Tools\ServiceFabricLocalClusterManager;C:\Program Files\nodejs\;C:\Program Files\Git\cmd;C:\Program Files\Git\ucrt64\bin;C:\Program Files\Git\usr\bin;C:\Program Files\GitHub CLI\;c:\tools\php;C:\Program Files (x86)\sbt\bin;C:\Program Files\Amazon\AWSCLIV2\;C:\Program Files\Amazon\SessionManagerPlugin\bin\;C:\Program Files\Amazon\AWSSAMCLI\bin\;C:\Program Files\Microsoft SQL Server\130\Tools\Binn\;C:\Program Files\mongosh\;C:\Program Files\LLVM\bin;C:\Program Files (x86)\LLVM\bin;C:\Users\runneradmin\.dotnet\tools;C:\Users\runneradmin\.cargo\bin;C:\Users\runneradmin\AppData\Local\Microsoft\WindowsApps;C:\Program Files (x86)\Microsoft Visual Studio\Installer
2026-10-08T11:57:41.0455127Z   VCPKG_DEFAULT_BINARY_CACHE: D:/a/CaptureSuite/CaptureSuite/969f6665-88a2-4c98-938e-ca9259871fec/vcpkg_cache
2026-10-08T11:57:41.0455510Z   VCPKG_BINARY_SOURCES: clear;x-gha,readwrite
2026-10-08T11:57:41.0455770Z   RUNVCPKG_VCPKG_ROOT: D:\a\CaptureSuite\CaptureSuite\vcpkg
2026-10-08T11:57:41.0456007Z ##[endgroup]
2026-10-08T11:57:42.0166990Z Internal ctest changing into directory: D:/a/CaptureSuite/CaptureSuite/build/windows-release
2026-10-08T11:57:42.4491216Z Test project D:/a/CaptureSuite/CaptureSuite/build/windows-release
2026-10-08T11:57:42.4868134Z       Start  1: recovery repairs truncated mcap tail
2026-10-08T11:57:43.6118249Z  1/29 Test  #1: recovery repairs truncated mcap tail ........................................   Passed    1.12 sec
2026-10-08T11:57:43.6120900Z       Start  2: worker host spawns stub with Hello and Identify
2026-10-08T11:57:43.6636818Z  2/29 Test  #2: worker host spawns stub with Hello and Identify .............................   Passed    0.05 sec
2026-10-08T11:57:43.6638150Z       Start  3: sim imu/emg mcap messages decode as schema protos
2026-10-08T11:57:44.7173216Z  3/29 Test  #3: sim imu/emg mcap messages decode as schema protos ...........................   Passed    1.05 sec
2026-10-08T11:57:44.7174571Z       Start  4: multi-family sim records together with fault isolation
2026-10-08T11:57:45.6863185Z  4/29 Test  #4: multi-family sim records together with fault isolation ......................   Passed    0.97 sec
2026-10-08T11:57:45.6864606Z       Start  5: Windows atomic write preserves an ordinary file at the old temp name
2026-10-08T11:57:45.7209877Z  5/29 Test  #5: Windows atomic write preserves an ordinary file at the old temp name ........   Passed    0.03 sec
2026-10-08T11:57:45.7211075Z       Start  6: bad magic rejects frame
2026-10-08T11:57:45.7336512Z  6/29 Test  #6: bad magic rejects frame .....................................................   Passed    0.01 sec
2026-10-08T11:57:45.7337770Z       Start  7: arm timeout none returns to preparing
2026-10-08T11:57:45.7459532Z  7/29 Test  #7: arm timeout none returns to preparing .......................................   Passed    0.01 sec
2026-10-08T11:57:45.7460798Z       Start  8: Windows atomic write preserves a raw-file hardlink at the old temp name
2026-10-08T11:57:45.7729809Z  8/29 Test  #8: Windows atomic write preserves a raw-file hardlink at the old temp name .....   Passed    0.03 sec
2026-10-08T11:57:45.7730733Z       Start  9: illegal session transitions rejected
2026-10-08T11:57:45.7851398Z  9/29 Test  #9: illegal session transitions rejected ........................................   Passed    0.01 sec
2026-10-08T11:57:45.7852806Z       Start 10: Windows atomic write preserves a raw-file symlink at the old temp name
2026-10-08T11:57:45.8198892Z 10/29 Test #10: Windows atomic write preserves a raw-file symlink at the old temp name ......   Passed    0.03 sec
2026-10-08T11:57:45.8200480Z       Start 11: preview descriptors cover contract kinds
2026-10-08T11:57:45.8356400Z 11/29 Test #11: preview descriptors cover contract kinds ....................................   Passed    0.02 sec
2026-10-08T11:57:45.8357722Z       Start 12: disk watchdog reports free bytes and honours override
2026-10-08T11:57:45.8480936Z 12/29 Test #12: disk watchdog reports free bytes and honours override .......................   Passed    0.01 sec
2026-10-08T11:57:45.8482293Z       Start 13: qpc_delta_to_ns round-trip sanity
2026-10-08T11:57:45.8600739Z 13/29 Test #13: qpc_delta_to_ns round-trip sanity ...........................................   Passed    0.01 sec
2026-10-08T11:57:45.8602005Z       Start 14: source path to ready and record
2026-10-08T11:57:45.8722913Z 14/29 Test #14: source path to ready and record .............................................   Passed    0.01 sec
2026-10-08T11:57:45.8724432Z       Start 15: SessionClock QPC frequency is positive
2026-10-08T11:57:45.8848727Z 15/29 Test #15: SessionClock QPC frequency is positive ......................................   Passed    0.01 sec
2026-10-08T11:57:45.8850311Z       Start 16: atomic_write_text replaces existing file and leaves no temp
2026-10-08T11:57:45.9207559Z 16/29 Test #16: atomic_write_text replaces existing file and leaves no temp .................   Passed    0.04 sec
2026-10-08T11:57:45.9209041Z       Start 17: SessionClock establish_t0 and session time advances
2026-10-08T11:57:45.9429925Z 17/29 Test #17: SessionClock establish_t0 and session time advances .........................   Passed    0.02 sec
2026-10-08T11:57:45.9431567Z       Start 18: environment helper preserves values and absence
2026-10-08T11:57:45.9558844Z 18/29 Test #18: environment helper preserves values and absence .............................   Passed    0.01 sec
2026-10-08T11:57:45.9560153Z       Start 19: job object kills worker on close
2026-10-08T11:57:46.0068312Z 19/29 Test #19: job object kills worker on close ............................................   Passed    0.05 sec
2026-10-08T11:57:46.0069937Z       Start 20: encode/decode CSP1 frame round-trip
2026-10-08T11:57:46.0196461Z 20/29 Test #20: encode/decode CSP1 frame round-trip .........................................   Passed    0.01 sec
2026-10-08T11:57:46.0197831Z       Start 21: preflight and rehearsal against selected sim sources
2026-10-08T11:57:46.2815519Z 21/29 Test #21: preflight and rehearsal against selected sim sources ........................   Passed    0.26 sec
2026-10-08T11:57:46.2816871Z       Start 22: session package persists multi-stream recording
2026-10-08T11:57:47.1786786Z 22/29 Test #22: session package persists multi-stream recording .............................   Passed    0.90 sec
2026-10-08T11:57:47.1788330Z       Start 23: Windows atomic publication failure preserves a prior-target temp hardlink
2026-10-08T11:57:47.2014426Z 23/29 Test #23: Windows atomic publication failure preserves a prior-target temp hardlink ...   Passed    0.02 sec
2026-10-08T11:57:47.2017995Z       Start 24: session happy path to finalized
2026-10-08T11:57:47.2167408Z 24/29 Test #24: session happy path to finalized .............................................   Passed    0.01 sec
2026-10-08T11:57:47.2168918Z       Start 25: sim-only environment never exposes a physical camera source
2026-10-08T11:57:47.2299076Z 25/29 Test #25: sim-only environment never exposes a physical camera source .................   Passed    0.01 sec
2026-10-08T11:57:47.2301111Z       Start 26: disconnect during recording stays recording with error
2026-10-08T11:57:47.2405881Z 26/29 Test #26: disconnect during recording stays recording with error ......................   Passed    0.01 sec
2026-10-08T11:57:47.2407332Z       Start 27: structured log emits required JSON fields
2026-10-08T11:57:47.2531712Z 27/29 Test #27: structured log emits required JSON fields ...................................   Passed    0.01 sec
2026-10-08T11:57:47.2532928Z       Start 28: FrameDecoder reassembles split reads
2026-10-08T11:57:47.2639197Z 28/29 Test #28: FrameDecoder reassembles split reads ........................................   Passed    0.01 sec
2026-10-08T11:57:47.2640514Z       Start 29: capture_session_doctor_portable
2026-10-08T11:57:47.3219168Z 29/29 Test #29: capture_session_doctor_portable .............................................   Passed    0.06 sec
2026-10-08T11:57:47.3224391Z 
2026-10-08T11:57:47.3224676Z 100% tests passed, 0 tests failed out of 29
2026-10-08T11:57:47.3224941Z 
2026-10-08T11:57:47.3226861Z Total Test time (real) =   4.87 sec
2026-10-08T11:57:47.4335651Z ##[group]Run actions/setup-python@v5
2026-10-08T11:57:47.4336015Z with:
2026-10-08T11:57:47.4336249Z   python-version: 3.12
2026-10-08T11:57:47.4336483Z   check-latest: false
2026-10-08T11:57:47.4338386Z   token: ***
2026-10-08T11:57:47.4338602Z   update-environment: true
2026-10-08T11:57:47.4338835Z   allow-prereleases: false
2026-10-08T11:57:47.4339052Z   freethreaded: false
2026-10-08T11:57:47.4339273Z env:
2026-10-08T11:57:47.4339480Z   CommandPromptType: Native
2026-10-08T11:57:47.4339817Z   DevEnvDir: C:\Program Files\Microsoft Visual Studio\2022\Enterprise\Common7\IDE\
2026-10-08T11:57:47.4340269Z   ExtensionSdkDir: C:\Program Files (x86)\Microsoft SDKs\Windows Kits\10\ExtensionSDKs
2026-10-08T11:57:47.4342114Z   EXTERNAL_INCLUDE: C:\Program Files\Microsoft Visual Studio\2022\Enterprise\VC\Tools\MSVC\14.44.35207\include;C:\Program Files\Microsoft Visual Studio\2022\Enterprise\VC\Tools\MSVC\14.44.35207\ATLMFC\include;C:\Program Files\Microsoft Visual Studio\2022\Enterprise\VC\Auxiliary\VS\include;C:\Program Files (x86)\Windows Kits\10\include\10.0.26100.0\ucrt;C:\Program Files (x86)\Windows Kits\10\\include\10.0.26100.0\\um;C:\Program Files (x86)\Windows Kits\10\\include\10.0.26100.0\\shared;C:\Program Files (x86)\Windows Kits\10\\include\10.0.26100.0\\winrt;C:\Program Files (x86)\Windows Kits\10\\include\10.0.26100.0\\cppwinrt;C:\Program Files (x86)\Windows Kits\NETFXSDK\4.8\include\um
2026-10-08T11:57:47.4343789Z   Framework40Version: v4.0
2026-10-08T11:57:47.4344227Z   FrameworkDir: C:\Windows\Microsoft.NET\Framework64\
2026-10-08T11:57:47.4344544Z   FrameworkDir64: C:\Windows\Microsoft.NET\Framework64\
2026-10-08T11:57:47.4344824Z   FrameworkVersion: v4.0.30319
2026-10-08T11:57:47.4345051Z   FrameworkVersion64: v4.0.30319
2026-10-08T11:57:47.4345499Z   FSHARPINSTALLDIR: C:\Program Files\Microsoft Visual Studio\2022\Enterprise\Common7\IDE\CommonExtensions\Microsoft\FSharp\Tools
2026-10-08T11:57:47.4346013Z   HTMLHelpDir: C:\Program Files (x86)\HTML Help Workshop
2026-10-08T11:57:47.4346441Z   IFCPATH: C:\Program Files\Microsoft Visual Studio\2022\Enterprise\VC\Tools\MSVC\14.44.35207\ifc\x64
2026-10-08T11:57:47.4348282Z   INCLUDE: C:\Program Files\Microsoft Visual Studio\2022\Enterprise\VC\Tools\MSVC\14.44.35207\include;C:\Program Files\Microsoft Visual Studio\2022\Enterprise\VC\Tools\MSVC\14.44.35207\ATLMFC\include;C:\Program Files\Microsoft Visual Studio\2022\Enterprise\VC\Auxiliary\VS\include;C:\Program Files (x86)\Windows Kits\10\include\10.0.26100.0\ucrt;C:\Program Files (x86)\Windows Kits\10\\include\10.0.26100.0\\um;C:\Program Files (x86)\Windows Kits\10\\include\10.0.26100.0\\shared;C:\Program Files (x86)\Windows Kits\10\\include\10.0.26100.0\\winrt;C:\Program Files (x86)\Windows Kits\10\\include\10.0.26100.0\\cppwinrt;C:\Program Files (x86)\Windows Kits\NETFXSDK\4.8\include\um
2026-10-08T11:57:47.4349921Z   is_x64_arch: true
2026-10-08T11:57:47.4350883Z   LIB: C:\Program Files\Microsoft Visual Studio\2022\Enterprise\VC\Tools\MSVC\14.44.35207\ATLMFC\lib\x64;C:\Program Files\Microsoft Visual Studio\2022\Enterprise\VC\Tools\MSVC\14.44.35207\lib\x64;C:\Program Files (x86)\Windows Kits\NETFXSDK\4.8\lib\um\x64;C:\Program Files (x86)\Windows Kits\10\lib\10.0.26100.0\ucrt\x64;C:\Program Files (x86)\Windows Kits\10\\lib\10.0.26100.0\\um\x64
2026-10-08T11:57:47.4352899Z   LIBPATH: C:\Program Files\Microsoft Visual Studio\2022\Enterprise\VC\Tools\MSVC\14.44.35207\ATLMFC\lib\x64;C:\Program Files\Microsoft Visual Studio\2022\Enterprise\VC\Tools\MSVC\14.44.35207\lib\x64;C:\Program Files\Microsoft Visual Studio\2022\Enterprise\VC\Tools\MSVC\14.44.35207\lib\x86\store\references;C:\Program Files (x86)\Windows Kits\10\UnionMetadata\10.0.26100.0;C:\Program Files (x86)\Windows Kits\10\References\10.0.26100.0;C:\Windows\Microsoft.NET\Framework64\v4.0.30319
2026-10-08T11:57:47.4354203Z   NETFXSDKDir: C:\Program Files (x86)\Windows Kits\NETFXSDK\4.8\
2026-10-08T11:57:47.4366963Z   Path: C:\Program Files\Microsoft Visual Studio\2022\Enterprise\VC\Tools\MSVC\14.44.35207\bin\HostX64\x64;C:\Program Files\Microsoft Visual Studio\2022\Enterprise\Common7\IDE\VC\VCPackages;C:\Program Files\Microsoft Visual Studio\2022\Enterprise\Common7\IDE\CommonExtensions\Microsoft\TestWindow;C:\Program Files\Microsoft Visual Studio\2022\Enterprise\Common7\IDE\CommonExtensions\Microsoft\TeamFoundation\Team Explorer;C:\Program Files\Microsoft Visual Studio\2022\Enterprise\MSBuild\Current\bin\Roslyn;C:\Program Files (x86)\Microsoft SDKs\Windows\v10.0A\bin\NETFX 4.8 Tools\x64\;C:\Program Files (x86)\HTML Help Workshop;C:\Program Files\Microsoft Visual Studio\2022\Enterprise\Common7\IDE\CommonExtensions\Microsoft\FSharp\Tools;C:\Program Files\Microsoft Visual Studio\2022\Enterprise\Team Tools\DiagnosticsHub\Collector;C:\Program Files\Microsoft Visual Studio\2022\Enterprise\Common7\IDE\Extensions\Microsoft\CodeCoverage.Console;C:\Program Files\Microsoft Visual Studio\2022\Enterprise\VC\Tools\Llvm\x64\bin;C:\Program Files (x86)\Windows Kits\10\bin\10.0.26100.0\\x64;C:\Program Files (x86)\Windows Kits\10\bin\\x64;C:\Program Files\Microsoft Visual Studio\2022\Enterprise\\MSBuild\Current\Bin\amd64;C:\Windows\Microsoft.NET\Framework64\v4.0.30319;C:\Program Files\Microsoft Visual Studio\2022\Enterprise\Common7\IDE\;C:\Program Files\Microsoft Visual Studio\2022\Enterprise\Common7\Tools\;C:\Program Files\MongoDB\Server\7.0\bin;C:\aliyun-cli;C:\vcpkg;C:\Program Files (x86)\NSIS\;C:\tools\zstd;C:\Program Files\Mercurial\;C:\hostedtoolcache\windows\stack\3.11.1\x64;C:\cabal\bin;C:\\ghcup\bin;C:\mingw64\bin;C:\Program Files\dotnet;C:\Program Files\MySQL\MySQL Server 8.0\bin;C:\Program Files\R\R-4.6.1\bin\x64;C:\SeleniumWebDrivers\GeckoDriver;C:\SeleniumWebDrivers\EdgeDriver\;C:\SeleniumWebDrivers\ChromeDriver;C:\Program Files (x86)\sbt\bin;C:\Program Files (x86)\GitHub CLI;C:\Program Files\Git\bin;C:\Program Files (x86)\pipx_bin;C:\npm\prefix;C:\hostedtoolcache\windows\go\1.24.13\x64\bin;C:\hostedtoolcache\windows\Python\3.12.10\x64\Scripts;C:\hostedtoolcache\windows\Python\3.12.10\x64;C:\hostedtoolcache\windows\Ruby\3.3.12\x64\bin;C:\Program Files\OpenSSL\bin;C:\tools\kotlinc\bin;C:\hostedtoolcache\windows\Java_Temurin-Hotspot_jdk\8.0.504-1\x64\bin;C:\Program Files\ImageMagick-7.1.2-Q16-HDRI;C:\Program Files\Microsoft SDKs\Azure\CLI2\wbin;C:\ProgramData\kind;C:\ProgramData\Chocolatey\bin;C:\Windows\system32;C:\Windows;C:\Windows\System32\Wbem;C:\Windows\System32\WindowsPowerShell\v1.0\;C:\Windows\System32\OpenSSH\;C:\Program Files\dotnet\;C:\Program Files\PowerShell\7\;C:\Program Files\Microsoft\Web Platform Installer\;C:\Program Files\TortoiseSVN\bin;C:\Program Files\Microsoft SQL Server\Client SDK\ODBC\170\Tools\Binn\;C:\Program Files\Microsoft SQL Server\150\Tools\Binn\;C:\Program Files (x86)\Windows Kits\10\Windows Performance Toolkit\;C:\Program Files (x86)\WiX Toolset v3.14\bin;C:\Program Files\Microsoft SQL Server\130\DTS\Binn\;C:\Program Files\Microsoft SQL Server\140\DTS\Binn\;C:\Program Files\Microsoft SQL Server\150\DTS\Binn\;C:\Program Files\Microsoft SQL Server\160\DTS\Binn\;C:\Program Files\Microsoft SQL Server\170\DTS\Binn\;C:\Strawberry\c\bin;C:\Strawberry\perl\site\bin;C:\Strawberry\perl\bin;C:\ProgramData\chocolatey\lib\pulumi\tools\Pulumi\bin;C:\Program Files\CMake\bin;C:\ProgramData\chocolatey\lib\maven\apache-maven-3.9.16\bin;C:\Program Files\Microsoft Service Fabric\bin\Fabric\Fabric.Code;C:\Program Files\Microsoft SDKs\Service Fabric\Tools\ServiceFabricLocalClusterManager;C:\Program Files\nodejs\;C:\Program Files\Git\cmd;C:\Program Files\Git\ucrt64\bin;C:\Program Files\Git\usr\bin;C:\Program Files\GitHub CLI\;c:\tools\php;C:\Program Files\Amazon\AWSCLIV2\;C:\Program Files\Amazon\SessionManagerPlugin\bin\;C:\Program Files\Amazon\AWSSAMCLI\bin\;C:\Program Files\Microsoft SQL Server\130\Tools\Binn\;C:\Program Files\mongosh\;C:\Program Files\LLVM\bin;C:\Program Files (x86)\LLVM\bin;C:\Users\runneradmin\.dotnet\tools;C:\Users\runneradmin\.cargo\bin;C:\Users\runneradmin\AppData\Local\Microsoft\WindowsApps;C:\Program Files (x86)\Microsoft Visual Studio\Installer;C:\Program Files\Microsoft Visual Studio\2022\Enterprise\Common7\IDE\CommonExtensions\Microsoft\CMake\CMake\bin;C:\Program Files\Microsoft Visual Studio\2022\Enterprise\Common7\IDE\CommonExtensions\Microsoft\CMake\Ninja;C:\Program Files\Microsoft Visual Studio\2022\Enterprise\Common7\IDE\VC\Linux\bin\ConnectionManagerExe;C:\Program Files\Microsoft Visual Studio\2022\Enterprise\VC\vcpkg
2026-10-08T11:57:47.4378386Z   Platform: x64
2026-10-08T11:57:47.4378592Z   UCRTVersion: 10.0.26100.0
2026-10-08T11:57:47.4378870Z   UniversalCRTSdkDir: C:\Program Files (x86)\Windows Kits\10\
2026-10-08T11:57:47.4379302Z   VCIDEInstallDir: C:\Program Files\Microsoft Visual Studio\2022\Enterprise\Common7\IDE\VC\
2026-10-08T11:57:47.4379764Z   VCINSTALLDIR: C:\Program Files\Microsoft Visual Studio\2022\Enterprise\VC\
2026-10-08T11:57:47.4380123Z   VCPKG_ROOT: D:\a\CaptureSuite\CaptureSuite\vcpkg
2026-10-08T11:57:47.4380548Z   VCToolsInstallDir: C:\Program Files\Microsoft Visual Studio\2022\Enterprise\VC\Tools\MSVC\14.44.35207\
2026-10-08T11:57:47.4381091Z   VCToolsRedistDir: C:\Program Files\Microsoft Visual Studio\2022\Enterprise\VC\Redist\MSVC\14.44.35112\
2026-10-08T11:57:47.4381522Z   VCToolsVersion: 14.44.35207
2026-10-08T11:57:47.4381757Z   VisualStudioVersion: 17.0
2026-10-08T11:57:47.4382094Z   VS170COMNTOOLS: C:\Program Files\Microsoft Visual Studio\2022\Enterprise\Common7\Tools\
2026-10-08T11:57:47.4382462Z   VSCMD_ARG_app_plat: Desktop
2026-10-08T11:57:47.4382687Z   VSCMD_ARG_HOST_ARCH: x64
2026-10-08T11:57:47.4382961Z   VSCMD_ARG_TGT_ARCH: x64
2026-10-08T11:57:47.4383170Z   VSCMD_VER: 17.14.41
2026-10-08T11:57:47.4383449Z   VSINSTALLDIR: C:\Program Files\Microsoft Visual Studio\2022\Enterprise\
2026-10-08T11:57:47.4383886Z   VSSDK150INSTALL: C:\Program Files\Microsoft Visual Studio\2022\Enterprise\VSSDK
2026-10-08T11:57:47.4384285Z   VSSDKINSTALL: C:\Program Files\Microsoft Visual Studio\2022\Enterprise\VSSDK
2026-10-08T11:57:47.4384809Z   WindowsLibPath: C:\Program Files (x86)\Windows Kits\10\UnionMetadata\10.0.26100.0;C:\Program Files (x86)\Windows Kits\10\References\10.0.26100.0
2026-10-08T11:57:47.4385312Z   WindowsSdkBinPath: C:\Program Files (x86)\Windows Kits\10\bin\
2026-10-08T11:57:47.4385606Z   WindowsSdkDir: C:\Program Files (x86)\Windows Kits\10\
2026-10-08T11:57:47.4385848Z   WindowsSDKLibVersion: 10.0.26100.0\
2026-10-08T11:57:47.4386134Z   WindowsSdkVerBinPath: C:\Program Files (x86)\Windows Kits\10\bin\10.0.26100.0\
2026-10-08T11:57:47.4386437Z   WindowsSDKVersion: 10.0.26100.0\
2026-10-08T11:57:47.4386788Z   WindowsSDK_ExecutablePath_x64: C:\Program Files (x86)\Microsoft SDKs\Windows\v10.0A\bin\NETFX 4.8 Tools\x64\
2026-10-08T11:57:47.4387286Z   WindowsSDK_ExecutablePath_x86: C:\Program Files (x86)\Microsoft SDKs\Windows\v10.0A\bin\NETFX 4.8 Tools\
2026-10-08T11:57:47.4387623Z   __DOTNET_ADD_64BIT: 1
2026-10-08T11:57:47.4387790Z   __DOTNET_PREFERRED_BITNESS: 64
2026-10-08T11:57:47.4394507Z   __VSCMD_PREINIT_PATH: C:\Program Files\MongoDB\Server\7.0\bin;C:\aliyun-cli;C:\vcpkg;C:\Program Files (x86)\NSIS\;C:\tools\zstd;C:\Program Files\Mercurial\;C:\hostedtoolcache\windows\stack\3.11.1\x64;C:\cabal\bin;C:\\ghcup\bin;C:\mingw64\bin;C:\Program Files\dotnet;C:\Program Files\MySQL\MySQL Server 8.0\bin;C:\Program Files\R\R-4.6.1\bin\x64;C:\SeleniumWebDrivers\GeckoDriver;C:\SeleniumWebDrivers\EdgeDriver\;C:\SeleniumWebDrivers\ChromeDriver;C:\Program Files (x86)\sbt\bin;C:\Program Files (x86)\GitHub CLI;C:\Program Files\Git\bin;C:\Program Files (x86)\pipx_bin;C:\npm\prefix;C:\hostedtoolcache\windows\go\1.24.13\x64\bin;C:\hostedtoolcache\windows\Python\3.12.10\x64\Scripts;C:\hostedtoolcache\windows\Python\3.12.10\x64;C:\hostedtoolcache\windows\Ruby\3.3.12\x64\bin;C:\Program Files\OpenSSL\bin;C:\tools\kotlinc\bin;C:\hostedtoolcache\windows\Java_Temurin-Hotspot_jdk\8.0.504-1\x64\bin;C:\Program Files\ImageMagick-7.1.2-Q16-HDRI;C:\Program Files\Microsoft SDKs\Azure\CLI2\wbin;C:\ProgramData\kind;C:\ProgramData\Chocolatey\bin;C:\Windows\system32;C:\Windows;C:\Windows\System32\Wbem;C:\Windows\System32\WindowsPowerShell\v1.0\;C:\Windows\System32\OpenSSH\;C:\Program Files\dotnet\;C:\Program Files\PowerShell\7\;C:\Program Files\Microsoft\Web Platform Installer\;C:\Program Files\TortoiseSVN\bin;C:\Program Files\Microsoft SQL Server\Client SDK\ODBC\170\Tools\Binn\;C:\Program Files\Microsoft SQL Server\150\Tools\Binn\;C:\Program Files (x86)\Windows Kits\10\Windows Performance Toolkit\;C:\Program Files (x86)\WiX Toolset v3.14\bin;C:\Program Files\Microsoft SQL Server\130\DTS\Binn\;C:\Program Files\Microsoft SQL Server\140\DTS\Binn\;C:\Program Files\Microsoft SQL Server\150\DTS\Binn\;C:\Program Files\Microsoft SQL Server\160\DTS\Binn\;C:\Program Files\Microsoft SQL Server\170\DTS\Binn\;C:\Strawberry\c\bin;C:\Strawberry\perl\site\bin;C:\Strawberry\perl\bin;C:\ProgramData\chocolatey\lib\pulumi\tools\Pulumi\bin;C:\Program Files\CMake\bin;C:\ProgramData\chocolatey\lib\maven\apache-maven-3.9.16\bin;C:\Program Files\Microsoft Service Fabric\bin\Fabric\Fabric.Code;C:\Program Files\Microsoft SDKs\Service Fabric\Tools\ServiceFabricLocalClusterManager;C:\Program Files\nodejs\;C:\Program Files\Git\cmd;C:\Program Files\Git\ucrt64\bin;C:\Program Files\Git\usr\bin;C:\Program Files\GitHub CLI\;c:\tools\php;C:\Program Files (x86)\sbt\bin;C:\Program Files\Amazon\AWSCLIV2\;C:\Program Files\Amazon\SessionManagerPlugin\bin\;C:\Program Files\Amazon\AWSSAMCLI\bin\;C:\Program Files\Microsoft SQL Server\130\Tools\Binn\;C:\Program Files\mongosh\;C:\Program Files\LLVM\bin;C:\Program Files (x86)\LLVM\bin;C:\Users\runneradmin\.dotnet\tools;C:\Users\runneradmin\.cargo\bin;C:\Users\runneradmin\AppData\Local\Microsoft\WindowsApps;C:\Program Files (x86)\Microsoft Visual Studio\Installer
2026-10-08T11:57:47.4401462Z   VCPKG_DEFAULT_BINARY_CACHE: D:/a/CaptureSuite/CaptureSuite/969f6665-88a2-4c98-938e-ca9259871fec/vcpkg_cache
2026-10-08T11:57:47.4401852Z   VCPKG_BINARY_SOURCES: clear;x-gha,readwrite
2026-10-08T11:57:47.4402128Z   RUNVCPKG_VCPKG_ROOT: D:\a\CaptureSuite\CaptureSuite\vcpkg
2026-10-08T11:57:47.4402379Z ##[endgroup]
2026-10-08T11:57:47.5643376Z ##[group]Installed versions
2026-10-08T11:57:47.5770372Z (node:6528) [DEP0040] DeprecationWarning: The `punycode` module is deprecated. Please use a userland alternative instead.
2026-10-08T11:57:47.5771022Z (Use `node --trace-deprecation ...` to show where the warning was created)
2026-10-08T11:57:47.5771561Z Successfully set up CPython (3.12.10)
2026-10-08T11:57:47.5772083Z ##[endgroup]
2026-10-08T11:57:47.5979377Z ##[group]Run python -m pip install -r requirements-native-ci.txt
2026-10-08T11:57:47.5979860Z [36;1mpython -m pip install -r requirements-native-ci.txt[0m
2026-10-08T11:57:47.6024262Z shell: C:\Program Files\PowerShell\7\pwsh.EXE -command ". '{0}'"
2026-10-08T11:57:47.6024537Z env:
2026-10-08T11:57:47.6024698Z   CommandPromptType: Native
2026-10-08T11:57:47.6024990Z   DevEnvDir: C:\Program Files\Microsoft Visual Studio\2022\Enterprise\Common7\IDE\
2026-10-08T11:57:47.6025395Z   ExtensionSdkDir: C:\Program Files (x86)\Microsoft SDKs\Windows Kits\10\ExtensionSDKs
2026-10-08T11:57:47.6027171Z   EXTERNAL_INCLUDE: C:\Program Files\Microsoft Visual Studio\2022\Enterprise\VC\Tools\MSVC\14.44.35207\include;C:\Program Files\Microsoft Visual Studio\2022\Enterprise\VC\Tools\MSVC\14.44.35207\ATLMFC\include;C:\Program Files\Microsoft Visual Studio\2022\Enterprise\VC\Auxiliary\VS\include;C:\Program Files (x86)\Windows Kits\10\include\10.0.26100.0\ucrt;C:\Program Files (x86)\Windows Kits\10\\include\10.0.26100.0\\um;C:\Program Files (x86)\Windows Kits\10\\include\10.0.26100.0\\shared;C:\Program Files (x86)\Windows Kits\10\\include\10.0.26100.0\\winrt;C:\Program Files (x86)\Windows Kits\10\\include\10.0.26100.0\\cppwinrt;C:\Program Files (x86)\Windows Kits\NETFXSDK\4.8\include\um
2026-10-08T11:57:47.6028844Z   Framework40Version: v4.0
2026-10-08T11:57:47.6029061Z   FrameworkDir: C:\Windows\Microsoft.NET\Framework64\
2026-10-08T11:57:47.6029328Z   FrameworkDir64: C:\Windows\Microsoft.NET\Framework64\
2026-10-08T11:57:47.6029560Z   FrameworkVersion: v4.0.30319
2026-10-08T11:57:47.6029743Z   FrameworkVersion64: v4.0.30319
2026-10-08T11:57:47.6030144Z   FSHARPINSTALLDIR: C:\Program Files\Microsoft Visual Studio\2022\Enterprise\Common7\IDE\CommonExtensions\Microsoft\FSharp\Tools
2026-10-08T11:57:47.6030606Z   HTMLHelpDir: C:\Program Files (x86)\HTML Help Workshop
2026-10-08T11:57:47.6030995Z   IFCPATH: C:\Program Files\Microsoft Visual Studio\2022\Enterprise\VC\Tools\MSVC\14.44.35207\ifc\x64
2026-10-08T11:57:47.6032741Z   INCLUDE: C:\Program Files\Microsoft Visual Studio\2022\Enterprise\VC\Tools\MSVC\14.44.35207\include;C:\Program Files\Microsoft Visual Studio\2022\Enterprise\VC\Tools\MSVC\14.44.35207\ATLMFC\include;C:\Program Files\Microsoft Visual Studio\2022\Enterprise\VC\Auxiliary\VS\include;C:\Program Files (x86)\Windows Kits\10\include\10.0.26100.0\ucrt;C:\Program Files (x86)\Windows Kits\10\\include\10.0.26100.0\\um;C:\Program Files (x86)\Windows Kits\10\\include\10.0.26100.0\\shared;C:\Program Files (x86)\Windows Kits\10\\include\10.0.26100.0\\winrt;C:\Program Files (x86)\Windows Kits\10\\include\10.0.26100.0\\cppwinrt;C:\Program Files (x86)\Windows Kits\NETFXSDK\4.8\include\um
2026-10-08T11:57:47.6034318Z   is_x64_arch: true
2026-10-08T11:57:47.6035228Z   LIB: C:\Program Files\Microsoft Visual Studio\2022\Enterprise\VC\Tools\MSVC\14.44.35207\ATLMFC\lib\x64;C:\Program Files\Microsoft Visual Studio\2022\Enterprise\VC\Tools\MSVC\14.44.35207\lib\x64;C:\Program Files (x86)\Windows Kits\NETFXSDK\4.8\lib\um\x64;C:\Program Files (x86)\Windows Kits\10\lib\10.0.26100.0\ucrt\x64;C:\Program Files (x86)\Windows Kits\10\\lib\10.0.26100.0\\um\x64
2026-10-08T11:57:47.6037274Z   LIBPATH: C:\Program Files\Microsoft Visual Studio\2022\Enterprise\VC\Tools\MSVC\14.44.35207\ATLMFC\lib\x64;C:\Program Files\Microsoft Visual Studio\2022\Enterprise\VC\Tools\MSVC\14.44.35207\lib\x64;C:\Program Files\Microsoft Visual Studio\2022\Enterprise\VC\Tools\MSVC\14.44.35207\lib\x86\store\references;C:\Program Files (x86)\Windows Kits\10\UnionMetadata\10.0.26100.0;C:\Program Files (x86)\Windows Kits\10\References\10.0.26100.0;C:\Windows\Microsoft.NET\Framework64\v4.0.30319
2026-10-08T11:57:47.6038713Z   NETFXSDKDir: C:\Program Files (x86)\Windows Kits\NETFXSDK\4.8\
2026-10-08T11:57:47.6051559Z   Path: C:\Program Files\Microsoft Visual Studio\2022\Enterprise\VC\Tools\MSVC\14.44.35207\bin\HostX64\x64;C:\Program Files\Microsoft Visual Studio\2022\Enterprise\Common7\IDE\VC\VCPackages;C:\Program Files\Microsoft Visual Studio\2022\Enterprise\Common7\IDE\CommonExtensions\Microsoft\TestWindow;C:\Program Files\Microsoft Visual Studio\2022\Enterprise\Common7\IDE\CommonExtensions\Microsoft\TeamFoundation\Team Explorer;C:\Program Files\Microsoft Visual Studio\2022\Enterprise\MSBuild\Current\bin\Roslyn;C:\Program Files (x86)\Microsoft SDKs\Windows\v10.0A\bin\NETFX 4.8 Tools\x64\;C:\Program Files (x86)\HTML Help Workshop;C:\Program Files\Microsoft Visual Studio\2022\Enterprise\Common7\IDE\CommonExtensions\Microsoft\FSharp\Tools;C:\Program Files\Microsoft Visual Studio\2022\Enterprise\Team Tools\DiagnosticsHub\Collector;C:\Program Files\Microsoft Visual Studio\2022\Enterprise\Common7\IDE\Extensions\Microsoft\CodeCoverage.Console;C:\Program Files\Microsoft Visual Studio\2022\Enterprise\VC\Tools\Llvm\x64\bin;C:\Program Files (x86)\Windows Kits\10\bin\10.0.26100.0\\x64;C:\Program Files (x86)\Windows Kits\10\bin\\x64;C:\Program Files\Microsoft Visual Studio\2022\Enterprise\\MSBuild\Current\Bin\amd64;C:\Windows\Microsoft.NET\Framework64\v4.0.30319;C:\Program Files\Microsoft Visual Studio\2022\Enterprise\Common7\IDE\;C:\Program Files\Microsoft Visual Studio\2022\Enterprise\Common7\Tools\;C:\Program Files\MongoDB\Server\7.0\bin;C:\aliyun-cli;C:\vcpkg;C:\Program Files (x86)\NSIS\;C:\tools\zstd;C:\Program Files\Mercurial\;C:\hostedtoolcache\windows\stack\3.11.1\x64;C:\cabal\bin;C:\\ghcup\bin;C:\mingw64\bin;C:\Program Files\dotnet;C:\Program Files\MySQL\MySQL Server 8.0\bin;C:\Program Files\R\R-4.6.1\bin\x64;C:\SeleniumWebDrivers\GeckoDriver;C:\SeleniumWebDrivers\EdgeDriver\;C:\SeleniumWebDrivers\ChromeDriver;C:\Program Files (x86)\sbt\bin;C:\Program Files (x86)\GitHub CLI;C:\Program Files\Git\bin;C:\Program Files (x86)\pipx_bin;C:\npm\prefix;C:\hostedtoolcache\windows\go\1.24.13\x64\bin;C:\hostedtoolcache\windows\Python\3.12.10\x64\Scripts;C:\hostedtoolcache\windows\Python\3.12.10\x64;C:\hostedtoolcache\windows\Ruby\3.3.12\x64\bin;C:\Program Files\OpenSSL\bin;C:\tools\kotlinc\bin;C:\hostedtoolcache\windows\Java_Temurin-Hotspot_jdk\8.0.504-1\x64\bin;C:\Program Files\ImageMagick-7.1.2-Q16-HDRI;C:\Program Files\Microsoft SDKs\Azure\CLI2\wbin;C:\ProgramData\kind;C:\ProgramData\Chocolatey\bin;C:\Windows\system32;C:\Windows;C:\Windows\System32\Wbem;C:\Windows\System32\WindowsPowerShell\v1.0\;C:\Windows\System32\OpenSSH\;C:\Program Files\dotnet\;C:\Program Files\PowerShell\7\;C:\Program Files\Microsoft\Web Platform Installer\;C:\Program Files\TortoiseSVN\bin;C:\Program Files\Microsoft SQL Server\Client SDK\ODBC\170\Tools\Binn\;C:\Program Files\Microsoft SQL Server\150\Tools\Binn\;C:\Program Files (x86)\Windows Kits\10\Windows Performance Toolkit\;C:\Program Files (x86)\WiX Toolset v3.14\bin;C:\Program Files\Microsoft SQL Server\130\DTS\Binn\;C:\Program Files\Microsoft SQL Server\140\DTS\Binn\;C:\Program Files\Microsoft SQL Server\150\DTS\Binn\;C:\Program Files\Microsoft SQL Server\160\DTS\Binn\;C:\Program Files\Microsoft SQL Server\170\DTS\Binn\;C:\Strawberry\c\bin;C:\Strawberry\perl\site\bin;C:\Strawberry\perl\bin;C:\ProgramData\chocolatey\lib\pulumi\tools\Pulumi\bin;C:\Program Files\CMake\bin;C:\ProgramData\chocolatey\lib\maven\apache-maven-3.9.16\bin;C:\Program Files\Microsoft Service Fabric\bin\Fabric\Fabric.Code;C:\Program Files\Microsoft SDKs\Service Fabric\Tools\ServiceFabricLocalClusterManager;C:\Program Files\nodejs\;C:\Program Files\Git\cmd;C:\Program Files\Git\ucrt64\bin;C:\Program Files\Git\usr\bin;C:\Program Files\GitHub CLI\;c:\tools\php;C:\Program Files\Amazon\AWSCLIV2\;C:\Program Files\Amazon\SessionManagerPlugin\bin\;C:\Program Files\Amazon\AWSSAMCLI\bin\;C:\Program Files\Microsoft SQL Server\130\Tools\Binn\;C:\Program Files\mongosh\;C:\Program Files\LLVM\bin;C:\Program Files (x86)\LLVM\bin;C:\Users\runneradmin\.dotnet\tools;C:\Users\runneradmin\.cargo\bin;C:\Users\runneradmin\AppData\Local\Microsoft\WindowsApps;C:\Program Files (x86)\Microsoft Visual Studio\Installer;C:\Program Files\Microsoft Visual Studio\2022\Enterprise\Common7\IDE\CommonExtensions\Microsoft\CMake\CMake\bin;C:\Program Files\Microsoft Visual Studio\2022\Enterprise\Common7\IDE\CommonExtensions\Microsoft\CMake\Ninja;C:\Program Files\Microsoft Visual Studio\2022\Enterprise\Common7\IDE\VC\Linux\bin\ConnectionManagerExe;C:\Program Files\Microsoft Visual Studio\2022\Enterprise\VC\vcpkg
2026-10-08T11:57:47.6062718Z   Platform: x64
2026-10-08T11:57:47.6062876Z   UCRTVersion: 10.0.26100.0
2026-10-08T11:57:47.6063103Z   UniversalCRTSdkDir: C:\Program Files (x86)\Windows Kits\10\
2026-10-08T11:57:47.6063475Z   VCIDEInstallDir: C:\Program Files\Microsoft Visual Studio\2022\Enterprise\Common7\IDE\VC\
2026-10-08T11:57:47.6063874Z   VCINSTALLDIR: C:\Program Files\Microsoft Visual Studio\2022\Enterprise\VC\
2026-10-08T11:57:47.6064178Z   VCPKG_ROOT: D:\a\CaptureSuite\CaptureSuite\vcpkg
2026-10-08T11:57:47.6064602Z   VCToolsInstallDir: C:\Program Files\Microsoft Visual Studio\2022\Enterprise\VC\Tools\MSVC\14.44.35207\
2026-10-08T11:57:47.6065105Z   VCToolsRedistDir: C:\Program Files\Microsoft Visual Studio\2022\Enterprise\VC\Redist\MSVC\14.44.35112\
2026-10-08T11:57:47.6065474Z   VCToolsVersion: 14.44.35207
2026-10-08T11:57:47.6065659Z   VisualStudioVersion: 17.0
2026-10-08T11:57:47.6065945Z   VS170COMNTOOLS: C:\Program Files\Microsoft Visual Studio\2022\Enterprise\Common7\Tools\
2026-10-08T11:57:47.6066261Z   VSCMD_ARG_app_plat: Desktop
2026-10-08T11:57:47.6066428Z   VSCMD_ARG_HOST_ARCH: x64
2026-10-08T11:57:47.6066590Z   VSCMD_ARG_TGT_ARCH: x64
2026-10-08T11:57:47.6066746Z   VSCMD_VER: 17.14.41
2026-10-08T11:57:47.6066973Z   VSINSTALLDIR: C:\Program Files\Microsoft Visual Studio\2022\Enterprise\
2026-10-08T11:57:47.6067341Z   VSSDK150INSTALL: C:\Program Files\Microsoft Visual Studio\2022\Enterprise\VSSDK
2026-10-08T11:57:47.6067707Z   VSSDKINSTALL: C:\Program Files\Microsoft Visual Studio\2022\Enterprise\VSSDK
2026-10-08T11:57:47.6068217Z   WindowsLibPath: C:\Program Files (x86)\Windows Kits\10\UnionMetadata\10.0.26100.0;C:\Program Files (x86)\Windows Kits\10\References\10.0.26100.0
2026-10-08T11:57:47.6068698Z   WindowsSdkBinPath: C:\Program Files (x86)\Windows Kits\10\bin\
2026-10-08T11:57:47.6068989Z   WindowsSdkDir: C:\Program Files (x86)\Windows Kits\10\
2026-10-08T11:57:47.6069221Z   WindowsSDKLibVersion: 10.0.26100.0\
2026-10-08T11:57:47.6069506Z   WindowsSdkVerBinPath: C:\Program Files (x86)\Windows Kits\10\bin\10.0.26100.0\
2026-10-08T11:57:47.6069800Z   WindowsSDKVersion: 10.0.26100.0\
2026-10-08T11:57:47.6070140Z   WindowsSDK_ExecutablePath_x64: C:\Program Files (x86)\Microsoft SDKs\Windows\v10.0A\bin\NETFX 4.8 Tools\x64\
2026-10-08T11:57:47.6070635Z   WindowsSDK_ExecutablePath_x86: C:\Program Files (x86)\Microsoft SDKs\Windows\v10.0A\bin\NETFX 4.8 Tools\
2026-10-08T11:57:47.6070969Z   __DOTNET_ADD_64BIT: 1
2026-10-08T11:57:47.6071130Z   __DOTNET_PREFERRED_BITNESS: 64
2026-10-08T11:57:47.6077867Z   __VSCMD_PREINIT_PATH: C:\Program Files\MongoDB\Server\7.0\bin;C:\aliyun-cli;C:\vcpkg;C:\Program Files (x86)\NSIS\;C:\tools\zstd;C:\Program Files\Mercurial\;C:\hostedtoolcache\windows\stack\3.11.1\x64;C:\cabal\bin;C:\\ghcup\bin;C:\mingw64\bin;C:\Program Files\dotnet;C:\Program Files\MySQL\MySQL Server 8.0\bin;C:\Program Files\R\R-4.6.1\bin\x64;C:\SeleniumWebDrivers\GeckoDriver;C:\SeleniumWebDrivers\EdgeDriver\;C:\SeleniumWebDrivers\ChromeDriver;C:\Program Files (x86)\sbt\bin;C:\Program Files (x86)\GitHub CLI;C:\Program Files\Git\bin;C:\Program Files (x86)\pipx_bin;C:\npm\prefix;C:\hostedtoolcache\windows\go\1.24.13\x64\bin;C:\hostedtoolcache\windows\Python\3.12.10\x64\Scripts;C:\hostedtoolcache\windows\Python\3.12.10\x64;C:\hostedtoolcache\windows\Ruby\3.3.12\x64\bin;C:\Program Files\OpenSSL\bin;C:\tools\kotlinc\bin;C:\hostedtoolcache\windows\Java_Temurin-Hotspot_jdk\8.0.504-1\x64\bin;C:\Program Files\ImageMagick-7.1.2-Q16-HDRI;C:\Program Files\Microsoft SDKs\Azure\CLI2\wbin;C:\ProgramData\kind;C:\ProgramData\Chocolatey\bin;C:\Windows\system32;C:\Windows;C:\Windows\System32\Wbem;C:\Windows\System32\WindowsPowerShell\v1.0\;C:\Windows\System32\OpenSSH\;C:\Program Files\dotnet\;C:\Program Files\PowerShell\7\;C:\Program Files\Microsoft\Web Platform Installer\;C:\Program Files\TortoiseSVN\bin;C:\Program Files\Microsoft SQL Server\Client SDK\ODBC\170\Tools\Binn\;C:\Program Files\Microsoft SQL Server\150\Tools\Binn\;C:\Program Files (x86)\Windows Kits\10\Windows Performance Toolkit\;C:\Program Files (x86)\WiX Toolset v3.14\bin;C:\Program Files\Microsoft SQL Server\130\DTS\Binn\;C:\Program Files\Microsoft SQL Server\140\DTS\Binn\;C:\Program Files\Microsoft SQL Server\150\DTS\Binn\;C:\Program Files\Microsoft SQL Server\160\DTS\Binn\;C:\Program Files\Microsoft SQL Server\170\DTS\Binn\;C:\Strawberry\c\bin;C:\Strawberry\perl\site\bin;C:\Strawberry\perl\bin;C:\ProgramData\chocolatey\lib\pulumi\tools\Pulumi\bin;C:\Program Files\CMake\bin;C:\ProgramData\chocolatey\lib\maven\apache-maven-3.9.16\bin;C:\Program Files\Microsoft Service Fabric\bin\Fabric\Fabric.Code;C:\Program Files\Microsoft SDKs\Service Fabric\Tools\ServiceFabricLocalClusterManager;C:\Program Files\nodejs\;C:\Program Files\Git\cmd;C:\Program Files\Git\ucrt64\bin;C:\Program Files\Git\usr\bin;C:\Program Files\GitHub CLI\;c:\tools\php;C:\Program Files (x86)\sbt\bin;C:\Program Files\Amazon\AWSCLIV2\;C:\Program Files\Amazon\SessionManagerPlugin\bin\;C:\Program Files\Amazon\AWSSAMCLI\bin\;C:\Program Files\Microsoft SQL Server\130\Tools\Binn\;C:\Program Files\mongosh\;C:\Program Files\LLVM\bin;C:\Program Files (x86)\LLVM\bin;C:\Users\runneradmin\.dotnet\tools;C:\Users\runneradmin\.cargo\bin;C:\Users\runneradmin\AppData\Local\Microsoft\WindowsApps;C:\Program Files (x86)\Microsoft Visual Studio\Installer
2026-10-08T11:57:47.6084915Z   VCPKG_DEFAULT_BINARY_CACHE: D:/a/CaptureSuite/CaptureSuite/969f6665-88a2-4c98-938e-ca9259871fec/vcpkg_cache
2026-10-08T11:57:47.6085294Z   VCPKG_BINARY_SOURCES: clear;x-gha,readwrite
2026-10-08T11:57:47.6085556Z   RUNVCPKG_VCPKG_ROOT: D:\a\CaptureSuite\CaptureSuite\vcpkg
2026-10-08T11:57:47.6085855Z   pythonLocation: C:\hostedtoolcache\windows\Python\3.12.10\x64
2026-10-08T11:57:47.6086208Z   PKG_CONFIG_PATH: C:\hostedtoolcache\windows\Python\3.12.10\x64/lib/pkgconfig
2026-10-08T11:57:47.6086573Z   Python_ROOT_DIR: C:\hostedtoolcache\windows\Python\3.12.10\x64
2026-10-08T11:57:47.6086873Z   Python2_ROOT_DIR: C:\hostedtoolcache\windows\Python\3.12.10\x64
2026-10-08T11:57:47.6087167Z   Python3_ROOT_DIR: C:\hostedtoolcache\windows\Python\3.12.10\x64
2026-10-08T11:57:47.6087408Z ##[endgroup]
2026-10-08T11:57:50.8195680Z Obtaining file:///D:/a/CaptureSuite/CaptureSuite/libs/python/capture_protocol (from -r requirements-native-ci.txt (line 2))
2026-10-08T11:57:50.8220294Z   Installing build dependencies: started
2026-10-08T11:57:53.5757737Z   Installing build dependencies: finished with status 'done'
2026-10-08T11:57:53.5771474Z   Checking if build backend supports build_editable: started
2026-10-08T11:57:54.1049777Z   Checking if build backend supports build_editable: finished with status 'done'
2026-10-08T11:57:54.1070443Z   Getting requirements to build editable: started
2026-10-08T11:57:55.3161524Z   Getting requirements to build editable: finished with status 'done'
2026-10-08T11:57:55.3184743Z   Preparing editable metadata (pyproject.toml): started
2026-10-08T11:57:55.5577547Z   Preparing editable metadata (pyproject.toml): finished with status 'done'
2026-10-08T11:57:55.5612995Z Obtaining file:///D:/a/CaptureSuite/CaptureSuite/libs/python/capture_session (from -r requirements-native-ci.txt (line 3))
2026-10-08T11:57:55.5633256Z   Installing build dependencies: started
2026-10-08T11:57:57.0800438Z   Installing build dependencies: finished with status 'done'
2026-10-08T11:57:57.0814563Z   Checking if build backend supports build_editable: started
2026-10-08T11:57:57.4543926Z   Checking if build backend supports build_editable: finished with status 'done'
2026-10-08T11:57:57.4562709Z   Getting requirements to build editable: started
2026-10-08T11:57:57.9549906Z   Getting requirements to build editable: finished with status 'done'
2026-10-08T11:57:57.9571956Z   Preparing editable metadata (pyproject.toml): started
2026-10-08T11:57:58.1981332Z   Preparing editable metadata (pyproject.toml): finished with status 'done'
2026-10-08T11:57:58.4105315Z Collecting pytest>=8 (from -r requirements-native-ci.txt (line 4))
2026-10-08T11:57:58.5496532Z   Downloading pytest-9.1.1-py3-none-any.whl.metadata (7.6 kB)
2026-10-08T11:57:58.7514948Z Collecting protobuf<5,>=4.25 (from capture-protocol==0.1.0->-r requirements-native-ci.txt (line 2))
2026-10-08T11:57:58.7630547Z   Downloading protobuf-4.25.9-cp310-abi3-win_amd64.whl.metadata (541 bytes)
2026-10-08T11:57:58.8296336Z Collecting jsonschema>=4.21 (from capture-session==0.1.0->-r requirements-native-ci.txt (line 3))
2026-10-08T11:57:58.8415308Z   Downloading jsonschema-4.26.0-py3-none-any.whl.metadata (7.6 kB)
2026-10-08T11:57:58.8682508Z Requirement already satisfied: colorama>=0.4 in C:\hostedtoolcache\windows\Python\3.12.10\x64\Lib\site-packages (from pytest>=8->-r requirements-native-ci.txt (line 4)) (0.4.6)
2026-10-08T11:57:58.8969881Z Collecting iniconfig>=1.0.1 (from pytest>=8->-r requirements-native-ci.txt (line 4))
2026-10-08T11:57:58.9099500Z   Downloading iniconfig-2.3.1-py3-none-any.whl.metadata (2.8 kB)
2026-10-08T11:57:58.9293052Z Requirement already satisfied: packaging>=22 in C:\hostedtoolcache\windows\Python\3.12.10\x64\Lib\site-packages (from pytest>=8->-r requirements-native-ci.txt (line 4)) (26.3)
2026-10-08T11:57:58.9634513Z Collecting pluggy<2,>=1.5 (from pytest>=8->-r requirements-native-ci.txt (line 4))
2026-10-08T11:57:58.9744763Z   Downloading pluggy-1.6.0-py3-none-any.whl.metadata (4.8 kB)
2026-10-08T11:57:59.0272914Z Collecting pygments>=2.7.2 (from pytest>=8->-r requirements-native-ci.txt (line 4))
2026-10-08T11:57:59.0382208Z   Downloading pygments-2.21.0-py3-none-any.whl.metadata (2.5 kB)
2026-10-08T11:57:59.0958135Z Collecting attrs>=22.2.0 (from jsonschema>=4.21->capture-session==0.1.0->-r requirements-native-ci.txt (line 3))
2026-10-08T11:57:59.1065160Z   Downloading attrs-26.1.0-py3-none-any.whl.metadata (8.8 kB)
2026-10-08T11:57:59.1629926Z Collecting jsonschema-specifications>=2023.03.6 (from jsonschema>=4.21->capture-session==0.1.0->-r requirements-native-ci.txt (line 3))
2026-10-08T11:57:59.1746079Z   Downloading jsonschema_specifications-2025.9.1-py3-none-any.whl.metadata (2.9 kB)
2026-10-08T11:57:59.2316338Z Collecting referencing>=0.28.4 (from jsonschema>=4.21->capture-session==0.1.0->-r requirements-native-ci.txt (line 3))
2026-10-08T11:57:59.2464269Z   Downloading referencing-0.37.0-py3-none-any.whl.metadata (2.8 kB)
2026-10-08T11:57:59.5087268Z Collecting rpds-py>=0.25.0 (from jsonschema>=4.21->capture-session==0.1.0->-r requirements-native-ci.txt (line 3))
2026-10-08T11:57:59.5197146Z   Downloading rpds_py-2026.9.1-cp312-cp312-win_amd64.whl.metadata (4.2 kB)
2026-10-08T11:57:59.5786423Z Collecting typing-extensions>=4.4.0 (from referencing>=0.28.4->jsonschema>=4.21->capture-session==0.1.0->-r requirements-native-ci.txt (line 3))
2026-10-08T11:57:59.5896274Z   Downloading typing_extensions-4.16.0-py3-none-any.whl.metadata (3.3 kB)
2026-10-08T11:57:59.6307989Z Downloading protobuf-4.25.9-cp310-abi3-win_amd64.whl (413 kB)
2026-10-08T11:57:59.7002944Z Downloading pytest-9.1.1-py3-none-any.whl (386 kB)
2026-10-08T11:57:59.7364897Z Downloading pluggy-1.6.0-py3-none-any.whl (20 kB)
2026-10-08T11:57:59.7691947Z Downloading iniconfig-2.3.1-py3-none-any.whl (7.6 kB)
2026-10-08T11:57:59.7982573Z Downloading jsonschema-4.26.0-py3-none-any.whl (90 kB)
2026-10-08T11:57:59.9367661Z Downloading attrs-26.1.0-py3-none-any.whl (67 kB)
2026-10-08T11:57:59.9687279Z Downloading jsonschema_specifications-2025.9.1-py3-none-any.whl (18 kB)
2026-10-08T11:57:59.9983222Z Downloading pygments-2.21.0-py3-none-any.whl (1.3 MB)
2026-10-08T11:58:00.0339180Z    ---------------------------------------- 1.3/1.3 MB 21.5 MB/s  0:00:00
2026-10-08T11:58:00.0468167Z Downloading referencing-0.37.0-py3-none-any.whl (26 kB)
2026-10-08T11:58:00.0796409Z Downloading rpds_py-2026.9.1-cp312-cp312-win_amd64.whl (222 kB)
2026-10-08T11:58:00.1064993Z Downloading typing_extensions-4.16.0-py3-none-any.whl (45 kB)
2026-10-08T11:58:00.2020828Z Building wheels for collected packages: capture-protocol, capture-session
2026-10-08T11:58:00.2093898Z   Building editable for capture-protocol (pyproject.toml): started
2026-10-08T11:58:00.5327495Z   Building editable for capture-protocol (pyproject.toml): finished with status 'done'
2026-10-08T11:58:00.5362831Z   Created wheel for capture-protocol: filename=capture_protocol-0.1.0-0.editable-py3-none-any.whl size=7398 sha256=08992970c04d3a66581471a336e5d92ea30b98934d6a731c2aeda9a068b148a6
2026-10-08T11:58:00.5364411Z   Stored in directory: C:\Users\runneradmin\AppData\Local\Temp\pip-ephem-wheel-cache-gha05ozj\wheels\be\38\74\adf0f9a8f0ba8d26599b299cff33b892a58ed35959c9e09acd
2026-10-08T11:58:00.5401510Z   Building editable for capture-session (pyproject.toml): started
2026-10-08T11:58:00.8099356Z   Building editable for capture-session (pyproject.toml): finished with status 'done'
2026-10-08T11:58:00.8135833Z   Created wheel for capture-session: filename=capture_session-0.1.0-0.editable-py3-none-any.whl size=2863 sha256=0c27c9a3d5d8b047be82a08b48c5043e134c76bd86f25a0d28c3b925a7074caa
2026-10-08T11:58:00.8137850Z   Stored in directory: C:\Users\runneradmin\AppData\Local\Temp\pip-ephem-wheel-cache-gha05ozj\wheels\49\8f\6e\163bd066522d89fdd0906cf22a1687ebc628821c7980903be9
2026-10-08T11:58:00.8156357Z Successfully built capture-protocol capture-session
2026-10-08T11:58:00.8453213Z Installing collected packages: typing-extensions, rpds-py, pygments, protobuf, pluggy, iniconfig, attrs, referencing, pytest, capture-protocol, jsonschema-specifications, jsonschema, capture-session
2026-10-08T11:58:04.3114328Z 
2026-10-08T11:58:04.3133552Z Successfully installed attrs-26.1.0 capture-protocol-0.1.0 capture-session-0.1.0 iniconfig-2.3.1 jsonschema-4.26.0 jsonschema-specifications-2025.9.1 pluggy-1.6.0 protobuf-4.25.9 pygments-2.21.0 pytest-9.1.1 referencing-0.37.0 rpds-py-2026.9.1 typing-extensions-4.16.0
2026-10-08T11:58:04.5809228Z ##[group]Run python tools/run_native_ci_tests.py
2026-10-08T11:58:04.5809578Z [36;1mpython tools/run_native_ci_tests.py[0m
2026-10-08T11:58:04.5839519Z shell: C:\Program Files\PowerShell\7\pwsh.EXE -command ". '{0}'"
2026-10-08T11:58:04.5839806Z env:
2026-10-08T11:58:04.5839963Z   CommandPromptType: Native
2026-10-08T11:58:04.5840254Z   DevEnvDir: C:\Program Files\Microsoft Visual Studio\2022\Enterprise\Common7\IDE\
2026-10-08T11:58:04.5840666Z   ExtensionSdkDir: C:\Program Files (x86)\Microsoft SDKs\Windows Kits\10\ExtensionSDKs
2026-10-08T11:58:04.5842458Z   EXTERNAL_INCLUDE: C:\Program Files\Microsoft Visual Studio\2022\Enterprise\VC\Tools\MSVC\14.44.35207\include;C:\Program Files\Microsoft Visual Studio\2022\Enterprise\VC\Tools\MSVC\14.44.35207\ATLMFC\include;C:\Program Files\Microsoft Visual Studio\2022\Enterprise\VC\Auxiliary\VS\include;C:\Program Files (x86)\Windows Kits\10\include\10.0.26100.0\ucrt;C:\Program Files (x86)\Windows Kits\10\\include\10.0.26100.0\\um;C:\Program Files (x86)\Windows Kits\10\\include\10.0.26100.0\\shared;C:\Program Files (x86)\Windows Kits\10\\include\10.0.26100.0\\winrt;C:\Program Files (x86)\Windows Kits\10\\include\10.0.26100.0\\cppwinrt;C:\Program Files (x86)\Windows Kits\NETFXSDK\4.8\include\um
2026-10-08T11:58:04.5844206Z   Framework40Version: v4.0
2026-10-08T11:58:04.5844417Z   FrameworkDir: C:\Windows\Microsoft.NET\Framework64\
2026-10-08T11:58:04.5844679Z   FrameworkDir64: C:\Windows\Microsoft.NET\Framework64\
2026-10-08T11:58:04.5844910Z   FrameworkVersion: v4.0.30319
2026-10-08T11:58:04.5845090Z   FrameworkVersion64: v4.0.30319
2026-10-08T11:58:04.5845492Z   FSHARPINSTALLDIR: C:\Program Files\Microsoft Visual Studio\2022\Enterprise\Common7\IDE\CommonExtensions\Microsoft\FSharp\Tools
2026-10-08T11:58:04.5845940Z   HTMLHelpDir: C:\Program Files (x86)\HTML Help Workshop
2026-10-08T11:58:04.5846297Z   IFCPATH: C:\Program Files\Microsoft Visual Studio\2022\Enterprise\VC\Tools\MSVC\14.44.35207\ifc\x64
2026-10-08T11:58:04.5848008Z   INCLUDE: C:\Program Files\Microsoft Visual Studio\2022\Enterprise\VC\Tools\MSVC\14.44.35207\include;C:\Program Files\Microsoft Visual Studio\2022\Enterprise\VC\Tools\MSVC\14.44.35207\ATLMFC\include;C:\Program Files\Microsoft Visual Studio\2022\Enterprise\VC\Auxiliary\VS\include;C:\Program Files (x86)\Windows Kits\10\include\10.0.26100.0\ucrt;C:\Program Files (x86)\Windows Kits\10\\include\10.0.26100.0\\um;C:\Program Files (x86)\Windows Kits\10\\include\10.0.26100.0\\shared;C:\Program Files (x86)\Windows Kits\10\\include\10.0.26100.0\\winrt;C:\Program Files (x86)\Windows Kits\10\\include\10.0.26100.0\\cppwinrt;C:\Program Files (x86)\Windows Kits\NETFXSDK\4.8\include\um
2026-10-08T11:58:04.5849578Z   is_x64_arch: true
2026-10-08T11:58:04.5850476Z   LIB: C:\Program Files\Microsoft Visual Studio\2022\Enterprise\VC\Tools\MSVC\14.44.35207\ATLMFC\lib\x64;C:\Program Files\Microsoft Visual Studio\2022\Enterprise\VC\Tools\MSVC\14.44.35207\lib\x64;C:\Program Files (x86)\Windows Kits\NETFXSDK\4.8\lib\um\x64;C:\Program Files (x86)\Windows Kits\10\lib\10.0.26100.0\ucrt\x64;C:\Program Files (x86)\Windows Kits\10\\lib\10.0.26100.0\\um\x64
2026-10-08T11:58:04.5852388Z   LIBPATH: C:\Program Files\Microsoft Visual Studio\2022\Enterprise\VC\Tools\MSVC\14.44.35207\ATLMFC\lib\x64;C:\Program Files\Microsoft Visual Studio\2022\Enterprise\VC\Tools\MSVC\14.44.35207\lib\x64;C:\Program Files\Microsoft Visual Studio\2022\Enterprise\VC\Tools\MSVC\14.44.35207\lib\x86\store\references;C:\Program Files (x86)\Windows Kits\10\UnionMetadata\10.0.26100.0;C:\Program Files (x86)\Windows Kits\10\References\10.0.26100.0;C:\Windows\Microsoft.NET\Framework64\v4.0.30319
2026-10-08T11:58:04.5853675Z   NETFXSDKDir: C:\Program Files (x86)\Windows Kits\NETFXSDK\4.8\
2026-10-08T11:58:04.5866712Z   Path: C:\Program Files\Microsoft Visual Studio\2022\Enterprise\VC\Tools\MSVC\14.44.35207\bin\HostX64\x64;C:\Program Files\Microsoft Visual Studio\2022\Enterprise\Common7\IDE\VC\VCPackages;C:\Program Files\Microsoft Visual Studio\2022\Enterprise\Common7\IDE\CommonExtensions\Microsoft\TestWindow;C:\Program Files\Microsoft Visual Studio\2022\Enterprise\Common7\IDE\CommonExtensions\Microsoft\TeamFoundation\Team Explorer;C:\Program Files\Microsoft Visual Studio\2022\Enterprise\MSBuild\Current\bin\Roslyn;C:\Program Files (x86)\Microsoft SDKs\Windows\v10.0A\bin\NETFX 4.8 Tools\x64\;C:\Program Files (x86)\HTML Help Workshop;C:\Program Files\Microsoft Visual Studio\2022\Enterprise\Common7\IDE\CommonExtensions\Microsoft\FSharp\Tools;C:\Program Files\Microsoft Visual Studio\2022\Enterprise\Team Tools\DiagnosticsHub\Collector;C:\Program Files\Microsoft Visual Studio\2022\Enterprise\Common7\IDE\Extensions\Microsoft\CodeCoverage.Console;C:\Program Files\Microsoft Visual Studio\2022\Enterprise\VC\Tools\Llvm\x64\bin;C:\Program Files (x86)\Windows Kits\10\bin\10.0.26100.0\\x64;C:\Program Files (x86)\Windows Kits\10\bin\\x64;C:\Program Files\Microsoft Visual Studio\2022\Enterprise\\MSBuild\Current\Bin\amd64;C:\Windows\Microsoft.NET\Framework64\v4.0.30319;C:\Program Files\Microsoft Visual Studio\2022\Enterprise\Common7\IDE\;C:\Program Files\Microsoft Visual Studio\2022\Enterprise\Common7\Tools\;C:\Program Files\MongoDB\Server\7.0\bin;C:\aliyun-cli;C:\vcpkg;C:\Program Files (x86)\NSIS\;C:\tools\zstd;C:\Program Files\Mercurial\;C:\hostedtoolcache\windows\stack\3.11.1\x64;C:\cabal\bin;C:\\ghcup\bin;C:\mingw64\bin;C:\Program Files\dotnet;C:\Program Files\MySQL\MySQL Server 8.0\bin;C:\Program Files\R\R-4.6.1\bin\x64;C:\SeleniumWebDrivers\GeckoDriver;C:\SeleniumWebDrivers\EdgeDriver\;C:\SeleniumWebDrivers\ChromeDriver;C:\Program Files (x86)\sbt\bin;C:\Program Files (x86)\GitHub CLI;C:\Program Files\Git\bin;C:\Program Files (x86)\pipx_bin;C:\npm\prefix;C:\hostedtoolcache\windows\go\1.24.13\x64\bin;C:\hostedtoolcache\windows\Python\3.12.10\x64\Scripts;C:\hostedtoolcache\windows\Python\3.12.10\x64;C:\hostedtoolcache\windows\Ruby\3.3.12\x64\bin;C:\Program Files\OpenSSL\bin;C:\tools\kotlinc\bin;C:\hostedtoolcache\windows\Java_Temurin-Hotspot_jdk\8.0.504-1\x64\bin;C:\Program Files\ImageMagick-7.1.2-Q16-HDRI;C:\Program Files\Microsoft SDKs\Azure\CLI2\wbin;C:\ProgramData\kind;C:\ProgramData\Chocolatey\bin;C:\Windows\system32;C:\Windows;C:\Windows\System32\Wbem;C:\Windows\System32\WindowsPowerShell\v1.0\;C:\Windows\System32\OpenSSH\;C:\Program Files\dotnet\;C:\Program Files\PowerShell\7\;C:\Program Files\Microsoft\Web Platform Installer\;C:\Program Files\TortoiseSVN\bin;C:\Program Files\Microsoft SQL Server\Client SDK\ODBC\170\Tools\Binn\;C:\Program Files\Microsoft SQL Server\150\Tools\Binn\;C:\Program Files (x86)\Windows Kits\10\Windows Performance Toolkit\;C:\Program Files (x86)\WiX Toolset v3.14\bin;C:\Program Files\Microsoft SQL Server\130\DTS\Binn\;C:\Program Files\Microsoft SQL Server\140\DTS\Binn\;C:\Program Files\Microsoft SQL Server\150\DTS\Binn\;C:\Program Files\Microsoft SQL Server\160\DTS\Binn\;C:\Program Files\Microsoft SQL Server\170\DTS\Binn\;C:\Strawberry\c\bin;C:\Strawberry\perl\site\bin;C:\Strawberry\perl\bin;C:\ProgramData\chocolatey\lib\pulumi\tools\Pulumi\bin;C:\Program Files\CMake\bin;C:\ProgramData\chocolatey\lib\maven\apache-maven-3.9.16\bin;C:\Program Files\Microsoft Service Fabric\bin\Fabric\Fabric.Code;C:\Program Files\Microsoft SDKs\Service Fabric\Tools\ServiceFabricLocalClusterManager;C:\Program Files\nodejs\;C:\Program Files\Git\cmd;C:\Program Files\Git\ucrt64\bin;C:\Program Files\Git\usr\bin;C:\Program Files\GitHub CLI\;c:\tools\php;C:\Program Files\Amazon\AWSCLIV2\;C:\Program Files\Amazon\SessionManagerPlugin\bin\;C:\Program Files\Amazon\AWSSAMCLI\bin\;C:\Program Files\Microsoft SQL Server\130\Tools\Binn\;C:\Program Files\mongosh\;C:\Program Files\LLVM\bin;C:\Program Files (x86)\LLVM\bin;C:\Users\runneradmin\.dotnet\tools;C:\Users\runneradmin\.cargo\bin;C:\Users\runneradmin\AppData\Local\Microsoft\WindowsApps;C:\Program Files (x86)\Microsoft Visual Studio\Installer;C:\Program Files\Microsoft Visual Studio\2022\Enterprise\Common7\IDE\CommonExtensions\Microsoft\CMake\CMake\bin;C:\Program Files\Microsoft Visual Studio\2022\Enterprise\Common7\IDE\CommonExtensions\Microsoft\CMake\Ninja;C:\Program Files\Microsoft Visual Studio\2022\Enterprise\Common7\IDE\VC\Linux\bin\ConnectionManagerExe;C:\Program Files\Microsoft Visual Studio\2022\Enterprise\VC\vcpkg
2026-10-08T11:58:04.5877841Z   Platform: x64
2026-10-08T11:58:04.5878002Z   UCRTVersion: 10.0.26100.0
2026-10-08T11:58:04.5878229Z   UniversalCRTSdkDir: C:\Program Files (x86)\Windows Kits\10\
2026-10-08T11:58:04.5878596Z   VCIDEInstallDir: C:\Program Files\Microsoft Visual Studio\2022\Enterprise\Common7\IDE\VC\
2026-10-08T11:58:04.5878996Z   VCINSTALLDIR: C:\Program Files\Microsoft Visual Studio\2022\Enterprise\VC\
2026-10-08T11:58:04.5879308Z   VCPKG_ROOT: D:\a\CaptureSuite\CaptureSuite\vcpkg
2026-10-08T11:58:04.5879679Z   VCToolsInstallDir: C:\Program Files\Microsoft Visual Studio\2022\Enterprise\VC\Tools\MSVC\14.44.35207\
2026-10-08T11:58:04.5880168Z   VCToolsRedistDir: C:\Program Files\Microsoft Visual Studio\2022\Enterprise\VC\Redist\MSVC\14.44.35112\
2026-10-08T11:58:04.5880511Z   VCToolsVersion: 14.44.35207
2026-10-08T11:58:04.5880694Z   VisualStudioVersion: 17.0
2026-10-08T11:58:04.5880972Z   VS170COMNTOOLS: C:\Program Files\Microsoft Visual Studio\2022\Enterprise\Common7\Tools\
2026-10-08T11:58:04.5881281Z   VSCMD_ARG_app_plat: Desktop
2026-10-08T11:58:04.5881540Z   VSCMD_ARG_HOST_ARCH: x64
2026-10-08T11:58:04.5881710Z   VSCMD_ARG_TGT_ARCH: x64
2026-10-08T11:58:04.5881866Z   VSCMD_VER: 17.14.41
2026-10-08T11:58:04.5882096Z   VSINSTALLDIR: C:\Program Files\Microsoft Visual Studio\2022\Enterprise\
2026-10-08T11:58:04.5882457Z   VSSDK150INSTALL: C:\Program Files\Microsoft Visual Studio\2022\Enterprise\VSSDK
2026-10-08T11:58:04.5882827Z   VSSDKINSTALL: C:\Program Files\Microsoft Visual Studio\2022\Enterprise\VSSDK
2026-10-08T11:58:04.5883338Z   WindowsLibPath: C:\Program Files (x86)\Windows Kits\10\UnionMetadata\10.0.26100.0;C:\Program Files (x86)\Windows Kits\10\References\10.0.26100.0
2026-10-08T11:58:04.5883819Z   WindowsSdkBinPath: C:\Program Files (x86)\Windows Kits\10\bin\
2026-10-08T11:58:04.5884123Z   WindowsSdkDir: C:\Program Files (x86)\Windows Kits\10\
2026-10-08T11:58:04.5884359Z   WindowsSDKLibVersion: 10.0.26100.0\
2026-10-08T11:58:04.5884642Z   WindowsSdkVerBinPath: C:\Program Files (x86)\Windows Kits\10\bin\10.0.26100.0\
2026-10-08T11:58:04.5884937Z   WindowsSDKVersion: 10.0.26100.0\
2026-10-08T11:58:04.5885278Z   WindowsSDK_ExecutablePath_x64: C:\Program Files (x86)\Microsoft SDKs\Windows\v10.0A\bin\NETFX 4.8 Tools\x64\
2026-10-08T11:58:04.5885775Z   WindowsSDK_ExecutablePath_x86: C:\Program Files (x86)\Microsoft SDKs\Windows\v10.0A\bin\NETFX 4.8 Tools\
2026-10-08T11:58:04.5886109Z   __DOTNET_ADD_64BIT: 1
2026-10-08T11:58:04.5886275Z   __DOTNET_PREFERRED_BITNESS: 64
2026-10-08T11:58:04.5893116Z   __VSCMD_PREINIT_PATH: C:\Program Files\MongoDB\Server\7.0\bin;C:\aliyun-cli;C:\vcpkg;C:\Program Files (x86)\NSIS\;C:\tools\zstd;C:\Program Files\Mercurial\;C:\hostedtoolcache\windows\stack\3.11.1\x64;C:\cabal\bin;C:\\ghcup\bin;C:\mingw64\bin;C:\Program Files\dotnet;C:\Program Files\MySQL\MySQL Server 8.0\bin;C:\Program Files\R\R-4.6.1\bin\x64;C:\SeleniumWebDrivers\GeckoDriver;C:\SeleniumWebDrivers\EdgeDriver\;C:\SeleniumWebDrivers\ChromeDriver;C:\Program Files (x86)\sbt\bin;C:\Program Files (x86)\GitHub CLI;C:\Program Files\Git\bin;C:\Program Files (x86)\pipx_bin;C:\npm\prefix;C:\hostedtoolcache\windows\go\1.24.13\x64\bin;C:\hostedtoolcache\windows\Python\3.12.10\x64\Scripts;C:\hostedtoolcache\windows\Python\3.12.10\x64;C:\hostedtoolcache\windows\Ruby\3.3.12\x64\bin;C:\Program Files\OpenSSL\bin;C:\tools\kotlinc\bin;C:\hostedtoolcache\windows\Java_Temurin-Hotspot_jdk\8.0.504-1\x64\bin;C:\Program Files\ImageMagick-7.1.2-Q16-HDRI;C:\Program Files\Microsoft SDKs\Azure\CLI2\wbin;C:\ProgramData\kind;C:\ProgramData\Chocolatey\bin;C:\Windows\system32;C:\Windows;C:\Windows\System32\Wbem;C:\Windows\System32\WindowsPowerShell\v1.0\;C:\Windows\System32\OpenSSH\;C:\Program Files\dotnet\;C:\Program Files\PowerShell\7\;C:\Program Files\Microsoft\Web Platform Installer\;C:\Program Files\TortoiseSVN\bin;C:\Program Files\Microsoft SQL Server\Client SDK\ODBC\170\Tools\Binn\;C:\Program Files\Microsoft SQL Server\150\Tools\Binn\;C:\Program Files (x86)\Windows Kits\10\Windows Performance Toolkit\;C:\Program Files (x86)\WiX Toolset v3.14\bin;C:\Program Files\Microsoft SQL Server\130\DTS\Binn\;C:\Program Files\Microsoft SQL Server\140\DTS\Binn\;C:\Program Files\Microsoft SQL Server\150\DTS\Binn\;C:\Program Files\Microsoft SQL Server\160\DTS\Binn\;C:\Program Files\Microsoft SQL Server\170\DTS\Binn\;C:\Strawberry\c\bin;C:\Strawberry\perl\site\bin;C:\Strawberry\perl\bin;C:\ProgramData\chocolatey\lib\pulumi\tools\Pulumi\bin;C:\Program Files\CMake\bin;C:\ProgramData\chocolatey\lib\maven\apache-maven-3.9.16\bin;C:\Program Files\Microsoft Service Fabric\bin\Fabric\Fabric.Code;C:\Program Files\Microsoft SDKs\Service Fabric\Tools\ServiceFabricLocalClusterManager;C:\Program Files\nodejs\;C:\Program Files\Git\cmd;C:\Program Files\Git\ucrt64\bin;C:\Program Files\Git\usr\bin;C:\Program Files\GitHub CLI\;c:\tools\php;C:\Program Files (x86)\sbt\bin;C:\Program Files\Amazon\AWSCLIV2\;C:\Program Files\Amazon\SessionManagerPlugin\bin\;C:\Program Files\Amazon\AWSSAMCLI\bin\;C:\Program Files\Microsoft SQL Server\130\Tools\Binn\;C:\Program Files\mongosh\;C:\Program Files\LLVM\bin;C:\Program Files (x86)\LLVM\bin;C:\Users\runneradmin\.dotnet\tools;C:\Users\runneradmin\.cargo\bin;C:\Users\runneradmin\AppData\Local\Microsoft\WindowsApps;C:\Program Files (x86)\Microsoft Visual Studio\Installer
2026-10-08T11:58:04.5900155Z   VCPKG_DEFAULT_BINARY_CACHE: D:/a/CaptureSuite/CaptureSuite/969f6665-88a2-4c98-938e-ca9259871fec/vcpkg_cache
2026-10-08T11:58:04.5900547Z   VCPKG_BINARY_SOURCES: clear;x-gha,readwrite
2026-10-08T11:58:04.5900802Z   RUNVCPKG_VCPKG_ROOT: D:\a\CaptureSuite\CaptureSuite\vcpkg
2026-10-08T11:58:04.5901102Z   pythonLocation: C:\hostedtoolcache\windows\Python\3.12.10\x64
2026-10-08T11:58:04.5901434Z   PKG_CONFIG_PATH: C:\hostedtoolcache\windows\Python\3.12.10\x64/lib/pkgconfig
2026-10-08T11:58:04.5901763Z   Python_ROOT_DIR: C:\hostedtoolcache\windows\Python\3.12.10\x64
2026-10-08T11:58:04.5902062Z   Python2_ROOT_DIR: C:\hostedtoolcache\windows\Python\3.12.10\x64
2026-10-08T11:58:04.5902348Z   Python3_ROOT_DIR: C:\hostedtoolcache\windows\Python\3.12.10\x64
2026-10-08T11:58:04.5902613Z   CAPTURE_TEST_BUILD_DIR: build/windows-release
2026-10-08T11:58:04.5902835Z ##[endgroup]
2026-10-08T11:58:11.0369362Z ......                                                                   [100%]
2026-10-08T11:58:11.0370032Z ============================== warnings summary ===============================
2026-10-08T11:58:11.0370529Z <frozen importlib._bootstrap>:488
2026-10-08T11:58:11.0371968Z   <frozen importlib._bootstrap>:488: DeprecationWarning: Type google._upb._message.MessageMapContainer uses PyType_Spec with a metaclass that has custom tp_new. This is deprecated and will no longer be allowed in Python 3.14.
2026-10-08T11:58:11.0373026Z 
2026-10-08T11:58:11.0373221Z <frozen importlib._bootstrap>:488
2026-10-08T11:58:11.0374690Z   <frozen importlib._bootstrap>:488: DeprecationWarning: Type google._upb._message.ScalarMapContainer uses PyType_Spec with a metaclass that has custom tp_new. This is deprecated and will no longer be allowed in Python 3.14.
2026-10-08T11:58:11.0375619Z 
2026-10-08T11:58:11.0375982Z -- Docs: https://docs.pytest.org/en/stable/how-to/capture-warnings.html
2026-10-08T11:58:11.0376476Z 6 passed, 2 warnings in 4.81s
2026-10-08T11:58:11.0376641Z 
2026-10-08T11:58:11.0376722Z {
2026-10-08T11:58:11.0377065Z   "schema": "capturesuite.native-test-receipt.v1",
2026-10-08T11:58:11.0377451Z   "accepted": true,
2026-10-08T11:58:11.0377701Z   "process_exit": 0,
2026-10-08T11:58:11.0377936Z   "counts": {
2026-10-08T11:58:11.0378151Z     "tests": 6,
2026-10-08T11:58:11.0378383Z     "passed": 6,
2026-10-08T11:58:11.0378623Z     "failures": 0,
2026-10-08T11:58:11.0378883Z     "errors": 0,
2026-10-08T11:58:11.0379113Z     "skipped": 0
2026-10-08T11:58:11.0379303Z   },
2026-10-08T11:58:11.0380751Z   "junit_sha256": "3b99763f5b8106245c4b1133e7c7deac12e231c6cb471ead8f3a857894a3e9ec",
2026-10-08T11:58:11.0381358Z   "problems": [],
2026-10-08T11:58:11.0381936Z   "scope": "Process and test-evidence consistency, not clinical validation",
2026-10-08T11:58:11.0382514Z   "seconds": 5.304358500000035,
2026-10-08T11:58:11.0382994Z   "created_at": "2026-10-08T11:58:10.750739+00:00",
2026-10-08T11:58:11.0383690Z   "run_directory": "build/evidence/native-20261008T115805Z-677adcb0",
2026-10-08T11:58:11.0384246Z   "binary_build": "build/windows-release",
2026-10-08T11:58:11.0384584Z   "binaries": [
2026-10-08T11:58:11.0384796Z     {
2026-10-08T11:58:11.0385083Z       "path": "daemon/capture_daemon.exe",
2026-10-08T11:58:11.0385410Z       "bytes": 1605632,
2026-10-08T11:58:11.0385982Z       "sha256": "ca0846edac4c55f274a8d53e6fd792081d13c8b015920d5ee2f95963c7e6fb1e"
2026-10-08T11:58:11.0386459Z     },
2026-10-08T11:58:11.0386640Z     {
2026-10-08T11:58:11.0387035Z       "path": "tools/session_doctor/session_doctor.exe",
2026-10-08T11:58:11.0387449Z       "bytes": 494080,
2026-10-08T11:58:11.0388080Z       "sha256": "894fdf081bed433d3c8062acd7a1862ddf67f00ca4f336bbdad7b833e75c4746"
2026-10-08T11:58:11.0388583Z     }
2026-10-08T11:58:11.0388782Z   ],
2026-10-08T11:58:11.0389219Z   "test_scope": [
2026-10-08T11:58:11.0389917Z     "tests/protocol/test_daemon_e2e.py::test_multi_modality_record_with_disconnect",
2026-10-08T11:58:11.0390753Z     "tests/protocol/test_daemon_e2e.py::test_bad_stop_token_rejected",
2026-10-08T11:58:11.0391496Z     "tests/protocol/test_daemon_e2e.py::test_config_schema_and_apply",
2026-10-08T11:58:11.0392254Z     "tests/protocol/test_daemon_e2e.py::test_start_all_ready_and_acknowledge_alert",
2026-10-08T11:58:11.0393076Z     "tests/protocol/test_daemon_e2e.py::test_concurrent_clients_served",
2026-10-08T11:58:11.0393954Z     "tests/kill_tests/test_kill_preserves_sealed.py::test_kill_preserves_sealed_segment"
2026-10-08T11:58:11.0394505Z   ],
2026-10-08T11:58:11.0394983Z   "source_commit": "2f070f27390018ed5ac3945d75c7df4fb6a4278e",
2026-10-08T11:58:11.0395492Z   "source_worktree_dirty": true,
2026-10-08T11:58:11.0395795Z   "github": {
2026-10-08T11:58:11.0396062Z     "GITHUB_ACTIONS": "true",
2026-10-08T11:58:11.0396395Z     "GITHUB_EVENT_NAME": "pull_request",
2026-10-08T11:58:11.0396906Z     "GITHUB_SHA": "2f070f27390018ed5ac3945d75c7df4fb6a4278e",
2026-10-08T11:58:11.0397388Z     "GITHUB_REF": "refs/pull/52/merge",
2026-10-08T11:58:11.0398029Z     "GITHUB_HEAD_REF": "work/estate-6267db2cfc6e-windows-atomic-preservation",
2026-10-08T11:58:11.0398570Z     "GITHUB_BASE_REF": "main",
2026-10-08T11:58:11.0398932Z     "GITHUB_RUN_ID": "37771818309",
2026-10-08T11:58:11.0399648Z     "GITHUB_WORKFLOW_REF": "Jacob-Met/CaptureSuite/.github/workflows/ci.yml@refs/pull/52/merge"
2026-10-08T11:58:11.0400161Z   },
2026-10-08T11:58:11.0400768Z   "source_tree_sha256": "76f5f48f73c41940c3298486ab238d1b490cbffeef32820cff4c0fdc0350692c",
2026-10-08T11:58:11.0401373Z   "source_unchanged_during_test": true,
2026-10-08T11:58:11.0402055Z   "log_sha256": "c871fcbe2e564d082aed75a280ffb3805e04f840ba05bdf7190c3099c688ff71"
2026-10-08T11:58:11.0402529Z }
2026-10-08T11:58:11.1490074Z ##[group]Run actions/upload-artifact@043fb46d1a93c77aae656e7c1c64a875d1fc6a0a
2026-10-08T11:58:11.1490455Z with:
2026-10-08T11:58:11.1490608Z   name: cpp-test-evidence
2026-10-08T11:58:11.1491433Z   path: build/evidence/warning-boundary-*/
build/evidence/native-*/
build/windows-release/vcpkg-manifest-install.log
build/windows-release/CMakeFiles/CMakeConfigureLog.yaml
build/windows-release/Testing/Temporary/*.log
build/windows-release/ctest-results.xml

2026-10-08T11:58:11.1492243Z   if-no-files-found: warn
2026-10-08T11:58:11.1492413Z   retention-days: 7
2026-10-08T11:58:11.1492567Z   compression-level: 6
2026-10-08T11:58:11.1492721Z   overwrite: false
2026-10-08T11:58:11.1492879Z   include-hidden-files: false
2026-10-08T11:58:11.1493056Z   archive: true
2026-10-08T11:58:11.1493191Z env:
2026-10-08T11:58:11.1493335Z   CommandPromptType: Native
2026-10-08T11:58:11.1493619Z   DevEnvDir: C:\Program Files\Microsoft Visual Studio\2022\Enterprise\Common7\IDE\
2026-10-08T11:58:11.1494041Z   ExtensionSdkDir: C:\Program Files (x86)\Microsoft SDKs\Windows Kits\10\ExtensionSDKs
2026-10-08T11:58:11.1495811Z   EXTERNAL_INCLUDE: C:\Program Files\Microsoft Visual Studio\2022\Enterprise\VC\Tools\MSVC\14.44.35207\include;C:\Program Files\Microsoft Visual Studio\2022\Enterprise\VC\Tools\MSVC\14.44.35207\ATLMFC\include;C:\Program Files\Microsoft Visual Studio\2022\Enterprise\VC\Auxiliary\VS\include;C:\Program Files (x86)\Windows Kits\10\include\10.0.26100.0\ucrt;C:\Program Files (x86)\Windows Kits\10\\include\10.0.26100.0\\um;C:\Program Files (x86)\Windows Kits\10\\include\10.0.26100.0\\shared;C:\Program Files (x86)\Windows Kits\10\\include\10.0.26100.0\\winrt;C:\Program Files (x86)\Windows Kits\10\\include\10.0.26100.0\\cppwinrt;C:\Program Files (x86)\Windows Kits\NETFXSDK\4.8\include\um
2026-10-08T11:58:11.1497423Z   Framework40Version: v4.0
2026-10-08T11:58:11.1497632Z   FrameworkDir: C:\Windows\Microsoft.NET\Framework64\
2026-10-08T11:58:11.1497907Z   FrameworkDir64: C:\Windows\Microsoft.NET\Framework64\
2026-10-08T11:58:11.1498139Z   FrameworkVersion: v4.0.30319
2026-10-08T11:58:11.1498482Z   FrameworkVersion64: v4.0.30319
2026-10-08T11:58:11.1498879Z   FSHARPINSTALLDIR: C:\Program Files\Microsoft Visual Studio\2022\Enterprise\Common7\IDE\CommonExtensions\Microsoft\FSharp\Tools
2026-10-08T11:58:11.1499327Z   HTMLHelpDir: C:\Program Files (x86)\HTML Help Workshop
2026-10-08T11:58:11.1499685Z   IFCPATH: C:\Program Files\Microsoft Visual Studio\2022\Enterprise\VC\Tools\MSVC\14.44.35207\ifc\x64
2026-10-08T11:58:11.1501408Z   INCLUDE: C:\Program Files\Microsoft Visual Studio\2022\Enterprise\VC\Tools\MSVC\14.44.35207\include;C:\Program Files\Microsoft Visual Studio\2022\Enterprise\VC\Tools\MSVC\14.44.35207\ATLMFC\include;C:\Program Files\Microsoft Visual Studio\2022\Enterprise\VC\Auxiliary\VS\include;C:\Program Files (x86)\Windows Kits\10\include\10.0.26100.0\ucrt;C:\Program Files (x86)\Windows Kits\10\\include\10.0.26100.0\\um;C:\Program Files (x86)\Windows Kits\10\\include\10.0.26100.0\\shared;C:\Program Files (x86)\Windows Kits\10\\include\10.0.26100.0\\winrt;C:\Program Files (x86)\Windows Kits\10\\include\10.0.26100.0\\cppwinrt;C:\Program Files (x86)\Windows Kits\NETFXSDK\4.8\include\um
2026-10-08T11:58:11.1502982Z   is_x64_arch: true
2026-10-08T11:58:11.1503893Z   LIB: C:\Program Files\Microsoft Visual Studio\2022\Enterprise\VC\Tools\MSVC\14.44.35207\ATLMFC\lib\x64;C:\Program Files\Microsoft Visual Studio\2022\Enterprise\VC\Tools\MSVC\14.44.35207\lib\x64;C:\Program Files (x86)\Windows Kits\NETFXSDK\4.8\lib\um\x64;C:\Program Files (x86)\Windows Kits\10\lib\10.0.26100.0\ucrt\x64;C:\Program Files (x86)\Windows Kits\10\\lib\10.0.26100.0\\um\x64
2026-10-08T11:58:11.1506945Z   LIBPATH: C:\Program Files\Microsoft Visual Studio\2022\Enterprise\VC\Tools\MSVC\14.44.35207\ATLMFC\lib\x64;C:\Program Files\Microsoft Visual Studio\2022\Enterprise\VC\Tools\MSVC\14.44.35207\lib\x64;C:\Program Files\Microsoft Visual Studio\2022\Enterprise\VC\Tools\MSVC\14.44.35207\lib\x86\store\references;C:\Program Files (x86)\Windows Kits\10\UnionMetadata\10.0.26100.0;C:\Program Files (x86)\Windows Kits\10\References\10.0.26100.0;C:\Windows\Microsoft.NET\Framework64\v4.0.30319
2026-10-08T11:58:11.1508248Z   NETFXSDKDir: C:\Program Files (x86)\Windows Kits\NETFXSDK\4.8\
2026-10-08T11:58:11.1519613Z   Path: C:\Program Files\Microsoft Visual Studio\2022\Enterprise\VC\Tools\MSVC\14.44.35207\bin\HostX64\x64;C:\Program Files\Microsoft Visual Studio\2022\Enterprise\Common7\IDE\VC\VCPackages;C:\Program Files\Microsoft Visual Studio\2022\Enterprise\Common7\IDE\CommonExtensions\Microsoft\TestWindow;C:\Program Files\Microsoft Visual Studio\2022\Enterprise\Common7\IDE\CommonExtensions\Microsoft\TeamFoundation\Team Explorer;C:\Program Files\Microsoft Visual Studio\2022\Enterprise\MSBuild\Current\bin\Roslyn;C:\Program Files (x86)\Microsoft SDKs\Windows\v10.0A\bin\NETFX 4.8 Tools\x64\;C:\Program Files (x86)\HTML Help Workshop;C:\Program Files\Microsoft Visual Studio\2022\Enterprise\Common7\IDE\CommonExtensions\Microsoft\FSharp\Tools;C:\Program Files\Microsoft Visual Studio\2022\Enterprise\Team Tools\DiagnosticsHub\Collector;C:\Program Files\Microsoft Visual Studio\2022\Enterprise\Common7\IDE\Extensions\Microsoft\CodeCoverage.Console;C:\Program Files\Microsoft Visual Studio\2022\Enterprise\VC\Tools\Llvm\x64\bin;C:\Program Files (x86)\Windows Kits\10\bin\10.0.26100.0\\x64;C:\Program Files (x86)\Windows Kits\10\bin\\x64;C:\Program Files\Microsoft Visual Studio\2022\Enterprise\\MSBuild\Current\Bin\amd64;C:\Windows\Microsoft.NET\Framework64\v4.0.30319;C:\Program Files\Microsoft Visual Studio\2022\Enterprise\Common7\IDE\;C:\Program Files\Microsoft Visual Studio\2022\Enterprise\Common7\Tools\;C:\Program Files\MongoDB\Server\7.0\bin;C:\aliyun-cli;C:\vcpkg;C:\Program Files (x86)\NSIS\;C:\tools\zstd;C:\Program Files\Mercurial\;C:\hostedtoolcache\windows\stack\3.11.1\x64;C:\cabal\bin;C:\\ghcup\bin;C:\mingw64\bin;C:\Program Files\dotnet;C:\Program Files\MySQL\MySQL Server 8.0\bin;C:\Program Files\R\R-4.6.1\bin\x64;C:\SeleniumWebDrivers\GeckoDriver;C:\SeleniumWebDrivers\EdgeDriver\;C:\SeleniumWebDrivers\ChromeDriver;C:\Program Files (x86)\sbt\bin;C:\Program Files (x86)\GitHub CLI;C:\Program Files\Git\bin;C:\Program Files (x86)\pipx_bin;C:\npm\prefix;C:\hostedtoolcache\windows\go\1.24.13\x64\bin;C:\hostedtoolcache\windows\Python\3.12.10\x64\Scripts;C:\hostedtoolcache\windows\Python\3.12.10\x64;C:\hostedtoolcache\windows\Ruby\3.3.12\x64\bin;C:\Program Files\OpenSSL\bin;C:\tools\kotlinc\bin;C:\hostedtoolcache\windows\Java_Temurin-Hotspot_jdk\8.0.504-1\x64\bin;C:\Program Files\ImageMagick-7.1.2-Q16-HDRI;C:\Program Files\Microsoft SDKs\Azure\CLI2\wbin;C:\ProgramData\kind;C:\ProgramData\Chocolatey\bin;C:\Windows\system32;C:\Windows;C:\Windows\System32\Wbem;C:\Windows\System32\WindowsPowerShell\v1.0\;C:\Windows\System32\OpenSSH\;C:\Program Files\dotnet\;C:\Program Files\PowerShell\7\;C:\Program Files\Microsoft\Web Platform Installer\;C:\Program Files\TortoiseSVN\bin;C:\Program Files\Microsoft SQL Server\Client SDK\ODBC\170\Tools\Binn\;C:\Program Files\Microsoft SQL Server\150\Tools\Binn\;C:\Program Files (x86)\Windows Kits\10\Windows Performance Toolkit\;C:\Program Files (x86)\WiX Toolset v3.14\bin;C:\Program Files\Microsoft SQL Server\130\DTS\Binn\;C:\Program Files\Microsoft SQL Server\140\DTS\Binn\;C:\Program Files\Microsoft SQL Server\150\DTS\Binn\;C:\Program Files\Microsoft SQL Server\160\DTS\Binn\;C:\Program Files\Microsoft SQL Server\170\DTS\Binn\;C:\Strawberry\c\bin;C:\Strawberry\perl\site\bin;C:\Strawberry\perl\bin;C:\ProgramData\chocolatey\lib\pulumi\tools\Pulumi\bin;C:\Program Files\CMake\bin;C:\ProgramData\chocolatey\lib\maven\apache-maven-3.9.16\bin;C:\Program Files\Microsoft Service Fabric\bin\Fabric\Fabric.Code;C:\Program Files\Microsoft SDKs\Service Fabric\Tools\ServiceFabricLocalClusterManager;C:\Program Files\nodejs\;C:\Program Files\Git\cmd;C:\Program Files\Git\ucrt64\bin;C:\Program Files\Git\usr\bin;C:\Program Files\GitHub CLI\;c:\tools\php;C:\Program Files\Amazon\AWSCLIV2\;C:\Program Files\Amazon\SessionManagerPlugin\bin\;C:\Program Files\Amazon\AWSSAMCLI\bin\;C:\Program Files\Microsoft SQL Server\130\Tools\Binn\;C:\Program Files\mongosh\;C:\Program Files\LLVM\bin;C:\Program Files (x86)\LLVM\bin;C:\Users\runneradmin\.dotnet\tools;C:\Users\runneradmin\.cargo\bin;C:\Users\runneradmin\AppData\Local\Microsoft\WindowsApps;C:\Program Files (x86)\Microsoft Visual Studio\Installer;C:\Program Files\Microsoft Visual Studio\2022\Enterprise\Common7\IDE\CommonExtensions\Microsoft\CMake\CMake\bin;C:\Program Files\Microsoft Visual Studio\2022\Enterprise\Common7\IDE\CommonExtensions\Microsoft\CMake\Ninja;C:\Program Files\Microsoft Visual Studio\2022\Enterprise\Common7\IDE\VC\Linux\bin\ConnectionManagerExe;C:\Program Files\Microsoft Visual Studio\2022\Enterprise\VC\vcpkg
2026-10-08T11:58:11.1530768Z   Platform: x64
2026-10-08T11:58:11.1530930Z   UCRTVersion: 10.0.26100.0
2026-10-08T11:58:11.1531156Z   UniversalCRTSdkDir: C:\Program Files (x86)\Windows Kits\10\
2026-10-08T11:58:11.1531530Z   VCIDEInstallDir: C:\Program Files\Microsoft Visual Studio\2022\Enterprise\Common7\IDE\VC\
2026-10-08T11:58:11.1531949Z   VCINSTALLDIR: C:\Program Files\Microsoft Visual Studio\2022\Enterprise\VC\
2026-10-08T11:58:11.1532260Z   VCPKG_ROOT: D:\a\CaptureSuite\CaptureSuite\vcpkg
2026-10-08T11:58:11.1532636Z   VCToolsInstallDir: C:\Program Files\Microsoft Visual Studio\2022\Enterprise\VC\Tools\MSVC\14.44.35207\
2026-10-08T11:58:11.1533123Z   VCToolsRedistDir: C:\Program Files\Microsoft Visual Studio\2022\Enterprise\VC\Redist\MSVC\14.44.35112\
2026-10-08T11:58:11.1533463Z   VCToolsVersion: 14.44.35207
2026-10-08T11:58:11.1533645Z   VisualStudioVersion: 17.0
2026-10-08T11:58:11.1533929Z   VS170COMNTOOLS: C:\Program Files\Microsoft Visual Studio\2022\Enterprise\Common7\Tools\
2026-10-08T11:58:11.1534236Z   VSCMD_ARG_app_plat: Desktop
2026-10-08T11:58:11.1534416Z   VSCMD_ARG_HOST_ARCH: x64
2026-10-08T11:58:11.1534579Z   VSCMD_ARG_TGT_ARCH: x64
2026-10-08T11:58:11.1534736Z   VSCMD_VER: 17.14.41
2026-10-08T11:58:11.1535022Z   VSINSTALLDIR: C:\Program Files\Microsoft Visual Studio\2022\Enterprise\
2026-10-08T11:58:11.1535442Z   VSSDK150INSTALL: C:\Program Files\Microsoft Visual Studio\2022\Enterprise\VSSDK
2026-10-08T11:58:11.1535979Z   VSSDKINSTALL: C:\Program Files\Microsoft Visual Studio\2022\Enterprise\VSSDK
2026-10-08T11:58:11.1547306Z   WindowsLibPath: C:\Program Files (x86)\Windows Kits\10\UnionMetadata\10.0.26100.0;C:\Program Files (x86)\Windows Kits\10\References\10.0.26100.0
2026-10-08T11:58:11.1547867Z   WindowsSdkBinPath: C:\Program Files (x86)\Windows Kits\10\bin\
2026-10-08T11:58:11.1548168Z   WindowsSdkDir: C:\Program Files (x86)\Windows Kits\10\
2026-10-08T11:58:11.1548407Z   WindowsSDKLibVersion: 10.0.26100.0\
2026-10-08T11:58:11.1548691Z   WindowsSdkVerBinPath: C:\Program Files (x86)\Windows Kits\10\bin\10.0.26100.0\
2026-10-08T11:58:11.1548987Z   WindowsSDKVersion: 10.0.26100.0\
2026-10-08T11:58:11.1549343Z   WindowsSDK_ExecutablePath_x64: C:\Program Files (x86)\Microsoft SDKs\Windows\v10.0A\bin\NETFX 4.8 Tools\x64\
2026-10-08T11:58:11.1549910Z   WindowsSDK_ExecutablePath_x86: C:\Program Files (x86)\Microsoft SDKs\Windows\v10.0A\bin\NETFX 4.8 Tools\
2026-10-08T11:58:11.1550259Z   __DOTNET_ADD_64BIT: 1
2026-10-08T11:58:11.1550426Z   __DOTNET_PREFERRED_BITNESS: 64
2026-10-08T11:58:11.1557261Z   __VSCMD_PREINIT_PATH: C:\Program Files\MongoDB\Server\7.0\bin;C:\aliyun-cli;C:\vcpkg;C:\Program Files (x86)\NSIS\;C:\tools\zstd;C:\Program Files\Mercurial\;C:\hostedtoolcache\windows\stack\3.11.1\x64;C:\cabal\bin;C:\\ghcup\bin;C:\mingw64\bin;C:\Program Files\dotnet;C:\Program Files\MySQL\MySQL Server 8.0\bin;C:\Program Files\R\R-4.6.1\bin\x64;C:\SeleniumWebDrivers\GeckoDriver;C:\SeleniumWebDrivers\EdgeDriver\;C:\SeleniumWebDrivers\ChromeDriver;C:\Program Files (x86)\sbt\bin;C:\Program Files (x86)\GitHub CLI;C:\Program Files\Git\bin;C:\Program Files (x86)\pipx_bin;C:\npm\prefix;C:\hostedtoolcache\windows\go\1.24.13\x64\bin;C:\hostedtoolcache\windows\Python\3.12.10\x64\Scripts;C:\hostedtoolcache\windows\Python\3.12.10\x64;C:\hostedtoolcache\windows\Ruby\3.3.12\x64\bin;C:\Program Files\OpenSSL\bin;C:\tools\kotlinc\bin;C:\hostedtoolcache\windows\Java_Temurin-Hotspot_jdk\8.0.504-1\x64\bin;C:\Program Files\ImageMagick-7.1.2-Q16-HDRI;C:\Program Files\Microsoft SDKs\Azure\CLI2\wbin;C:\ProgramData\kind;C:\ProgramData\Chocolatey\bin;C:\Windows\system32;C:\Windows;C:\Windows\System32\Wbem;C:\Windows\System32\WindowsPowerShell\v1.0\;C:\Windows\System32\OpenSSH\;C:\Program Files\dotnet\;C:\Program Files\PowerShell\7\;C:\Program Files\Microsoft\Web Platform Installer\;C:\Program Files\TortoiseSVN\bin;C:\Program Files\Microsoft SQL Server\Client SDK\ODBC\170\Tools\Binn\;C:\Program Files\Microsoft SQL Server\150\Tools\Binn\;C:\Program Files (x86)\Windows Kits\10\Windows Performance Toolkit\;C:\Program Files (x86)\WiX Toolset v3.14\bin;C:\Program Files\Microsoft SQL Server\130\DTS\Binn\;C:\Program Files\Microsoft SQL Server\140\DTS\Binn\;C:\Program Files\Microsoft SQL Server\150\DTS\Binn\;C:\Program Files\Microsoft SQL Server\160\DTS\Binn\;C:\Program Files\Microsoft SQL Server\170\DTS\Binn\;C:\Strawberry\c\bin;C:\Strawberry\perl\site\bin;C:\Strawberry\perl\bin;C:\ProgramData\chocolatey\lib\pulumi\tools\Pulumi\bin;C:\Program Files\CMake\bin;C:\ProgramData\chocolatey\lib\maven\apache-maven-3.9.16\bin;C:\Program Files\Microsoft Service Fabric\bin\Fabric\Fabric.Code;C:\Program Files\Microsoft SDKs\Service Fabric\Tools\ServiceFabricLocalClusterManager;C:\Program Files\nodejs\;C:\Program Files\Git\cmd;C:\Program Files\Git\ucrt64\bin;C:\Program Files\Git\usr\bin;C:\Program Files\GitHub CLI\;c:\tools\php;C:\Program Files (x86)\sbt\bin;C:\Program Files\Amazon\AWSCLIV2\;C:\Program Files\Amazon\SessionManagerPlugin\bin\;C:\Program Files\Amazon\AWSSAMCLI\bin\;C:\Program Files\Microsoft SQL Server\130\Tools\Binn\;C:\Program Files\mongosh\;C:\Program Files\LLVM\bin;C:\Program Files (x86)\LLVM\bin;C:\Users\runneradmin\.dotnet\tools;C:\Users\runneradmin\.cargo\bin;C:\Users\runneradmin\AppData\Local\Microsoft\WindowsApps;C:\Program Files (x86)\Microsoft Visual Studio\Installer
2026-10-08T11:58:11.1564323Z   VCPKG_DEFAULT_BINARY_CACHE: D:/a/CaptureSuite/CaptureSuite/969f6665-88a2-4c98-938e-ca9259871fec/vcpkg_cache
2026-10-08T11:58:11.1564781Z   VCPKG_BINARY_SOURCES: clear;x-gha,readwrite
2026-10-08T11:58:11.1565043Z   RUNVCPKG_VCPKG_ROOT: D:\a\CaptureSuite\CaptureSuite\vcpkg
2026-10-08T11:58:11.1565342Z   pythonLocation: C:\hostedtoolcache\windows\Python\3.12.10\x64
2026-10-08T11:58:11.1565677Z   PKG_CONFIG_PATH: C:\hostedtoolcache\windows\Python\3.12.10\x64/lib/pkgconfig
2026-10-08T11:58:11.1566002Z   Python_ROOT_DIR: C:\hostedtoolcache\windows\Python\3.12.10\x64
2026-10-08T11:58:11.1566309Z   Python2_ROOT_DIR: C:\hostedtoolcache\windows\Python\3.12.10\x64
2026-10-08T11:58:11.1566605Z   Python3_ROOT_DIR: C:\hostedtoolcache\windows\Python\3.12.10\x64
2026-10-08T11:58:11.1566841Z ##[endgroup]
2026-10-08T11:58:11.3103400Z Multiple search paths detected. Calculating the least common ancestor of all paths
2026-10-08T11:58:11.3106125Z The least common ancestor is D:\a\CaptureSuite\CaptureSuite\build. This will be the root directory of the artifact
2026-10-08T11:58:11.3106655Z With the provided path, there will be 58 files uploaded
2026-10-08T11:58:11.3110298Z Artifact name is valid!
2026-10-08T11:58:11.3111590Z Root directory input is valid!
2026-10-08T11:58:11.6473119Z Uploading artifact: cpp-test-evidence.zip
2026-10-08T11:58:11.6503402Z Beginning upload of artifact content to blob storage
2026-10-08T11:58:12.1869323Z Uploaded bytes 268689
2026-10-08T11:58:12.2425917Z Finished uploading artifact content to blob storage!
2026-10-08T11:58:12.2426754Z SHA256 digest of uploaded artifact is d1c1013c682a363cb9a9718a040b2d743481a4e3cf072a66b439a823eea46c46
2026-10-08T11:58:12.2427675Z Finalizing artifact upload
2026-10-08T11:58:12.6188639Z Artifact cpp-test-evidence successfully finalized. Artifact ID 11549230205
2026-10-08T11:58:12.6189342Z Artifact cpp-test-evidence has been successfully uploaded! Final size is 268689 bytes. Artifact ID is 11549230205
2026-10-08T11:58:12.6196363Z Artifact download URL: https://github.com/Jacob-Met/CaptureSuite/actions/runs/37771818309/artifacts/11549230205
2026-10-08T11:58:12.6439823Z Post job cleanup.
2026-10-08T11:58:12.7573598Z (node:6500) [DEP0040] DeprecationWarning: The `punycode` module is deprecated. Please use a userland alternative instead.
2026-10-08T11:58:12.7574275Z (Use `node --trace-deprecation ...` to show where the warning was created)
2026-10-08T11:58:12.7778631Z Post job cleanup.
2026-10-08T11:58:12.9256634Z [command]"C:\Program Files\Git\bin\git.exe" version
2026-10-08T11:58:12.9480767Z git version 2.56.0.windows.1
2026-10-08T11:58:12.9525503Z Temporarily overriding HOME='D:\a\_temp\3ab81339-20df-43c2-8be1-37b2f124bf3d' before making global git config changes
2026-10-08T11:58:12.9526188Z Adding repository directory to the temporary git global config as a safe directory
2026-10-08T11:58:12.9536276Z [command]"C:\Program Files\Git\bin\git.exe" config --global --add safe.directory D:\a\CaptureSuite\CaptureSuite
2026-10-08T11:58:12.9783474Z [command]"C:\Program Files\Git\bin\git.exe" config --local --name-only --get-regexp core\.sshCommand
2026-10-08T11:58:13.0024455Z [command]"C:\Program Files\Git\bin\git.exe" submodule foreach --recursive "sh -c \"git config --local --name-only --get-regexp 'core\.sshCommand' && git config --local --unset-all 'core.sshCommand' || :\""
2026-10-08T11:58:13.4539301Z [command]"C:\Program Files\Git\bin\git.exe" config --local --name-only --get-regexp http\.https\:\/\/github\.com\/\.extraheader
2026-10-08T11:58:13.4761313Z http.https://github.com/.extraheader
2026-10-08T11:58:13.4801151Z [command]"C:\Program Files\Git\bin\git.exe" config --local --unset-all http.https://github.com/.extraheader
2026-10-08T11:58:13.5063690Z [command]"C:\Program Files\Git\bin\git.exe" submodule foreach --recursive "sh -c \"git config --local --name-only --get-regexp 'http\.https\:\/\/github\.com\/\.extraheader' && git config --local --unset-all 'http.https://github.com/.extraheader' || :\""
2026-10-08T11:58:13.9065698Z [command]"C:\Program Files\Git\bin\git.exe" config --local --name-only --get-regexp ^includeIf\.gitdir:
2026-10-08T11:58:13.9302958Z [command]"C:\Program Files\Git\bin\git.exe" submodule foreach --recursive "git config --local --show-origin --name-only --get-regexp remote.origin.url"
2026-10-08T11:58:14.3605681Z Cleaning up orphan processes
2026-10-08T11:58:14.3879920Z Terminate orphan process: pid (8132) (vctip)
2026-10-08T11:58:14.3950420Z Terminate orphan process: pid (8152) (mspdbsrv)
2026-10-08T11:58:14.4109677Z ##[warning]Node.js 20 is deprecated. The following actions target Node.js 20 but are being forced to run on Node.js 24: actions/checkout@v4, actions/setup-python@v5, ilammy/msvc-dev-cmd@v1. For more information see: https://github.blog/changelog/2025-09-19-deprecation-of-node-20-on-github-actions-runners/
