2026-10-08T20:38:06.6405273Z Current runner version: '2.337.0'
2026-10-08T20:38:06.6422972Z ##[group]Runner Image Provisioner
2026-10-08T20:38:06.6423454Z Hosted Compute Agent
2026-10-08T20:38:06.6423788Z Version: 20261002.596
2026-10-08T20:38:06.6424150Z Commit: c3d12f3313a95f25162a1503be624f3b0617f8c0
2026-10-08T20:38:06.6424534Z Build Date: 2026-10-02T22:28:27Z
2026-10-08T20:38:06.6424914Z Worker ID: {0654f544-95c8-4955-a264-cfa01d68e403}
2026-10-08T20:38:06.6425300Z Region: centralus
2026-10-08T20:38:06.6425590Z Cloud: Azure
2026-10-08T20:38:06.6425897Z ##[endgroup]
2026-10-08T20:38:06.6426636Z ##[group]Operating System
2026-10-08T20:38:06.6426985Z Microsoft Windows Server 2022
2026-10-08T20:38:06.6427319Z 10.0.20348
2026-10-08T20:38:06.6427593Z Datacenter
2026-10-08T20:38:06.6427876Z ##[endgroup]
2026-10-08T20:38:06.6428179Z ##[group]Runner Image
2026-10-08T20:38:06.6428488Z Image: windows-2022
2026-10-08T20:38:06.6428824Z Version: 20261004.326.1
2026-10-08T20:38:06.6429938Z Included Software: https://github.com/actions/runner-images/blob/win22/20261004.326/images/windows/Windows2022-Readme.md
2026-10-08T20:38:06.6430797Z Image Release: https://github.com/actions/runner-images/releases/tag/win22%2F20261004.326
2026-10-08T20:38:06.6431313Z ##[endgroup]
2026-10-08T20:38:06.6431965Z ##[group]GITHUB_TOKEN Permissions
2026-10-08T20:38:06.6433270Z Contents: read
2026-10-08T20:38:06.6433605Z Metadata: read
2026-10-08T20:38:06.6433895Z Packages: read
2026-10-08T20:38:06.6434184Z ##[endgroup]
2026-10-08T20:38:06.6435498Z Secret source: Actions
2026-10-08T20:38:06.6435965Z Cache mode: write
2026-10-08T20:38:06.6436369Z Prepare workflow directory
2026-10-08T20:38:06.6663184Z Prepare all required actions
2026-10-08T20:38:06.6695314Z Getting action download info
2026-10-08T20:38:06.9296581Z Download action repository 'actions/checkout@v4' (SHA:11d5960a326750d5838078e36cf38b85af677262)
2026-10-08T20:38:06.9929366Z Download action repository 'ilammy/msvc-dev-cmd@v1' (SHA:0b201ec74fa43914dc39ae48a89fd1d8cb592756)
2026-10-08T20:38:07.6038829Z Download action repository 'lukka/run-vcpkg@v11' (SHA:b1a0dd252f06b9e25b3c022a9a03bd7a427fb6a2)
2026-10-08T20:38:08.0417213Z Download action repository 'actions/setup-python@v5' (SHA:a26af69be951a213d495a4c3e4e4022e16d87065)
2026-10-08T20:38:08.1752228Z Download action repository 'actions/upload-artifact@043fb46d1a93c77aae656e7c1c64a875d1fc6a0a' (SHA:043fb46d1a93c77aae656e7c1c64a875d1fc6a0a)
2026-10-08T20:38:08.4009502Z Complete job name: cmake
2026-10-08T20:38:08.5287645Z ##[group]Run actions/checkout@v4
2026-10-08T20:38:08.5288588Z with:
2026-10-08T20:38:08.5289021Z   repository: Jacob-Met/CaptureSuite
2026-10-08T20:38:08.5292996Z   token: ***
2026-10-08T20:38:08.5293396Z   ssh-strict: true
2026-10-08T20:38:08.5293821Z   ssh-user: git
2026-10-08T20:38:08.5294240Z   persist-credentials: true
2026-10-08T20:38:08.5294700Z   clean: true
2026-10-08T20:38:08.5295132Z   sparse-checkout-cone-mode: true
2026-10-08T20:38:08.5295639Z   fetch-depth: 1
2026-10-08T20:38:08.5296047Z   fetch-tags: false
2026-10-08T20:38:08.5296509Z   show-progress: true
2026-10-08T20:38:08.5296936Z   lfs: false
2026-10-08T20:38:08.5297326Z   submodules: false
2026-10-08T20:38:08.5297754Z   set-safe-directory: true
2026-10-08T20:38:08.5298239Z   allow-unsafe-pr-checkout: false
2026-10-08T20:38:08.5298833Z ##[endgroup]
2026-10-08T20:38:08.6270716Z Syncing repository: Jacob-Met/CaptureSuite
2026-10-08T20:38:08.6272160Z ##[group]Getting Git version info
2026-10-08T20:38:08.6272862Z Working directory is 'D:\a\CaptureSuite\CaptureSuite'
2026-10-08T20:38:08.6731064Z [command]"C:\Program Files\Git\bin\git.exe" version
2026-10-08T20:38:08.9666104Z git version 2.56.0.windows.1
2026-10-08T20:38:08.9700130Z ##[endgroup]
2026-10-08T20:38:08.9716631Z Temporarily overriding HOME='D:\a\_temp\a5594c0a-b74a-44dd-ae69-dc339cb3c9b8' before making global git config changes
2026-10-08T20:38:08.9718731Z Adding repository directory to the temporary git global config as a safe directory
2026-10-08T20:38:08.9724698Z [command]"C:\Program Files\Git\bin\git.exe" config --global --add safe.directory D:\a\CaptureSuite\CaptureSuite
2026-10-08T20:38:09.0174318Z Deleting the contents of 'D:\a\CaptureSuite\CaptureSuite'
2026-10-08T20:38:09.0177731Z ##[group]Initializing the repository
2026-10-08T20:38:09.0184221Z [command]"C:\Program Files\Git\bin\git.exe" init D:\a\CaptureSuite\CaptureSuite
2026-10-08T20:38:09.0905794Z Initialized empty Git repository in D:/a/CaptureSuite/CaptureSuite/.git/
2026-10-08T20:38:09.0936597Z [command]"C:\Program Files\Git\bin\git.exe" remote add origin https://github.com/Jacob-Met/CaptureSuite
2026-10-08T20:38:09.1379275Z ##[endgroup]
2026-10-08T20:38:09.1380038Z ##[group]Disabling automatic garbage collection
2026-10-08T20:38:09.1385597Z [command]"C:\Program Files\Git\bin\git.exe" config --local gc.auto 0
2026-10-08T20:38:09.1588873Z ##[endgroup]
2026-10-08T20:38:09.1589591Z ##[group]Setting up auth
2026-10-08T20:38:09.1597038Z [command]"C:\Program Files\Git\bin\git.exe" config --local --name-only --get-regexp core\.sshCommand
2026-10-08T20:38:09.1803980Z [command]"C:\Program Files\Git\bin\git.exe" submodule foreach --recursive "sh -c \"git config --local --name-only --get-regexp 'core\.sshCommand' && git config --local --unset-all 'core.sshCommand' || :\""
2026-10-08T20:38:10.4395893Z [command]"C:\Program Files\Git\bin\git.exe" config --local --name-only --get-regexp http\.https\:\/\/github\.com\/\.extraheader
2026-10-08T20:38:10.4613431Z [command]"C:\Program Files\Git\bin\git.exe" submodule foreach --recursive "sh -c \"git config --local --name-only --get-regexp 'http\.https\:\/\/github\.com\/\.extraheader' && git config --local --unset-all 'http.https://github.com/.extraheader' || :\""
2026-10-08T20:38:10.8261131Z [command]"C:\Program Files\Git\bin\git.exe" config --local --name-only --get-regexp ^includeIf\.gitdir:
2026-10-08T20:38:10.8480621Z [command]"C:\Program Files\Git\bin\git.exe" submodule foreach --recursive "git config --local --show-origin --name-only --get-regexp remote.origin.url"
2026-10-08T20:38:11.2067899Z [command]"C:\Program Files\Git\bin\git.exe" config --local http.https://github.com/.extraheader "AUTHORIZATION: basic ***"
2026-10-08T20:38:11.2292973Z ##[endgroup]
2026-10-08T20:38:11.2293529Z ##[group]Fetching the repository
2026-10-08T20:38:11.2303770Z [command]"C:\Program Files\Git\bin\git.exe" -c protocol.version=2 fetch --no-tags --prune --no-recurse-submodules --depth=1 origin +9e9204f76b105426b0affaa74733175c052f27ba:refs/remotes/origin/main
2026-10-08T20:38:12.9724297Z From https://github.com/Jacob-Met/CaptureSuite
2026-10-08T20:38:12.9724875Z  * [new ref]         9e9204f76b105426b0affaa74733175c052f27ba -> origin/main
2026-10-08T20:38:12.9750262Z ##[endgroup]
2026-10-08T20:38:12.9750506Z ##[group]Determining the checkout info
2026-10-08T20:38:12.9752087Z ##[endgroup]
2026-10-08T20:38:12.9761175Z [command]"C:\Program Files\Git\bin\git.exe" sparse-checkout disable
2026-10-08T20:38:13.0086261Z [command]"C:\Program Files\Git\bin\git.exe" config --local --unset-all extensions.worktreeConfig
2026-10-08T20:38:13.0316346Z ##[group]Checking out the ref
2026-10-08T20:38:13.0323142Z [command]"C:\Program Files\Git\bin\git.exe" checkout --progress --force -B main refs/remotes/origin/main
2026-10-08T20:38:13.2701824Z Switched to a new branch 'main'
2026-10-08T20:38:13.2719167Z branch 'main' set up to track 'origin/main'.
2026-10-08T20:38:13.2771314Z ##[endgroup]
2026-10-08T20:38:13.3257893Z [command]"C:\Program Files\Git\bin\git.exe" log -1 --format=%H
2026-10-08T20:38:13.3763419Z 9e9204f76b105426b0affaa74733175c052f27ba
2026-10-08T20:38:13.4257434Z ##[group]Run ilammy/msvc-dev-cmd@v1
2026-10-08T20:38:13.4257663Z with:
2026-10-08T20:38:13.4257774Z   arch: x64
2026-10-08T20:38:13.4257901Z ##[endgroup]
2026-10-08T20:38:13.8922247Z Found with vswhere: C:\Program Files\Microsoft Visual Studio\2022\Enterprise\VC\Auxiliary\Build\vcvarsall.bat
2026-10-08T20:38:24.0849341Z ##[group]Environment variables
2026-10-08T20:38:24.0849649Z Setting CommandPromptType
2026-10-08T20:38:24.0856050Z Setting DevEnvDir
2026-10-08T20:38:24.0858292Z Setting ExtensionSdkDir
2026-10-08T20:38:24.0859762Z Setting EXTERNAL_INCLUDE
2026-10-08T20:38:24.0863557Z Setting Framework40Version
2026-10-08T20:38:24.0865432Z Setting FrameworkDir
2026-10-08T20:38:24.0866765Z Setting FrameworkDir64
2026-10-08T20:38:24.0867888Z Setting FrameworkVersion
2026-10-08T20:38:24.0869044Z Setting FrameworkVersion64
2026-10-08T20:38:24.0870856Z Setting FSHARPINSTALLDIR
2026-10-08T20:38:24.0872530Z Setting HTMLHelpDir
2026-10-08T20:38:24.0873860Z Setting IFCPATH
2026-10-08T20:38:24.0875042Z Setting INCLUDE
2026-10-08T20:38:24.0877168Z Setting is_x64_arch
2026-10-08T20:38:24.0878361Z Setting LIB
2026-10-08T20:38:24.0879546Z Setting LIBPATH
2026-10-08T20:38:24.0880990Z Setting NETFXSDKDir
2026-10-08T20:38:24.0882396Z Setting Path
2026-10-08T20:38:24.0884245Z Setting Platform
2026-10-08T20:38:24.0885605Z Setting UCRTVersion
2026-10-08T20:38:24.0887375Z Setting UniversalCRTSdkDir
2026-10-08T20:38:24.0887886Z Setting VCIDEInstallDir
2026-10-08T20:38:24.0889036Z Setting VCINSTALLDIR
2026-10-08T20:38:24.0890063Z Setting VCPKG_ROOT
2026-10-08T20:38:24.0891025Z Setting VCToolsInstallDir
2026-10-08T20:38:24.0891959Z Setting VCToolsRedistDir
2026-10-08T20:38:24.0892928Z Setting VCToolsVersion
2026-10-08T20:38:24.0893884Z Setting VisualStudioVersion
2026-10-08T20:38:24.0894895Z Setting VS170COMNTOOLS
2026-10-08T20:38:24.0895858Z Setting VSCMD_ARG_app_plat
2026-10-08T20:38:24.0896770Z Setting VSCMD_ARG_HOST_ARCH
2026-10-08T20:38:24.0897759Z Setting VSCMD_ARG_TGT_ARCH
2026-10-08T20:38:24.0898670Z Setting VSCMD_VER
2026-10-08T20:38:24.0899848Z Setting VSINSTALLDIR
2026-10-08T20:38:24.0900852Z Setting VSSDK150INSTALL
2026-10-08T20:38:24.0901823Z Setting VSSDKINSTALL
2026-10-08T20:38:24.0902823Z Setting WindowsLibPath
2026-10-08T20:38:24.0904016Z Setting WindowsSdkBinPath
2026-10-08T20:38:24.0905083Z Setting WindowsSdkDir
2026-10-08T20:38:24.0906081Z Setting WindowsSDKLibVersion
2026-10-08T20:38:24.0906993Z Setting WindowsSdkVerBinPath
2026-10-08T20:38:24.0908254Z Setting WindowsSDKVersion
2026-10-08T20:38:24.0909260Z Setting WindowsSDK_ExecutablePath_x64
2026-10-08T20:38:24.0910218Z Setting WindowsSDK_ExecutablePath_x86
2026-10-08T20:38:24.0911184Z Setting __DOTNET_ADD_64BIT
2026-10-08T20:38:24.0912241Z Setting __DOTNET_PREFERRED_BITNESS
2026-10-08T20:38:24.0913197Z Setting __VSCMD_PREINIT_PATH
2026-10-08T20:38:24.0915091Z ##[endgroup]
2026-10-08T20:38:24.0915309Z Configured Developer Command Prompt
2026-10-08T20:38:24.1110783Z ##[group]Run python tools/check_cpp_warning_boundary.py
2026-10-08T20:38:24.1111096Z [36;1mpython tools/check_cpp_warning_boundary.py[0m
2026-10-08T20:38:24.1205046Z shell: C:\Program Files\PowerShell\7\pwsh.EXE -command ". '{0}'"
2026-10-08T20:38:24.1205261Z env:
2026-10-08T20:38:24.1205390Z   CommandPromptType: Native
2026-10-08T20:38:24.1205615Z   DevEnvDir: C:\Program Files\Microsoft Visual Studio\2022\Enterprise\Common7\IDE\
2026-10-08T20:38:24.1205951Z   ExtensionSdkDir: C:\Program Files (x86)\Microsoft SDKs\Windows Kits\10\ExtensionSDKs
2026-10-08T20:38:24.1207315Z   EXTERNAL_INCLUDE: C:\Program Files\Microsoft Visual Studio\2022\Enterprise\VC\Tools\MSVC\14.44.35207\include;C:\Program Files\Microsoft Visual Studio\2022\Enterprise\VC\Tools\MSVC\14.44.35207\ATLMFC\include;C:\Program Files\Microsoft Visual Studio\2022\Enterprise\VC\Auxiliary\VS\include;C:\Program Files (x86)\Windows Kits\10\include\10.0.26100.0\ucrt;C:\Program Files (x86)\Windows Kits\10\\include\10.0.26100.0\\um;C:\Program Files (x86)\Windows Kits\10\\include\10.0.26100.0\\shared;C:\Program Files (x86)\Windows Kits\10\\include\10.0.26100.0\\winrt;C:\Program Files (x86)\Windows Kits\10\\include\10.0.26100.0\\cppwinrt;C:\Program Files (x86)\Windows Kits\NETFXSDK\4.8\include\um
2026-10-08T20:38:24.1208579Z   Framework40Version: v4.0
2026-10-08T20:38:24.1208746Z   FrameworkDir: C:\Windows\Microsoft.NET\Framework64\
2026-10-08T20:38:24.1208949Z   FrameworkDir64: C:\Windows\Microsoft.NET\Framework64\
2026-10-08T20:38:24.1209279Z   FrameworkVersion: v4.0.30319
2026-10-08T20:38:24.1209431Z   FrameworkVersion64: v4.0.30319
2026-10-08T20:38:24.1209735Z   FSHARPINSTALLDIR: C:\Program Files\Microsoft Visual Studio\2022\Enterprise\Common7\IDE\CommonExtensions\Microsoft\FSharp\Tools
2026-10-08T20:38:24.1210074Z   HTMLHelpDir: C:\Program Files (x86)\HTML Help Workshop
2026-10-08T20:38:24.1210352Z   IFCPATH: C:\Program Files\Microsoft Visual Studio\2022\Enterprise\VC\Tools\MSVC\14.44.35207\ifc\x64
2026-10-08T20:38:24.1211657Z   INCLUDE: C:\Program Files\Microsoft Visual Studio\2022\Enterprise\VC\Tools\MSVC\14.44.35207\include;C:\Program Files\Microsoft Visual Studio\2022\Enterprise\VC\Tools\MSVC\14.44.35207\ATLMFC\include;C:\Program Files\Microsoft Visual Studio\2022\Enterprise\VC\Auxiliary\VS\include;C:\Program Files (x86)\Windows Kits\10\include\10.0.26100.0\ucrt;C:\Program Files (x86)\Windows Kits\10\\include\10.0.26100.0\\um;C:\Program Files (x86)\Windows Kits\10\\include\10.0.26100.0\\shared;C:\Program Files (x86)\Windows Kits\10\\include\10.0.26100.0\\winrt;C:\Program Files (x86)\Windows Kits\10\\include\10.0.26100.0\\cppwinrt;C:\Program Files (x86)\Windows Kits\NETFXSDK\4.8\include\um
2026-10-08T20:38:24.1212868Z   is_x64_arch: true
2026-10-08T20:38:24.1213544Z   LIB: C:\Program Files\Microsoft Visual Studio\2022\Enterprise\VC\Tools\MSVC\14.44.35207\ATLMFC\lib\x64;C:\Program Files\Microsoft Visual Studio\2022\Enterprise\VC\Tools\MSVC\14.44.35207\lib\x64;C:\Program Files (x86)\Windows Kits\NETFXSDK\4.8\lib\um\x64;C:\Program Files (x86)\Windows Kits\10\lib\10.0.26100.0\ucrt\x64;C:\Program Files (x86)\Windows Kits\10\\lib\10.0.26100.0\\um\x64
2026-10-08T20:38:24.1214993Z   LIBPATH: C:\Program Files\Microsoft Visual Studio\2022\Enterprise\VC\Tools\MSVC\14.44.35207\ATLMFC\lib\x64;C:\Program Files\Microsoft Visual Studio\2022\Enterprise\VC\Tools\MSVC\14.44.35207\lib\x64;C:\Program Files\Microsoft Visual Studio\2022\Enterprise\VC\Tools\MSVC\14.44.35207\lib\x86\store\references;C:\Program Files (x86)\Windows Kits\10\UnionMetadata\10.0.26100.0;C:\Program Files (x86)\Windows Kits\10\References\10.0.26100.0;C:\Windows\Microsoft.NET\Framework64\v4.0.30319
2026-10-08T20:38:24.1215925Z   NETFXSDKDir: C:\Program Files (x86)\Windows Kits\NETFXSDK\4.8\
2026-10-08T20:38:24.1225593Z   Path: C:\Program Files\Microsoft Visual Studio\2022\Enterprise\VC\Tools\MSVC\14.44.35207\bin\HostX64\x64;C:\Program Files\Microsoft Visual Studio\2022\Enterprise\Common7\IDE\VC\VCPackages;C:\Program Files\Microsoft Visual Studio\2022\Enterprise\Common7\IDE\CommonExtensions\Microsoft\TestWindow;C:\Program Files\Microsoft Visual Studio\2022\Enterprise\Common7\IDE\CommonExtensions\Microsoft\TeamFoundation\Team Explorer;C:\Program Files\Microsoft Visual Studio\2022\Enterprise\MSBuild\Current\bin\Roslyn;C:\Program Files (x86)\Microsoft SDKs\Windows\v10.0A\bin\NETFX 4.8 Tools\x64\;C:\Program Files (x86)\HTML Help Workshop;C:\Program Files\Microsoft Visual Studio\2022\Enterprise\Common7\IDE\CommonExtensions\Microsoft\FSharp\Tools;C:\Program Files\Microsoft Visual Studio\2022\Enterprise\Team Tools\DiagnosticsHub\Collector;C:\Program Files\Microsoft Visual Studio\2022\Enterprise\Common7\IDE\Extensions\Microsoft\CodeCoverage.Console;C:\Program Files\Microsoft Visual Studio\2022\Enterprise\VC\Tools\Llvm\x64\bin;C:\Program Files (x86)\Windows Kits\10\bin\10.0.26100.0\\x64;C:\Program Files (x86)\Windows Kits\10\bin\\x64;C:\Program Files\Microsoft Visual Studio\2022\Enterprise\\MSBuild\Current\Bin\amd64;C:\Windows\Microsoft.NET\Framework64\v4.0.30319;C:\Program Files\Microsoft Visual Studio\2022\Enterprise\Common7\IDE\;C:\Program Files\Microsoft Visual Studio\2022\Enterprise\Common7\Tools\;C:\Program Files\MongoDB\Server\7.0\bin;C:\aliyun-cli;C:\vcpkg;C:\Program Files (x86)\NSIS\;C:\tools\zstd;C:\Program Files\Mercurial\;C:\hostedtoolcache\windows\stack\3.11.1\x64;C:\cabal\bin;C:\\ghcup\bin;C:\mingw64\bin;C:\Program Files\dotnet;C:\Program Files\MySQL\MySQL Server 8.0\bin;C:\Program Files\R\R-4.6.1\bin\x64;C:\SeleniumWebDrivers\GeckoDriver;C:\SeleniumWebDrivers\EdgeDriver\;C:\SeleniumWebDrivers\ChromeDriver;C:\Program Files (x86)\sbt\bin;C:\Program Files (x86)\GitHub CLI;C:\Program Files\Git\bin;C:\Program Files (x86)\pipx_bin;C:\npm\prefix;C:\hostedtoolcache\windows\go\1.24.13\x64\bin;C:\hostedtoolcache\windows\Python\3.12.10\x64\Scripts;C:\hostedtoolcache\windows\Python\3.12.10\x64;C:\hostedtoolcache\windows\Ruby\3.3.12\x64\bin;C:\Program Files\OpenSSL\bin;C:\tools\kotlinc\bin;C:\hostedtoolcache\windows\Java_Temurin-Hotspot_jdk\8.0.504-1\x64\bin;C:\Program Files\ImageMagick-7.1.2-Q16-HDRI;C:\Program Files\Microsoft SDKs\Azure\CLI2\wbin;C:\ProgramData\kind;C:\ProgramData\Chocolatey\bin;C:\Windows\system32;C:\Windows;C:\Windows\System32\Wbem;C:\Windows\System32\WindowsPowerShell\v1.0\;C:\Windows\System32\OpenSSH\;C:\Program Files\dotnet\;C:\Program Files\PowerShell\7\;C:\Program Files\Microsoft\Web Platform Installer\;C:\Program Files\TortoiseSVN\bin;C:\Program Files\Microsoft SQL Server\Client SDK\ODBC\170\Tools\Binn\;C:\Program Files\Microsoft SQL Server\150\Tools\Binn\;C:\Program Files (x86)\Windows Kits\10\Windows Performance Toolkit\;C:\Program Files (x86)\WiX Toolset v3.14\bin;C:\Program Files\Microsoft SQL Server\130\DTS\Binn\;C:\Program Files\Microsoft SQL Server\140\DTS\Binn\;C:\Program Files\Microsoft SQL Server\150\DTS\Binn\;C:\Program Files\Microsoft SQL Server\160\DTS\Binn\;C:\Program Files\Microsoft SQL Server\170\DTS\Binn\;C:\Strawberry\c\bin;C:\Strawberry\perl\site\bin;C:\Strawberry\perl\bin;C:\ProgramData\chocolatey\lib\pulumi\tools\Pulumi\bin;C:\Program Files\CMake\bin;C:\ProgramData\chocolatey\lib\maven\apache-maven-3.9.16\bin;C:\Program Files\Microsoft Service Fabric\bin\Fabric\Fabric.Code;C:\Program Files\Microsoft SDKs\Service Fabric\Tools\ServiceFabricLocalClusterManager;C:\Program Files\nodejs\;C:\Program Files\Git\cmd;C:\Program Files\Git\ucrt64\bin;C:\Program Files\Git\usr\bin;C:\Program Files\GitHub CLI\;c:\tools\php;C:\Program Files\Amazon\AWSCLIV2\;C:\Program Files\Amazon\SessionManagerPlugin\bin\;C:\Program Files\Amazon\AWSSAMCLI\bin\;C:\Program Files\Microsoft SQL Server\130\Tools\Binn\;C:\Program Files\mongosh\;C:\Program Files\LLVM\bin;C:\Program Files (x86)\LLVM\bin;C:\Users\runneradmin\.dotnet\tools;C:\Users\runneradmin\.cargo\bin;C:\Users\runneradmin\AppData\Local\Microsoft\WindowsApps;C:\Program Files (x86)\Microsoft Visual Studio\Installer;C:\Program Files\Microsoft Visual Studio\2022\Enterprise\Common7\IDE\CommonExtensions\Microsoft\CMake\CMake\bin;C:\Program Files\Microsoft Visual Studio\2022\Enterprise\Common7\IDE\CommonExtensions\Microsoft\CMake\Ninja;C:\Program Files\Microsoft Visual Studio\2022\Enterprise\Common7\IDE\VC\Linux\bin\ConnectionManagerExe;C:\Program Files\Microsoft Visual Studio\2022\Enterprise\VC\vcpkg
2026-10-08T20:38:24.1233920Z   Platform: x64
2026-10-08T20:38:24.1234038Z   UCRTVersion: 10.0.26100.0
2026-10-08T20:38:24.1234215Z   UniversalCRTSdkDir: C:\Program Files (x86)\Windows Kits\10\
2026-10-08T20:38:24.1234494Z   VCIDEInstallDir: C:\Program Files\Microsoft Visual Studio\2022\Enterprise\Common7\IDE\VC\
2026-10-08T20:38:24.1234796Z   VCINSTALLDIR: C:\Program Files\Microsoft Visual Studio\2022\Enterprise\VC\
2026-10-08T20:38:24.1235068Z   VCPKG_ROOT: C:\Program Files\Microsoft Visual Studio\2022\Enterprise\VC\vcpkg
2026-10-08T20:38:24.1235393Z   VCToolsInstallDir: C:\Program Files\Microsoft Visual Studio\2022\Enterprise\VC\Tools\MSVC\14.44.35207\
2026-10-08T20:38:24.1235760Z   VCToolsRedistDir: C:\Program Files\Microsoft Visual Studio\2022\Enterprise\VC\Redist\MSVC\14.44.35112\
2026-10-08T20:38:24.1236023Z   VCToolsVersion: 14.44.35207
2026-10-08T20:38:24.1236159Z   VisualStudioVersion: 17.0
2026-10-08T20:38:24.1236375Z   VS170COMNTOOLS: C:\Program Files\Microsoft Visual Studio\2022\Enterprise\Common7\Tools\
2026-10-08T20:38:24.1236611Z   VSCMD_ARG_app_plat: Desktop
2026-10-08T20:38:24.1236743Z   VSCMD_ARG_HOST_ARCH: x64
2026-10-08T20:38:24.1236869Z   VSCMD_ARG_TGT_ARCH: x64
2026-10-08T20:38:24.1236988Z   VSCMD_VER: 17.14.41
2026-10-08T20:38:24.1237163Z   VSINSTALLDIR: C:\Program Files\Microsoft Visual Studio\2022\Enterprise\
2026-10-08T20:38:24.1237798Z   VSSDK150INSTALL: C:\Program Files\Microsoft Visual Studio\2022\Enterprise\VSSDK
2026-10-08T20:38:24.1238079Z   VSSDKINSTALL: C:\Program Files\Microsoft Visual Studio\2022\Enterprise\VSSDK
2026-10-08T20:38:24.1238465Z   WindowsLibPath: C:\Program Files (x86)\Windows Kits\10\UnionMetadata\10.0.26100.0;C:\Program Files (x86)\Windows Kits\10\References\10.0.26100.0
2026-10-08T20:38:24.1238831Z   WindowsSdkBinPath: C:\Program Files (x86)\Windows Kits\10\bin\
2026-10-08T20:38:24.1239048Z   WindowsSdkDir: C:\Program Files (x86)\Windows Kits\10\
2026-10-08T20:38:24.1239231Z   WindowsSDKLibVersion: 10.0.26100.0\
2026-10-08T20:38:24.1239442Z   WindowsSdkVerBinPath: C:\Program Files (x86)\Windows Kits\10\bin\10.0.26100.0\
2026-10-08T20:38:24.1239667Z   WindowsSDKVersion: 10.0.26100.0\
2026-10-08T20:38:24.1239922Z   WindowsSDK_ExecutablePath_x64: C:\Program Files (x86)\Microsoft SDKs\Windows\v10.0A\bin\NETFX 4.8 Tools\x64\
2026-10-08T20:38:24.1240316Z   WindowsSDK_ExecutablePath_x86: C:\Program Files (x86)\Microsoft SDKs\Windows\v10.0A\bin\NETFX 4.8 Tools\
2026-10-08T20:38:24.1240574Z   __DOTNET_ADD_64BIT: 1
2026-10-08T20:38:24.1240699Z   __DOTNET_PREFERRED_BITNESS: 64
2026-10-08T20:38:24.1245661Z   __VSCMD_PREINIT_PATH: C:\Program Files\MongoDB\Server\7.0\bin;C:\aliyun-cli;C:\vcpkg;C:\Program Files (x86)\NSIS\;C:\tools\zstd;C:\Program Files\Mercurial\;C:\hostedtoolcache\windows\stack\3.11.1\x64;C:\cabal\bin;C:\\ghcup\bin;C:\mingw64\bin;C:\Program Files\dotnet;C:\Program Files\MySQL\MySQL Server 8.0\bin;C:\Program Files\R\R-4.6.1\bin\x64;C:\SeleniumWebDrivers\GeckoDriver;C:\SeleniumWebDrivers\EdgeDriver\;C:\SeleniumWebDrivers\ChromeDriver;C:\Program Files (x86)\sbt\bin;C:\Program Files (x86)\GitHub CLI;C:\Program Files\Git\bin;C:\Program Files (x86)\pipx_bin;C:\npm\prefix;C:\hostedtoolcache\windows\go\1.24.13\x64\bin;C:\hostedtoolcache\windows\Python\3.12.10\x64\Scripts;C:\hostedtoolcache\windows\Python\3.12.10\x64;C:\hostedtoolcache\windows\Ruby\3.3.12\x64\bin;C:\Program Files\OpenSSL\bin;C:\tools\kotlinc\bin;C:\hostedtoolcache\windows\Java_Temurin-Hotspot_jdk\8.0.504-1\x64\bin;C:\Program Files\ImageMagick-7.1.2-Q16-HDRI;C:\Program Files\Microsoft SDKs\Azure\CLI2\wbin;C:\ProgramData\kind;C:\ProgramData\Chocolatey\bin;C:\Windows\system32;C:\Windows;C:\Windows\System32\Wbem;C:\Windows\System32\WindowsPowerShell\v1.0\;C:\Windows\System32\OpenSSH\;C:\Program Files\dotnet\;C:\Program Files\PowerShell\7\;C:\Program Files\Microsoft\Web Platform Installer\;C:\Program Files\TortoiseSVN\bin;C:\Program Files\Microsoft SQL Server\Client SDK\ODBC\170\Tools\Binn\;C:\Program Files\Microsoft SQL Server\150\Tools\Binn\;C:\Program Files (x86)\Windows Kits\10\Windows Performance Toolkit\;C:\Program Files (x86)\WiX Toolset v3.14\bin;C:\Program Files\Microsoft SQL Server\130\DTS\Binn\;C:\Program Files\Microsoft SQL Server\140\DTS\Binn\;C:\Program Files\Microsoft SQL Server\150\DTS\Binn\;C:\Program Files\Microsoft SQL Server\160\DTS\Binn\;C:\Program Files\Microsoft SQL Server\170\DTS\Binn\;C:\Strawberry\c\bin;C:\Strawberry\perl\site\bin;C:\Strawberry\perl\bin;C:\ProgramData\chocolatey\lib\pulumi\tools\Pulumi\bin;C:\Program Files\CMake\bin;C:\ProgramData\chocolatey\lib\maven\apache-maven-3.9.16\bin;C:\Program Files\Microsoft Service Fabric\bin\Fabric\Fabric.Code;C:\Program Files\Microsoft SDKs\Service Fabric\Tools\ServiceFabricLocalClusterManager;C:\Program Files\nodejs\;C:\Program Files\Git\cmd;C:\Program Files\Git\ucrt64\bin;C:\Program Files\Git\usr\bin;C:\Program Files\GitHub CLI\;c:\tools\php;C:\Program Files (x86)\sbt\bin;C:\Program Files\Amazon\AWSCLIV2\;C:\Program Files\Amazon\SessionManagerPlugin\bin\;C:\Program Files\Amazon\AWSSAMCLI\bin\;C:\Program Files\Microsoft SQL Server\130\Tools\Binn\;C:\Program Files\mongosh\;C:\Program Files\LLVM\bin;C:\Program Files (x86)\LLVM\bin;C:\Users\runneradmin\.dotnet\tools;C:\Users\runneradmin\.cargo\bin;C:\Users\runneradmin\AppData\Local\Microsoft\WindowsApps;C:\Program Files (x86)\Microsoft Visual Studio\Installer
2026-10-08T20:38:24.1250746Z ##[endgroup]
2026-10-08T20:38:33.5928019Z configure 0
2026-10-08T20:38:33.5928256Z control 0
2026-10-08T20:38:33.5928421Z generated_header 0
2026-10-08T20:38:33.5928619Z env_helper 0
2026-10-08T20:38:33.5928792Z owned_conversion 2
2026-10-08T20:38:33.5928963Z {
2026-10-08T20:38:33.5929114Z   "accepted": true,
2026-10-08T20:38:33.5929287Z   "checks": [
2026-10-08T20:38:33.5929438Z     {
2026-10-08T20:38:33.5929594Z       "name": "configure",
2026-10-08T20:38:33.5929789Z       "exit": 0,
2026-10-08T20:38:33.5930149Z       "log_sha256": "caf970c5097e3e9457d5ea9cc7b3f65ac0dbf2715983963c66b8dfdaa73d5edc"
2026-10-08T20:38:33.5930553Z     },
2026-10-08T20:38:33.5930695Z     {
2026-10-08T20:38:33.5930844Z       "name": "control",
2026-10-08T20:38:33.5931026Z       "exit": 0,
2026-10-08T20:38:33.5931320Z       "log_sha256": "bc6ca21f48df1f560a1da6626d81dfa199eb547a03f3dc971b405a4a64480f21"
2026-10-08T20:38:33.5931672Z     },
2026-10-08T20:38:33.5931807Z     {
2026-10-08T20:38:33.5931969Z       "name": "generated_header",
2026-10-08T20:38:33.5932150Z       "exit": 0,
2026-10-08T20:38:33.5932418Z       "log_sha256": "c8ddc251839c140e950cb730b26f0c87c556a2ad91b1bc4bc2e8fdb6b5b15aa2"
2026-10-08T20:38:33.5932732Z     },
2026-10-08T20:38:33.5932860Z     {
2026-10-08T20:38:33.5932999Z       "name": "env_helper",
2026-10-08T20:38:33.5933170Z       "exit": 0,
2026-10-08T20:38:33.5933441Z       "log_sha256": "8d41e1f5b45d82e7c845874ae3e736ebe9924cba7e1af30e830d111ca50b8f3e"
2026-10-08T20:38:33.5933756Z     },
2026-10-08T20:38:33.5933881Z     {
2026-10-08T20:38:33.5934153Z       "name": "owned_conversion",
2026-10-08T20:38:33.5934340Z       "exit": 2,
2026-10-08T20:38:33.5934596Z       "log_sha256": "52d57d264c253f9a31306b520f3213a97ae294bdf67123e704a5b190c9027006"
2026-10-08T20:38:33.5934921Z     }
2026-10-08T20:38:33.5935045Z   ],
2026-10-08T20:38:33.5935195Z   "deprecated_env_access": [],
2026-10-08T20:38:33.5935557Z   "scope": "Owned MSVC portability plus generated-header warning boundary; owned C4267 remains fatal"
2026-10-08T20:38:33.5935930Z }
2026-10-08T20:38:33.7013809Z ##[group]Run lukka/run-vcpkg@v11
2026-10-08T20:38:33.7013992Z with:
2026-10-08T20:38:33.7014128Z   vcpkgDirectory: D:\a\CaptureSuite\CaptureSuite/vcpkg
2026-10-08T20:38:33.7014335Z   vcpkgGitCommitId: 4334d8b4c8916018600212ab4dd4bbdc343065d1
2026-10-08T20:38:33.7014512Z   runVcpkgInstall: false
2026-10-08T20:38:33.7014664Z   vcpkgGitURL: https://github.com/microsoft/vcpkg.git
2026-10-08T20:38:33.7014834Z   doNotUpdateVcpkg: false
2026-10-08T20:38:33.7014952Z   doNotCache: true
2026-10-08T20:38:33.7015070Z   vcpkgJsonGlob: **/vcpkg.json
2026-10-08T20:38:33.7015204Z   vcpkgJsonIgnores: ['**/vcpkg/**']
2026-10-08T20:38:33.7015373Z   vcpkgConfigurationJsonGlob: **/vcpkg-configuration.json
2026-10-08T20:38:33.7015760Z   runVcpkgFormatString: [`install`, `--recurse`, `--clean-after-build`, `--x-install-root`, `$[env.VCPKG_INSTALLED_DIR]`, `--triplet`, `$[env.VCPKG_DEFAULT_TRIPLET]`]
2026-10-08T20:38:33.7016121Z   useShell: true
2026-10-08T20:38:33.7016407Z   logCollectionRegExps: \s*"(.+CMakeOutput\.log)"\.\s*;\s*"(.+CMakeError\.log)"\.\s*;\s*(.+out\.log)\s*;\s+(.+err\.log)\s*;\s*(.+vcpkg.+\.log)\s*
2026-10-08T20:38:33.7016689Z env:
2026-10-08T20:38:33.7016793Z   CommandPromptType: Native
2026-10-08T20:38:33.7016993Z   DevEnvDir: C:\Program Files\Microsoft Visual Studio\2022\Enterprise\Common7\IDE\
2026-10-08T20:38:33.7017276Z   ExtensionSdkDir: C:\Program Files (x86)\Microsoft SDKs\Windows Kits\10\ExtensionSDKs
2026-10-08T20:38:33.7018554Z   EXTERNAL_INCLUDE: C:\Program Files\Microsoft Visual Studio\2022\Enterprise\VC\Tools\MSVC\14.44.35207\include;C:\Program Files\Microsoft Visual Studio\2022\Enterprise\VC\Tools\MSVC\14.44.35207\ATLMFC\include;C:\Program Files\Microsoft Visual Studio\2022\Enterprise\VC\Auxiliary\VS\include;C:\Program Files (x86)\Windows Kits\10\include\10.0.26100.0\ucrt;C:\Program Files (x86)\Windows Kits\10\\include\10.0.26100.0\\um;C:\Program Files (x86)\Windows Kits\10\\include\10.0.26100.0\\shared;C:\Program Files (x86)\Windows Kits\10\\include\10.0.26100.0\\winrt;C:\Program Files (x86)\Windows Kits\10\\include\10.0.26100.0\\cppwinrt;C:\Program Files (x86)\Windows Kits\NETFXSDK\4.8\include\um
2026-10-08T20:38:33.7019907Z   Framework40Version: v4.0
2026-10-08T20:38:33.7020051Z   FrameworkDir: C:\Windows\Microsoft.NET\Framework64\
2026-10-08T20:38:33.7020244Z   FrameworkDir64: C:\Windows\Microsoft.NET\Framework64\
2026-10-08T20:38:33.7020407Z   FrameworkVersion: v4.0.30319
2026-10-08T20:38:33.7020537Z   FrameworkVersion64: v4.0.30319
2026-10-08T20:38:33.7020824Z   FSHARPINSTALLDIR: C:\Program Files\Microsoft Visual Studio\2022\Enterprise\Common7\IDE\CommonExtensions\Microsoft\FSharp\Tools
2026-10-08T20:38:33.7021148Z   HTMLHelpDir: C:\Program Files (x86)\HTML Help Workshop
2026-10-08T20:38:33.7021410Z   IFCPATH: C:\Program Files\Microsoft Visual Studio\2022\Enterprise\VC\Tools\MSVC\14.44.35207\ifc\x64
2026-10-08T20:38:33.7022670Z   INCLUDE: C:\Program Files\Microsoft Visual Studio\2022\Enterprise\VC\Tools\MSVC\14.44.35207\include;C:\Program Files\Microsoft Visual Studio\2022\Enterprise\VC\Tools\MSVC\14.44.35207\ATLMFC\include;C:\Program Files\Microsoft Visual Studio\2022\Enterprise\VC\Auxiliary\VS\include;C:\Program Files (x86)\Windows Kits\10\include\10.0.26100.0\ucrt;C:\Program Files (x86)\Windows Kits\10\\include\10.0.26100.0\\um;C:\Program Files (x86)\Windows Kits\10\\include\10.0.26100.0\\shared;C:\Program Files (x86)\Windows Kits\10\\include\10.0.26100.0\\winrt;C:\Program Files (x86)\Windows Kits\10\\include\10.0.26100.0\\cppwinrt;C:\Program Files (x86)\Windows Kits\NETFXSDK\4.8\include\um
2026-10-08T20:38:33.7023825Z   is_x64_arch: true
2026-10-08T20:38:33.7025428Z   LIB: C:\Program Files\Microsoft Visual Studio\2022\Enterprise\VC\Tools\MSVC\14.44.35207\ATLMFC\lib\x64;C:\Program Files\Microsoft Visual Studio\2022\Enterprise\VC\Tools\MSVC\14.44.35207\lib\x64;C:\Program Files (x86)\Windows Kits\NETFXSDK\4.8\lib\um\x64;C:\Program Files (x86)\Windows Kits\10\lib\10.0.26100.0\ucrt\x64;C:\Program Files (x86)\Windows Kits\10\\lib\10.0.26100.0\\um\x64
2026-10-08T20:38:33.7026863Z   LIBPATH: C:\Program Files\Microsoft Visual Studio\2022\Enterprise\VC\Tools\MSVC\14.44.35207\ATLMFC\lib\x64;C:\Program Files\Microsoft Visual Studio\2022\Enterprise\VC\Tools\MSVC\14.44.35207\lib\x64;C:\Program Files\Microsoft Visual Studio\2022\Enterprise\VC\Tools\MSVC\14.44.35207\lib\x86\store\references;C:\Program Files (x86)\Windows Kits\10\UnionMetadata\10.0.26100.0;C:\Program Files (x86)\Windows Kits\10\References\10.0.26100.0;C:\Windows\Microsoft.NET\Framework64\v4.0.30319
2026-10-08T20:38:33.7027754Z   NETFXSDKDir: C:\Program Files (x86)\Windows Kits\NETFXSDK\4.8\
2026-10-08T20:38:33.7035981Z   Path: C:\Program Files\Microsoft Visual Studio\2022\Enterprise\VC\Tools\MSVC\14.44.35207\bin\HostX64\x64;C:\Program Files\Microsoft Visual Studio\2022\Enterprise\Common7\IDE\VC\VCPackages;C:\Program Files\Microsoft Visual Studio\2022\Enterprise\Common7\IDE\CommonExtensions\Microsoft\TestWindow;C:\Program Files\Microsoft Visual Studio\2022\Enterprise\Common7\IDE\CommonExtensions\Microsoft\TeamFoundation\Team Explorer;C:\Program Files\Microsoft Visual Studio\2022\Enterprise\MSBuild\Current\bin\Roslyn;C:\Program Files (x86)\Microsoft SDKs\Windows\v10.0A\bin\NETFX 4.8 Tools\x64\;C:\Program Files (x86)\HTML Help Workshop;C:\Program Files\Microsoft Visual Studio\2022\Enterprise\Common7\IDE\CommonExtensions\Microsoft\FSharp\Tools;C:\Program Files\Microsoft Visual Studio\2022\Enterprise\Team Tools\DiagnosticsHub\Collector;C:\Program Files\Microsoft Visual Studio\2022\Enterprise\Common7\IDE\Extensions\Microsoft\CodeCoverage.Console;C:\Program Files\Microsoft Visual Studio\2022\Enterprise\VC\Tools\Llvm\x64\bin;C:\Program Files (x86)\Windows Kits\10\bin\10.0.26100.0\\x64;C:\Program Files (x86)\Windows Kits\10\bin\\x64;C:\Program Files\Microsoft Visual Studio\2022\Enterprise\\MSBuild\Current\Bin\amd64;C:\Windows\Microsoft.NET\Framework64\v4.0.30319;C:\Program Files\Microsoft Visual Studio\2022\Enterprise\Common7\IDE\;C:\Program Files\Microsoft Visual Studio\2022\Enterprise\Common7\Tools\;C:\Program Files\MongoDB\Server\7.0\bin;C:\aliyun-cli;C:\vcpkg;C:\Program Files (x86)\NSIS\;C:\tools\zstd;C:\Program Files\Mercurial\;C:\hostedtoolcache\windows\stack\3.11.1\x64;C:\cabal\bin;C:\\ghcup\bin;C:\mingw64\bin;C:\Program Files\dotnet;C:\Program Files\MySQL\MySQL Server 8.0\bin;C:\Program Files\R\R-4.6.1\bin\x64;C:\SeleniumWebDrivers\GeckoDriver;C:\SeleniumWebDrivers\EdgeDriver\;C:\SeleniumWebDrivers\ChromeDriver;C:\Program Files (x86)\sbt\bin;C:\Program Files (x86)\GitHub CLI;C:\Program Files\Git\bin;C:\Program Files (x86)\pipx_bin;C:\npm\prefix;C:\hostedtoolcache\windows\go\1.24.13\x64\bin;C:\hostedtoolcache\windows\Python\3.12.10\x64\Scripts;C:\hostedtoolcache\windows\Python\3.12.10\x64;C:\hostedtoolcache\windows\Ruby\3.3.12\x64\bin;C:\Program Files\OpenSSL\bin;C:\tools\kotlinc\bin;C:\hostedtoolcache\windows\Java_Temurin-Hotspot_jdk\8.0.504-1\x64\bin;C:\Program Files\ImageMagick-7.1.2-Q16-HDRI;C:\Program Files\Microsoft SDKs\Azure\CLI2\wbin;C:\ProgramData\kind;C:\ProgramData\Chocolatey\bin;C:\Windows\system32;C:\Windows;C:\Windows\System32\Wbem;C:\Windows\System32\WindowsPowerShell\v1.0\;C:\Windows\System32\OpenSSH\;C:\Program Files\dotnet\;C:\Program Files\PowerShell\7\;C:\Program Files\Microsoft\Web Platform Installer\;C:\Program Files\TortoiseSVN\bin;C:\Program Files\Microsoft SQL Server\Client SDK\ODBC\170\Tools\Binn\;C:\Program Files\Microsoft SQL Server\150\Tools\Binn\;C:\Program Files (x86)\Windows Kits\10\Windows Performance Toolkit\;C:\Program Files (x86)\WiX Toolset v3.14\bin;C:\Program Files\Microsoft SQL Server\130\DTS\Binn\;C:\Program Files\Microsoft SQL Server\140\DTS\Binn\;C:\Program Files\Microsoft SQL Server\150\DTS\Binn\;C:\Program Files\Microsoft SQL Server\160\DTS\Binn\;C:\Program Files\Microsoft SQL Server\170\DTS\Binn\;C:\Strawberry\c\bin;C:\Strawberry\perl\site\bin;C:\Strawberry\perl\bin;C:\ProgramData\chocolatey\lib\pulumi\tools\Pulumi\bin;C:\Program Files\CMake\bin;C:\ProgramData\chocolatey\lib\maven\apache-maven-3.9.16\bin;C:\Program Files\Microsoft Service Fabric\bin\Fabric\Fabric.Code;C:\Program Files\Microsoft SDKs\Service Fabric\Tools\ServiceFabricLocalClusterManager;C:\Program Files\nodejs\;C:\Program Files\Git\cmd;C:\Program Files\Git\ucrt64\bin;C:\Program Files\Git\usr\bin;C:\Program Files\GitHub CLI\;c:\tools\php;C:\Program Files\Amazon\AWSCLIV2\;C:\Program Files\Amazon\SessionManagerPlugin\bin\;C:\Program Files\Amazon\AWSSAMCLI\bin\;C:\Program Files\Microsoft SQL Server\130\Tools\Binn\;C:\Program Files\mongosh\;C:\Program Files\LLVM\bin;C:\Program Files (x86)\LLVM\bin;C:\Users\runneradmin\.dotnet\tools;C:\Users\runneradmin\.cargo\bin;C:\Users\runneradmin\AppData\Local\Microsoft\WindowsApps;C:\Program Files (x86)\Microsoft Visual Studio\Installer;C:\Program Files\Microsoft Visual Studio\2022\Enterprise\Common7\IDE\CommonExtensions\Microsoft\CMake\CMake\bin;C:\Program Files\Microsoft Visual Studio\2022\Enterprise\Common7\IDE\CommonExtensions\Microsoft\CMake\Ninja;C:\Program Files\Microsoft Visual Studio\2022\Enterprise\Common7\IDE\VC\Linux\bin\ConnectionManagerExe;C:\Program Files\Microsoft Visual Studio\2022\Enterprise\VC\vcpkg
2026-10-08T20:38:33.7043934Z   Platform: x64
2026-10-08T20:38:33.7044045Z   UCRTVersion: 10.0.26100.0
2026-10-08T20:38:33.7044207Z   UniversalCRTSdkDir: C:\Program Files (x86)\Windows Kits\10\
2026-10-08T20:38:33.7044469Z   VCIDEInstallDir: C:\Program Files\Microsoft Visual Studio\2022\Enterprise\Common7\IDE\VC\
2026-10-08T20:38:33.7044757Z   VCINSTALLDIR: C:\Program Files\Microsoft Visual Studio\2022\Enterprise\VC\
2026-10-08T20:38:33.7045019Z   VCPKG_ROOT: C:\Program Files\Microsoft Visual Studio\2022\Enterprise\VC\vcpkg
2026-10-08T20:38:33.7045327Z   VCToolsInstallDir: C:\Program Files\Microsoft Visual Studio\2022\Enterprise\VC\Tools\MSVC\14.44.35207\
2026-10-08T20:38:33.7045680Z   VCToolsRedistDir: C:\Program Files\Microsoft Visual Studio\2022\Enterprise\VC\Redist\MSVC\14.44.35112\
2026-10-08T20:38:33.7045930Z   VCToolsVersion: 14.44.35207
2026-10-08T20:38:33.7046061Z   VisualStudioVersion: 17.0
2026-10-08T20:38:33.7046592Z   VS170COMNTOOLS: C:\Program Files\Microsoft Visual Studio\2022\Enterprise\Common7\Tools\
2026-10-08T20:38:33.7046820Z   VSCMD_ARG_app_plat: Desktop
2026-10-08T20:38:33.7046946Z   VSCMD_ARG_HOST_ARCH: x64
2026-10-08T20:38:33.7047062Z   VSCMD_ARG_TGT_ARCH: x64
2026-10-08T20:38:33.7047174Z   VSCMD_VER: 17.14.41
2026-10-08T20:38:33.7047339Z   VSINSTALLDIR: C:\Program Files\Microsoft Visual Studio\2022\Enterprise\
2026-10-08T20:38:33.7047605Z   VSSDK150INSTALL: C:\Program Files\Microsoft Visual Studio\2022\Enterprise\VSSDK
2026-10-08T20:38:33.7047874Z   VSSDKINSTALL: C:\Program Files\Microsoft Visual Studio\2022\Enterprise\VSSDK
2026-10-08T20:38:33.7048243Z   WindowsLibPath: C:\Program Files (x86)\Windows Kits\10\UnionMetadata\10.0.26100.0;C:\Program Files (x86)\Windows Kits\10\References\10.0.26100.0
2026-10-08T20:38:33.7048592Z   WindowsSdkBinPath: C:\Program Files (x86)\Windows Kits\10\bin\
2026-10-08T20:38:33.7048800Z   WindowsSdkDir: C:\Program Files (x86)\Windows Kits\10\
2026-10-08T20:38:33.7048978Z   WindowsSDKLibVersion: 10.0.26100.0\
2026-10-08T20:38:33.7049180Z   WindowsSdkVerBinPath: C:\Program Files (x86)\Windows Kits\10\bin\10.0.26100.0\
2026-10-08T20:38:33.7049394Z   WindowsSDKVersion: 10.0.26100.0\
2026-10-08T20:38:33.7049635Z   WindowsSDK_ExecutablePath_x64: C:\Program Files (x86)\Microsoft SDKs\Windows\v10.0A\bin\NETFX 4.8 Tools\x64\
2026-10-08T20:38:33.7049990Z   WindowsSDK_ExecutablePath_x86: C:\Program Files (x86)\Microsoft SDKs\Windows\v10.0A\bin\NETFX 4.8 Tools\
2026-10-08T20:38:33.7050230Z   __DOTNET_ADD_64BIT: 1
2026-10-08T20:38:33.7050351Z   __DOTNET_PREFERRED_BITNESS: 64
2026-10-08T20:38:33.7055185Z   __VSCMD_PREINIT_PATH: C:\Program Files\MongoDB\Server\7.0\bin;C:\aliyun-cli;C:\vcpkg;C:\Program Files (x86)\NSIS\;C:\tools\zstd;C:\Program Files\Mercurial\;C:\hostedtoolcache\windows\stack\3.11.1\x64;C:\cabal\bin;C:\\ghcup\bin;C:\mingw64\bin;C:\Program Files\dotnet;C:\Program Files\MySQL\MySQL Server 8.0\bin;C:\Program Files\R\R-4.6.1\bin\x64;C:\SeleniumWebDrivers\GeckoDriver;C:\SeleniumWebDrivers\EdgeDriver\;C:\SeleniumWebDrivers\ChromeDriver;C:\Program Files (x86)\sbt\bin;C:\Program Files (x86)\GitHub CLI;C:\Program Files\Git\bin;C:\Program Files (x86)\pipx_bin;C:\npm\prefix;C:\hostedtoolcache\windows\go\1.24.13\x64\bin;C:\hostedtoolcache\windows\Python\3.12.10\x64\Scripts;C:\hostedtoolcache\windows\Python\3.12.10\x64;C:\hostedtoolcache\windows\Ruby\3.3.12\x64\bin;C:\Program Files\OpenSSL\bin;C:\tools\kotlinc\bin;C:\hostedtoolcache\windows\Java_Temurin-Hotspot_jdk\8.0.504-1\x64\bin;C:\Program Files\ImageMagick-7.1.2-Q16-HDRI;C:\Program Files\Microsoft SDKs\Azure\CLI2\wbin;C:\ProgramData\kind;C:\ProgramData\Chocolatey\bin;C:\Windows\system32;C:\Windows;C:\Windows\System32\Wbem;C:\Windows\System32\WindowsPowerShell\v1.0\;C:\Windows\System32\OpenSSH\;C:\Program Files\dotnet\;C:\Program Files\PowerShell\7\;C:\Program Files\Microsoft\Web Platform Installer\;C:\Program Files\TortoiseSVN\bin;C:\Program Files\Microsoft SQL Server\Client SDK\ODBC\170\Tools\Binn\;C:\Program Files\Microsoft SQL Server\150\Tools\Binn\;C:\Program Files (x86)\Windows Kits\10\Windows Performance Toolkit\;C:\Program Files (x86)\WiX Toolset v3.14\bin;C:\Program Files\Microsoft SQL Server\130\DTS\Binn\;C:\Program Files\Microsoft SQL Server\140\DTS\Binn\;C:\Program Files\Microsoft SQL Server\150\DTS\Binn\;C:\Program Files\Microsoft SQL Server\160\DTS\Binn\;C:\Program Files\Microsoft SQL Server\170\DTS\Binn\;C:\Strawberry\c\bin;C:\Strawberry\perl\site\bin;C:\Strawberry\perl\bin;C:\ProgramData\chocolatey\lib\pulumi\tools\Pulumi\bin;C:\Program Files\CMake\bin;C:\ProgramData\chocolatey\lib\maven\apache-maven-3.9.16\bin;C:\Program Files\Microsoft Service Fabric\bin\Fabric\Fabric.Code;C:\Program Files\Microsoft SDKs\Service Fabric\Tools\ServiceFabricLocalClusterManager;C:\Program Files\nodejs\;C:\Program Files\Git\cmd;C:\Program Files\Git\ucrt64\bin;C:\Program Files\Git\usr\bin;C:\Program Files\GitHub CLI\;c:\tools\php;C:\Program Files (x86)\sbt\bin;C:\Program Files\Amazon\AWSCLIV2\;C:\Program Files\Amazon\SessionManagerPlugin\bin\;C:\Program Files\Amazon\AWSSAMCLI\bin\;C:\Program Files\Microsoft SQL Server\130\Tools\Binn\;C:\Program Files\mongosh\;C:\Program Files\LLVM\bin;C:\Program Files (x86)\LLVM\bin;C:\Users\runneradmin\.dotnet\tools;C:\Users\runneradmin\.cargo\bin;C:\Users\runneradmin\AppData\Local\Microsoft\WindowsApps;C:\Program Files (x86)\Microsoft Visual Studio\Installer
2026-10-08T20:38:33.7060106Z ##[endgroup]
2026-10-08T20:38:33.8169858Z ##[group]Prepare output directories
2026-10-08T20:38:33.8170996Z The vpckg root directory: 'D:\a\CaptureSuite\CaptureSuite\vcpkg'
2026-10-08T20:38:33.8181520Z (node:3892) [DEP0040] DeprecationWarning: The `punycode` module is deprecated. Please use a userland alternative instead.
2026-10-08T20:38:33.8182114Z (Use `node --trace-deprecation ...` to show where the warning was created)
2026-10-08T20:38:33.8204412Z ##[endgroup]
2026-10-08T20:38:33.8204867Z ⏱ elapsed: 0.003 seconds
2026-10-08T20:38:33.8720831Z Running command '"C:\Program Files\Git\bin\git.exe"' with args '^"submodule^",^"status^",^"D:\a\CaptureSuite\CaptureSuite\vcpkg^"' in current directory 'D:\a\CaptureSuite\CaptureSuite'.
2026-10-08T20:38:33.8759334Z (node:3892) [DEP0190] DeprecationWarning: Passing args to a child process with shell option true can lead to security vulnerabilities, as the arguments are not escaped, only concatenated.
2026-10-08T20:38:34.2708267Z error: pathspec 'D:\a\CaptureSuite\CaptureSuite\vcpkg' did not match any file(s) known to git
2026-10-08T20:38:34.2803887Z ##[group]Setup to run on GitHub Action runners
2026-10-08T20:38:34.2804476Z Set the workflow environment variable 'VCPKG_BINARY_SOURCES' to value 'clear;x-gha,readwrite'
2026-10-08T20:38:34.2804948Z ##[endgroup]
2026-10-08T20:38:34.2805317Z ⏱ elapsed: 0.001 seconds
2026-10-08T20:38:34.2805600Z ##[group]Retrieving the vcpkg Git commit id at: 'D:\a\CaptureSuite\CaptureSuite\vcpkg'
2026-10-08T20:38:34.3274828Z Fetching the Git commit id at 'D:\a\CaptureSuite\CaptureSuite\vcpkg' ...
2026-10-08T20:38:34.3277959Z Running command '"C:\Program Files\Git\bin\git.exe"' with args '^"rev-parse^",^"HEAD^"' in current directory 'D:\a\CaptureSuite\CaptureSuite\vcpkg'.
2026-10-08T20:38:34.3581779Z 9e9204f76b105426b0affaa74733175c052f27ba
2026-10-08T20:38:34.3613698Z ##[endgroup]
2026-10-08T20:38:34.3614309Z ⏱ elapsed: 0.082 seconds
2026-10-08T20:38:34.3614566Z ##[group]Check whether vcpkg repository is up to date
2026-10-08T20:38:34.3615623Z Checking whether vcpkg's repository is updated to commit id '9e9204f76b105426b0affaa74733175c052f27ba' ...
2026-10-08T20:38:34.3616900Z Current commit id of vcpkg: '9e9204f76b105426b0affaa74733175c052f27ba'.
2026-10-08T20:38:34.3617679Z Is vcpkg repository updated? No
2026-10-08T20:38:34.3618036Z ##[endgroup]
2026-10-08T20:38:34.3618293Z ⏱ elapsed: 0.000 seconds
2026-10-08T20:38:34.3618637Z ##[group]Download vcpkg source code repository
2026-10-08T20:38:34.3619292Z Cloning vcpkg in 'D:\a\CaptureSuite\CaptureSuite\vcpkg'...
2026-10-08T20:38:34.4060282Z Running command '"C:\Program Files\Git\bin\git.exe"' with args '^"clone^",^"https://github.com/microsoft/vcpkg.git^",^"-n^",^".^"' in current directory 'D:\a\CaptureSuite\CaptureSuite\vcpkg'.
2026-10-08T20:38:34.4328671Z Cloning into '.'...
2026-10-08T20:38:43.2238650Z Running command '"C:\Program Files\Git\bin\git.exe"' with args '^"checkout^",^"--force^",^"4334d8b4c8916018600212ab4dd4bbdc343065d1^"' in current directory 'D:\a\CaptureSuite\CaptureSuite\vcpkg'.
2026-10-08T20:38:44.5317006Z Note: switching to '4334d8b4c8916018600212ab4dd4bbdc343065d1'.
2026-10-08T20:38:44.5317331Z 
2026-10-08T20:38:44.5317642Z You are in 'detached HEAD' state. You can look around, make experimental
2026-10-08T20:38:44.5318072Z changes and commit them, and you can discard any commits you make in this
2026-10-08T20:38:44.5318436Z state without impacting any branches by switching back to a branch.
2026-10-08T20:38:44.5318601Z 
2026-10-08T20:38:44.5318766Z If you want to create a new branch to retain commits you create, you may
2026-10-08T20:38:44.5319406Z do so (now or later) by using -c with the switch command. Example:
2026-10-08T20:38:44.5319552Z 
2026-10-08T20:38:44.5319684Z   git switch -c <new-branch-name>
2026-10-08T20:38:44.5319783Z 
2026-10-08T20:38:44.5319875Z Or undo this operation with:
2026-10-08T20:38:44.5319964Z 
2026-10-08T20:38:44.5320025Z   git switch -
2026-10-08T20:38:44.5320098Z 
2026-10-08T20:38:44.5320280Z Turn off this advice by setting config variable advice.detachedHead to false
2026-10-08T20:38:44.5320458Z 
2026-10-08T20:38:44.5320669Z HEAD is now at 4334d8b4c8 [vcpkg] Add platform support for Solaris and illumos (#45524)
2026-10-08T20:38:44.5405553Z Clone vcpkg in 'D:\a\CaptureSuite\CaptureSuite\vcpkg'.
2026-10-08T20:38:44.5406136Z ##[endgroup]
2026-10-08T20:38:44.5406535Z ⏱ elapsed: 10.178 seconds
2026-10-08T20:38:44.5406768Z ##[group]Build vcpkg executable
2026-10-08T20:38:44.5899092Z Running command '"C:\Windows\system32\cmd.exe"' with args '^"/c^",^"D:\a\CaptureSuite\CaptureSuite\vcpkg\bootstrap-vcpkg.bat^"' in current directory 'D:\a\CaptureSuite\CaptureSuite\vcpkg'.
2026-10-08T20:38:46.2475975Z Downloading https://github.com/microsoft/vcpkg-tool/releases/download/2025-09-03/vcpkg.exe -> D:\a\CaptureSuite\CaptureSuite\vcpkg\vcpkg.exe... done.
2026-10-08T20:38:46.3433468Z Validating signature... done.
2026-10-08T20:38:46.3561045Z 
2026-10-08T20:38:46.3896491Z vcpkg package management program version 2025-09-03-4580816534ed8fd9634ac83d46471440edd82dfe
2026-10-08T20:38:46.3896903Z 
2026-10-08T20:38:46.3897070Z See LICENSE.txt for license information.
2026-10-08T20:38:46.3920755Z Telemetry
2026-10-08T20:38:46.3920926Z ---------
2026-10-08T20:38:46.3921314Z vcpkg collects usage data in order to help us improve your experience.
2026-10-08T20:38:46.3921769Z The data collected by Microsoft is anonymous.
2026-10-08T20:38:46.3922280Z You can opt-out of telemetry by re-running the bootstrap-vcpkg script with -disableMetrics,
2026-10-08T20:38:46.3922763Z passing --disable-metrics to vcpkg on the command line,
2026-10-08T20:38:46.3924373Z or by setting the VCPKG_DISABLE_METRICS environment variable.
2026-10-08T20:38:46.3924605Z 
2026-10-08T20:38:46.3924812Z Read more about vcpkg telemetry at docs/about/privacy.md
2026-10-08T20:38:46.4567773Z Fetching the Git commit id at 'D:\a\CaptureSuite\CaptureSuite\vcpkg' ...
2026-10-08T20:38:46.4568595Z Running command '"C:\Program Files\Git\bin\git.exe"' with args '^"rev-parse^",^"HEAD^"' in current directory 'D:\a\CaptureSuite\CaptureSuite\vcpkg'.
2026-10-08T20:38:46.4828569Z 4334d8b4c8916018600212ab4dd4bbdc343065d1
2026-10-08T20:38:46.4868350Z Stored last built vcpkg commit id '4334d8b4c8916018600212ab4dd4bbdc343065d1' in file 'D:\a\CaptureSuite\CaptureSuite\vcpkg\vcpkgLastBuiltCommitId'.
2026-10-08T20:38:46.4868942Z ##[endgroup]
2026-10-08T20:38:46.4869402Z ⏱ elapsed: 1.946 seconds
2026-10-08T20:38:46.4869665Z ##[group]Add to PATH vcpkg at 'D:\a\CaptureSuite\CaptureSuite\vcpkg'
2026-10-08T20:38:46.4872718Z ##[endgroup]
2026-10-08T20:38:46.4873013Z ⏱ elapsed: 0.000 seconds
2026-10-08T20:38:46.4874017Z ##[group]Set output environment variables
2026-10-08T20:38:46.4874604Z Set the workflow environment variable 'RUNVCPKG_VCPKG_ROOT' to value 'D:\a\CaptureSuite\CaptureSuite\vcpkg'
2026-10-08T20:38:46.4877061Z Set the workflow environment variable 'VCPKG_ROOT' to value 'D:\a\CaptureSuite\CaptureSuite\vcpkg'
2026-10-08T20:38:46.4879847Z Set the step output variable 'RUNVCPKG_VCPKG_ROOT_OUT' to value 'D:\a\CaptureSuite\CaptureSuite\vcpkg''
2026-10-08T20:38:46.4881886Z ##[endgroup]
2026-10-08T20:38:46.4882137Z ⏱ elapsed: 0.001 seconds
2026-10-08T20:38:46.4884792Z run-vcpkg action execution succeeded
2026-10-08T20:38:46.5067208Z ##[group]Run python tools/check_ci_contract.py --vcpkg-root vcpkg
2026-10-08T20:38:46.5067512Z [36;1mpython tools/check_ci_contract.py --vcpkg-root vcpkg[0m
2026-10-08T20:38:46.5094396Z shell: C:\Program Files\PowerShell\7\pwsh.EXE -command ". '{0}'"
2026-10-08T20:38:46.5094596Z env:
2026-10-08T20:38:46.5094867Z   CommandPromptType: Native
2026-10-08T20:38:46.5095079Z   DevEnvDir: C:\Program Files\Microsoft Visual Studio\2022\Enterprise\Common7\IDE\
2026-10-08T20:38:46.5095381Z   ExtensionSdkDir: C:\Program Files (x86)\Microsoft SDKs\Windows Kits\10\ExtensionSDKs
2026-10-08T20:38:46.5096696Z   EXTERNAL_INCLUDE: C:\Program Files\Microsoft Visual Studio\2022\Enterprise\VC\Tools\MSVC\14.44.35207\include;C:\Program Files\Microsoft Visual Studio\2022\Enterprise\VC\Tools\MSVC\14.44.35207\ATLMFC\include;C:\Program Files\Microsoft Visual Studio\2022\Enterprise\VC\Auxiliary\VS\include;C:\Program Files (x86)\Windows Kits\10\include\10.0.26100.0\ucrt;C:\Program Files (x86)\Windows Kits\10\\include\10.0.26100.0\\um;C:\Program Files (x86)\Windows Kits\10\\include\10.0.26100.0\\shared;C:\Program Files (x86)\Windows Kits\10\\include\10.0.26100.0\\winrt;C:\Program Files (x86)\Windows Kits\10\\include\10.0.26100.0\\cppwinrt;C:\Program Files (x86)\Windows Kits\NETFXSDK\4.8\include\um
2026-10-08T20:38:46.5097897Z   Framework40Version: v4.0
2026-10-08T20:38:46.5098059Z   FrameworkDir: C:\Windows\Microsoft.NET\Framework64\
2026-10-08T20:38:46.5098261Z   FrameworkDir64: C:\Windows\Microsoft.NET\Framework64\
2026-10-08T20:38:46.5098433Z   FrameworkVersion: v4.0.30319
2026-10-08T20:38:46.5098578Z   FrameworkVersion64: v4.0.30319
2026-10-08T20:38:46.5098870Z   FSHARPINSTALLDIR: C:\Program Files\Microsoft Visual Studio\2022\Enterprise\Common7\IDE\CommonExtensions\Microsoft\FSharp\Tools
2026-10-08T20:38:46.5099204Z   HTMLHelpDir: C:\Program Files (x86)\HTML Help Workshop
2026-10-08T20:38:46.5099481Z   IFCPATH: C:\Program Files\Microsoft Visual Studio\2022\Enterprise\VC\Tools\MSVC\14.44.35207\ifc\x64
2026-10-08T20:38:46.5100768Z   INCLUDE: C:\Program Files\Microsoft Visual Studio\2022\Enterprise\VC\Tools\MSVC\14.44.35207\include;C:\Program Files\Microsoft Visual Studio\2022\Enterprise\VC\Tools\MSVC\14.44.35207\ATLMFC\include;C:\Program Files\Microsoft Visual Studio\2022\Enterprise\VC\Auxiliary\VS\include;C:\Program Files (x86)\Windows Kits\10\include\10.0.26100.0\ucrt;C:\Program Files (x86)\Windows Kits\10\\include\10.0.26100.0\\um;C:\Program Files (x86)\Windows Kits\10\\include\10.0.26100.0\\shared;C:\Program Files (x86)\Windows Kits\10\\include\10.0.26100.0\\winrt;C:\Program Files (x86)\Windows Kits\10\\include\10.0.26100.0\\cppwinrt;C:\Program Files (x86)\Windows Kits\NETFXSDK\4.8\include\um
2026-10-08T20:38:46.5101941Z   is_x64_arch: true
2026-10-08T20:38:46.5102619Z   LIB: C:\Program Files\Microsoft Visual Studio\2022\Enterprise\VC\Tools\MSVC\14.44.35207\ATLMFC\lib\x64;C:\Program Files\Microsoft Visual Studio\2022\Enterprise\VC\Tools\MSVC\14.44.35207\lib\x64;C:\Program Files (x86)\Windows Kits\NETFXSDK\4.8\lib\um\x64;C:\Program Files (x86)\Windows Kits\10\lib\10.0.26100.0\ucrt\x64;C:\Program Files (x86)\Windows Kits\10\\lib\10.0.26100.0\\um\x64
2026-10-08T20:38:46.5104076Z   LIBPATH: C:\Program Files\Microsoft Visual Studio\2022\Enterprise\VC\Tools\MSVC\14.44.35207\ATLMFC\lib\x64;C:\Program Files\Microsoft Visual Studio\2022\Enterprise\VC\Tools\MSVC\14.44.35207\lib\x64;C:\Program Files\Microsoft Visual Studio\2022\Enterprise\VC\Tools\MSVC\14.44.35207\lib\x86\store\references;C:\Program Files (x86)\Windows Kits\10\UnionMetadata\10.0.26100.0;C:\Program Files (x86)\Windows Kits\10\References\10.0.26100.0;C:\Windows\Microsoft.NET\Framework64\v4.0.30319
2026-10-08T20:38:46.5104999Z   NETFXSDKDir: C:\Program Files (x86)\Windows Kits\NETFXSDK\4.8\
2026-10-08T20:38:46.5114504Z   Path: C:\Program Files\Microsoft Visual Studio\2022\Enterprise\VC\Tools\MSVC\14.44.35207\bin\HostX64\x64;C:\Program Files\Microsoft Visual Studio\2022\Enterprise\Common7\IDE\VC\VCPackages;C:\Program Files\Microsoft Visual Studio\2022\Enterprise\Common7\IDE\CommonExtensions\Microsoft\TestWindow;C:\Program Files\Microsoft Visual Studio\2022\Enterprise\Common7\IDE\CommonExtensions\Microsoft\TeamFoundation\Team Explorer;C:\Program Files\Microsoft Visual Studio\2022\Enterprise\MSBuild\Current\bin\Roslyn;C:\Program Files (x86)\Microsoft SDKs\Windows\v10.0A\bin\NETFX 4.8 Tools\x64\;C:\Program Files (x86)\HTML Help Workshop;C:\Program Files\Microsoft Visual Studio\2022\Enterprise\Common7\IDE\CommonExtensions\Microsoft\FSharp\Tools;C:\Program Files\Microsoft Visual Studio\2022\Enterprise\Team Tools\DiagnosticsHub\Collector;C:\Program Files\Microsoft Visual Studio\2022\Enterprise\Common7\IDE\Extensions\Microsoft\CodeCoverage.Console;C:\Program Files\Microsoft Visual Studio\2022\Enterprise\VC\Tools\Llvm\x64\bin;C:\Program Files (x86)\Windows Kits\10\bin\10.0.26100.0\\x64;C:\Program Files (x86)\Windows Kits\10\bin\\x64;C:\Program Files\Microsoft Visual Studio\2022\Enterprise\\MSBuild\Current\Bin\amd64;C:\Windows\Microsoft.NET\Framework64\v4.0.30319;C:\Program Files\Microsoft Visual Studio\2022\Enterprise\Common7\IDE\;C:\Program Files\Microsoft Visual Studio\2022\Enterprise\Common7\Tools\;C:\Program Files\MongoDB\Server\7.0\bin;C:\aliyun-cli;C:\vcpkg;C:\Program Files (x86)\NSIS\;C:\tools\zstd;C:\Program Files\Mercurial\;C:\hostedtoolcache\windows\stack\3.11.1\x64;C:\cabal\bin;C:\\ghcup\bin;C:\mingw64\bin;C:\Program Files\dotnet;C:\Program Files\MySQL\MySQL Server 8.0\bin;C:\Program Files\R\R-4.6.1\bin\x64;C:\SeleniumWebDrivers\GeckoDriver;C:\SeleniumWebDrivers\EdgeDriver\;C:\SeleniumWebDrivers\ChromeDriver;C:\Program Files (x86)\sbt\bin;C:\Program Files (x86)\GitHub CLI;C:\Program Files\Git\bin;C:\Program Files (x86)\pipx_bin;C:\npm\prefix;C:\hostedtoolcache\windows\go\1.24.13\x64\bin;C:\hostedtoolcache\windows\Python\3.12.10\x64\Scripts;C:\hostedtoolcache\windows\Python\3.12.10\x64;C:\hostedtoolcache\windows\Ruby\3.3.12\x64\bin;C:\Program Files\OpenSSL\bin;C:\tools\kotlinc\bin;C:\hostedtoolcache\windows\Java_Temurin-Hotspot_jdk\8.0.504-1\x64\bin;C:\Program Files\ImageMagick-7.1.2-Q16-HDRI;C:\Program Files\Microsoft SDKs\Azure\CLI2\wbin;C:\ProgramData\kind;C:\ProgramData\Chocolatey\bin;C:\Windows\system32;C:\Windows;C:\Windows\System32\Wbem;C:\Windows\System32\WindowsPowerShell\v1.0\;C:\Windows\System32\OpenSSH\;C:\Program Files\dotnet\;C:\Program Files\PowerShell\7\;C:\Program Files\Microsoft\Web Platform Installer\;C:\Program Files\TortoiseSVN\bin;C:\Program Files\Microsoft SQL Server\Client SDK\ODBC\170\Tools\Binn\;C:\Program Files\Microsoft SQL Server\150\Tools\Binn\;C:\Program Files (x86)\Windows Kits\10\Windows Performance Toolkit\;C:\Program Files (x86)\WiX Toolset v3.14\bin;C:\Program Files\Microsoft SQL Server\130\DTS\Binn\;C:\Program Files\Microsoft SQL Server\140\DTS\Binn\;C:\Program Files\Microsoft SQL Server\150\DTS\Binn\;C:\Program Files\Microsoft SQL Server\160\DTS\Binn\;C:\Program Files\Microsoft SQL Server\170\DTS\Binn\;C:\Strawberry\c\bin;C:\Strawberry\perl\site\bin;C:\Strawberry\perl\bin;C:\ProgramData\chocolatey\lib\pulumi\tools\Pulumi\bin;C:\Program Files\CMake\bin;C:\ProgramData\chocolatey\lib\maven\apache-maven-3.9.16\bin;C:\Program Files\Microsoft Service Fabric\bin\Fabric\Fabric.Code;C:\Program Files\Microsoft SDKs\Service Fabric\Tools\ServiceFabricLocalClusterManager;C:\Program Files\nodejs\;C:\Program Files\Git\cmd;C:\Program Files\Git\ucrt64\bin;C:\Program Files\Git\usr\bin;C:\Program Files\GitHub CLI\;c:\tools\php;C:\Program Files\Amazon\AWSCLIV2\;C:\Program Files\Amazon\SessionManagerPlugin\bin\;C:\Program Files\Amazon\AWSSAMCLI\bin\;C:\Program Files\Microsoft SQL Server\130\Tools\Binn\;C:\Program Files\mongosh\;C:\Program Files\LLVM\bin;C:\Program Files (x86)\LLVM\bin;C:\Users\runneradmin\.dotnet\tools;C:\Users\runneradmin\.cargo\bin;C:\Users\runneradmin\AppData\Local\Microsoft\WindowsApps;C:\Program Files (x86)\Microsoft Visual Studio\Installer;C:\Program Files\Microsoft Visual Studio\2022\Enterprise\Common7\IDE\CommonExtensions\Microsoft\CMake\CMake\bin;C:\Program Files\Microsoft Visual Studio\2022\Enterprise\Common7\IDE\CommonExtensions\Microsoft\CMake\Ninja;C:\Program Files\Microsoft Visual Studio\2022\Enterprise\Common7\IDE\VC\Linux\bin\ConnectionManagerExe;C:\Program Files\Microsoft Visual Studio\2022\Enterprise\VC\vcpkg
2026-10-08T20:38:46.5122499Z   Platform: x64
2026-10-08T20:38:46.5122622Z   UCRTVersion: 10.0.26100.0
2026-10-08T20:38:46.5122846Z   UniversalCRTSdkDir: C:\Program Files (x86)\Windows Kits\10\
2026-10-08T20:38:46.5123124Z   VCIDEInstallDir: C:\Program Files\Microsoft Visual Studio\2022\Enterprise\Common7\IDE\VC\
2026-10-08T20:38:46.5123425Z   VCINSTALLDIR: C:\Program Files\Microsoft Visual Studio\2022\Enterprise\VC\
2026-10-08T20:38:46.5123660Z   VCPKG_ROOT: D:\a\CaptureSuite\CaptureSuite\vcpkg
2026-10-08T20:38:46.5123938Z   VCToolsInstallDir: C:\Program Files\Microsoft Visual Studio\2022\Enterprise\VC\Tools\MSVC\14.44.35207\
2026-10-08T20:38:46.5124305Z   VCToolsRedistDir: C:\Program Files\Microsoft Visual Studio\2022\Enterprise\VC\Redist\MSVC\14.44.35112\
2026-10-08T20:38:46.5124574Z   VCToolsVersion: 14.44.35207
2026-10-08T20:38:46.5124714Z   VisualStudioVersion: 17.0
2026-10-08T20:38:46.5124929Z   VS170COMNTOOLS: C:\Program Files\Microsoft Visual Studio\2022\Enterprise\Common7\Tools\
2026-10-08T20:38:46.5125177Z   VSCMD_ARG_app_plat: Desktop
2026-10-08T20:38:46.5125315Z   VSCMD_ARG_HOST_ARCH: x64
2026-10-08T20:38:46.5125443Z   VSCMD_ARG_TGT_ARCH: x64
2026-10-08T20:38:46.5125562Z   VSCMD_VER: 17.14.41
2026-10-08T20:38:46.5125733Z   VSINSTALLDIR: C:\Program Files\Microsoft Visual Studio\2022\Enterprise\
2026-10-08T20:38:46.5125999Z   VSSDK150INSTALL: C:\Program Files\Microsoft Visual Studio\2022\Enterprise\VSSDK
2026-10-08T20:38:46.5126273Z   VSSDKINSTALL: C:\Program Files\Microsoft Visual Studio\2022\Enterprise\VSSDK
2026-10-08T20:38:46.5126647Z   WindowsLibPath: C:\Program Files (x86)\Windows Kits\10\UnionMetadata\10.0.26100.0;C:\Program Files (x86)\Windows Kits\10\References\10.0.26100.0
2026-10-08T20:38:46.5127009Z   WindowsSdkBinPath: C:\Program Files (x86)\Windows Kits\10\bin\
2026-10-08T20:38:46.5127224Z   WindowsSdkDir: C:\Program Files (x86)\Windows Kits\10\
2026-10-08T20:38:46.5127400Z   WindowsSDKLibVersion: 10.0.26100.0\
2026-10-08T20:38:46.5127604Z   WindowsSdkVerBinPath: C:\Program Files (x86)\Windows Kits\10\bin\10.0.26100.0\
2026-10-08T20:38:46.5127820Z   WindowsSDKVersion: 10.0.26100.0\
2026-10-08T20:38:46.5128073Z   WindowsSDK_ExecutablePath_x64: C:\Program Files (x86)\Microsoft SDKs\Windows\v10.0A\bin\NETFX 4.8 Tools\x64\
2026-10-08T20:38:46.5128438Z   WindowsSDK_ExecutablePath_x86: C:\Program Files (x86)\Microsoft SDKs\Windows\v10.0A\bin\NETFX 4.8 Tools\
2026-10-08T20:38:46.5128688Z   __DOTNET_ADD_64BIT: 1
2026-10-08T20:38:46.5128810Z   __DOTNET_PREFERRED_BITNESS: 64
2026-10-08T20:38:46.5133722Z   __VSCMD_PREINIT_PATH: C:\Program Files\MongoDB\Server\7.0\bin;C:\aliyun-cli;C:\vcpkg;C:\Program Files (x86)\NSIS\;C:\tools\zstd;C:\Program Files\Mercurial\;C:\hostedtoolcache\windows\stack\3.11.1\x64;C:\cabal\bin;C:\\ghcup\bin;C:\mingw64\bin;C:\Program Files\dotnet;C:\Program Files\MySQL\MySQL Server 8.0\bin;C:\Program Files\R\R-4.6.1\bin\x64;C:\SeleniumWebDrivers\GeckoDriver;C:\SeleniumWebDrivers\EdgeDriver\;C:\SeleniumWebDrivers\ChromeDriver;C:\Program Files (x86)\sbt\bin;C:\Program Files (x86)\GitHub CLI;C:\Program Files\Git\bin;C:\Program Files (x86)\pipx_bin;C:\npm\prefix;C:\hostedtoolcache\windows\go\1.24.13\x64\bin;C:\hostedtoolcache\windows\Python\3.12.10\x64\Scripts;C:\hostedtoolcache\windows\Python\3.12.10\x64;C:\hostedtoolcache\windows\Ruby\3.3.12\x64\bin;C:\Program Files\OpenSSL\bin;C:\tools\kotlinc\bin;C:\hostedtoolcache\windows\Java_Temurin-Hotspot_jdk\8.0.504-1\x64\bin;C:\Program Files\ImageMagick-7.1.2-Q16-HDRI;C:\Program Files\Microsoft SDKs\Azure\CLI2\wbin;C:\ProgramData\kind;C:\ProgramData\Chocolatey\bin;C:\Windows\system32;C:\Windows;C:\Windows\System32\Wbem;C:\Windows\System32\WindowsPowerShell\v1.0\;C:\Windows\System32\OpenSSH\;C:\Program Files\dotnet\;C:\Program Files\PowerShell\7\;C:\Program Files\Microsoft\Web Platform Installer\;C:\Program Files\TortoiseSVN\bin;C:\Program Files\Microsoft SQL Server\Client SDK\ODBC\170\Tools\Binn\;C:\Program Files\Microsoft SQL Server\150\Tools\Binn\;C:\Program Files (x86)\Windows Kits\10\Windows Performance Toolkit\;C:\Program Files (x86)\WiX Toolset v3.14\bin;C:\Program Files\Microsoft SQL Server\130\DTS\Binn\;C:\Program Files\Microsoft SQL Server\140\DTS\Binn\;C:\Program Files\Microsoft SQL Server\150\DTS\Binn\;C:\Program Files\Microsoft SQL Server\160\DTS\Binn\;C:\Program Files\Microsoft SQL Server\170\DTS\Binn\;C:\Strawberry\c\bin;C:\Strawberry\perl\site\bin;C:\Strawberry\perl\bin;C:\ProgramData\chocolatey\lib\pulumi\tools\Pulumi\bin;C:\Program Files\CMake\bin;C:\ProgramData\chocolatey\lib\maven\apache-maven-3.9.16\bin;C:\Program Files\Microsoft Service Fabric\bin\Fabric\Fabric.Code;C:\Program Files\Microsoft SDKs\Service Fabric\Tools\ServiceFabricLocalClusterManager;C:\Program Files\nodejs\;C:\Program Files\Git\cmd;C:\Program Files\Git\ucrt64\bin;C:\Program Files\Git\usr\bin;C:\Program Files\GitHub CLI\;c:\tools\php;C:\Program Files (x86)\sbt\bin;C:\Program Files\Amazon\AWSCLIV2\;C:\Program Files\Amazon\SessionManagerPlugin\bin\;C:\Program Files\Amazon\AWSSAMCLI\bin\;C:\Program Files\Microsoft SQL Server\130\Tools\Binn\;C:\Program Files\mongosh\;C:\Program Files\LLVM\bin;C:\Program Files (x86)\LLVM\bin;C:\Users\runneradmin\.dotnet\tools;C:\Users\runneradmin\.cargo\bin;C:\Users\runneradmin\AppData\Local\Microsoft\WindowsApps;C:\Program Files (x86)\Microsoft Visual Studio\Installer
2026-10-08T20:38:46.5138874Z   VCPKG_DEFAULT_BINARY_CACHE: D:/a/CaptureSuite/CaptureSuite/969f6665-88a2-4c98-938e-ca9259871fec/vcpkg_cache
2026-10-08T20:38:46.5139159Z   VCPKG_BINARY_SOURCES: clear;x-gha,readwrite
2026-10-08T20:38:46.5139348Z   RUNVCPKG_VCPKG_ROOT: D:\a\CaptureSuite\CaptureSuite\vcpkg
2026-10-08T20:38:46.5139525Z ##[endgroup]
2026-10-08T20:38:46.7538536Z {
2026-10-08T20:38:46.7538878Z   "accepted": true,
2026-10-08T20:38:46.7539093Z   "errors": []
2026-10-08T20:38:46.7539249Z }
2026-10-08T20:38:46.8323235Z ##[group]Run cmake --preset windows-release -DCAPTURE_WERROR=ON
2026-10-08T20:38:46.8323529Z [36;1mcmake --preset windows-release -DCAPTURE_WERROR=ON[0m
2026-10-08T20:38:46.8349189Z shell: C:\Program Files\PowerShell\7\pwsh.EXE -command ". '{0}'"
2026-10-08T20:38:46.8349385Z env:
2026-10-08T20:38:46.8349498Z   CommandPromptType: Native
2026-10-08T20:38:46.8349721Z   DevEnvDir: C:\Program Files\Microsoft Visual Studio\2022\Enterprise\Common7\IDE\
2026-10-08T20:38:46.8350014Z   ExtensionSdkDir: C:\Program Files (x86)\Microsoft SDKs\Windows Kits\10\ExtensionSDKs
2026-10-08T20:38:46.8351343Z   EXTERNAL_INCLUDE: C:\Program Files\Microsoft Visual Studio\2022\Enterprise\VC\Tools\MSVC\14.44.35207\include;C:\Program Files\Microsoft Visual Studio\2022\Enterprise\VC\Tools\MSVC\14.44.35207\ATLMFC\include;C:\Program Files\Microsoft Visual Studio\2022\Enterprise\VC\Auxiliary\VS\include;C:\Program Files (x86)\Windows Kits\10\include\10.0.26100.0\ucrt;C:\Program Files (x86)\Windows Kits\10\\include\10.0.26100.0\\um;C:\Program Files (x86)\Windows Kits\10\\include\10.0.26100.0\\shared;C:\Program Files (x86)\Windows Kits\10\\include\10.0.26100.0\\winrt;C:\Program Files (x86)\Windows Kits\10\\include\10.0.26100.0\\cppwinrt;C:\Program Files (x86)\Windows Kits\NETFXSDK\4.8\include\um
2026-10-08T20:38:46.8352550Z   Framework40Version: v4.0
2026-10-08T20:38:46.8352704Z   FrameworkDir: C:\Windows\Microsoft.NET\Framework64\
2026-10-08T20:38:46.8352896Z   FrameworkDir64: C:\Windows\Microsoft.NET\Framework64\
2026-10-08T20:38:46.8353070Z   FrameworkVersion: v4.0.30319
2026-10-08T20:38:46.8353205Z   FrameworkVersion64: v4.0.30319
2026-10-08T20:38:46.8353495Z   FSHARPINSTALLDIR: C:\Program Files\Microsoft Visual Studio\2022\Enterprise\Common7\IDE\CommonExtensions\Microsoft\FSharp\Tools
2026-10-08T20:38:46.8353823Z   HTMLHelpDir: C:\Program Files (x86)\HTML Help Workshop
2026-10-08T20:38:46.8354096Z   IFCPATH: C:\Program Files\Microsoft Visual Studio\2022\Enterprise\VC\Tools\MSVC\14.44.35207\ifc\x64
2026-10-08T20:38:46.8355380Z   INCLUDE: C:\Program Files\Microsoft Visual Studio\2022\Enterprise\VC\Tools\MSVC\14.44.35207\include;C:\Program Files\Microsoft Visual Studio\2022\Enterprise\VC\Tools\MSVC\14.44.35207\ATLMFC\include;C:\Program Files\Microsoft Visual Studio\2022\Enterprise\VC\Auxiliary\VS\include;C:\Program Files (x86)\Windows Kits\10\include\10.0.26100.0\ucrt;C:\Program Files (x86)\Windows Kits\10\\include\10.0.26100.0\\um;C:\Program Files (x86)\Windows Kits\10\\include\10.0.26100.0\\shared;C:\Program Files (x86)\Windows Kits\10\\include\10.0.26100.0\\winrt;C:\Program Files (x86)\Windows Kits\10\\include\10.0.26100.0\\cppwinrt;C:\Program Files (x86)\Windows Kits\NETFXSDK\4.8\include\um
2026-10-08T20:38:46.8356682Z   is_x64_arch: true
2026-10-08T20:38:46.8357352Z   LIB: C:\Program Files\Microsoft Visual Studio\2022\Enterprise\VC\Tools\MSVC\14.44.35207\ATLMFC\lib\x64;C:\Program Files\Microsoft Visual Studio\2022\Enterprise\VC\Tools\MSVC\14.44.35207\lib\x64;C:\Program Files (x86)\Windows Kits\NETFXSDK\4.8\lib\um\x64;C:\Program Files (x86)\Windows Kits\10\lib\10.0.26100.0\ucrt\x64;C:\Program Files (x86)\Windows Kits\10\\lib\10.0.26100.0\\um\x64
2026-10-08T20:38:46.8358783Z   LIBPATH: C:\Program Files\Microsoft Visual Studio\2022\Enterprise\VC\Tools\MSVC\14.44.35207\ATLMFC\lib\x64;C:\Program Files\Microsoft Visual Studio\2022\Enterprise\VC\Tools\MSVC\14.44.35207\lib\x64;C:\Program Files\Microsoft Visual Studio\2022\Enterprise\VC\Tools\MSVC\14.44.35207\lib\x86\store\references;C:\Program Files (x86)\Windows Kits\10\UnionMetadata\10.0.26100.0;C:\Program Files (x86)\Windows Kits\10\References\10.0.26100.0;C:\Windows\Microsoft.NET\Framework64\v4.0.30319
2026-10-08T20:38:46.8359697Z   NETFXSDKDir: C:\Program Files (x86)\Windows Kits\NETFXSDK\4.8\
2026-10-08T20:38:46.8369485Z   Path: C:\Program Files\Microsoft Visual Studio\2022\Enterprise\VC\Tools\MSVC\14.44.35207\bin\HostX64\x64;C:\Program Files\Microsoft Visual Studio\2022\Enterprise\Common7\IDE\VC\VCPackages;C:\Program Files\Microsoft Visual Studio\2022\Enterprise\Common7\IDE\CommonExtensions\Microsoft\TestWindow;C:\Program Files\Microsoft Visual Studio\2022\Enterprise\Common7\IDE\CommonExtensions\Microsoft\TeamFoundation\Team Explorer;C:\Program Files\Microsoft Visual Studio\2022\Enterprise\MSBuild\Current\bin\Roslyn;C:\Program Files (x86)\Microsoft SDKs\Windows\v10.0A\bin\NETFX 4.8 Tools\x64\;C:\Program Files (x86)\HTML Help Workshop;C:\Program Files\Microsoft Visual Studio\2022\Enterprise\Common7\IDE\CommonExtensions\Microsoft\FSharp\Tools;C:\Program Files\Microsoft Visual Studio\2022\Enterprise\Team Tools\DiagnosticsHub\Collector;C:\Program Files\Microsoft Visual Studio\2022\Enterprise\Common7\IDE\Extensions\Microsoft\CodeCoverage.Console;C:\Program Files\Microsoft Visual Studio\2022\Enterprise\VC\Tools\Llvm\x64\bin;C:\Program Files (x86)\Windows Kits\10\bin\10.0.26100.0\\x64;C:\Program Files (x86)\Windows Kits\10\bin\\x64;C:\Program Files\Microsoft Visual Studio\2022\Enterprise\\MSBuild\Current\Bin\amd64;C:\Windows\Microsoft.NET\Framework64\v4.0.30319;C:\Program Files\Microsoft Visual Studio\2022\Enterprise\Common7\IDE\;C:\Program Files\Microsoft Visual Studio\2022\Enterprise\Common7\Tools\;C:\Program Files\MongoDB\Server\7.0\bin;C:\aliyun-cli;C:\vcpkg;C:\Program Files (x86)\NSIS\;C:\tools\zstd;C:\Program Files\Mercurial\;C:\hostedtoolcache\windows\stack\3.11.1\x64;C:\cabal\bin;C:\\ghcup\bin;C:\mingw64\bin;C:\Program Files\dotnet;C:\Program Files\MySQL\MySQL Server 8.0\bin;C:\Program Files\R\R-4.6.1\bin\x64;C:\SeleniumWebDrivers\GeckoDriver;C:\SeleniumWebDrivers\EdgeDriver\;C:\SeleniumWebDrivers\ChromeDriver;C:\Program Files (x86)\sbt\bin;C:\Program Files (x86)\GitHub CLI;C:\Program Files\Git\bin;C:\Program Files (x86)\pipx_bin;C:\npm\prefix;C:\hostedtoolcache\windows\go\1.24.13\x64\bin;C:\hostedtoolcache\windows\Python\3.12.10\x64\Scripts;C:\hostedtoolcache\windows\Python\3.12.10\x64;C:\hostedtoolcache\windows\Ruby\3.3.12\x64\bin;C:\Program Files\OpenSSL\bin;C:\tools\kotlinc\bin;C:\hostedtoolcache\windows\Java_Temurin-Hotspot_jdk\8.0.504-1\x64\bin;C:\Program Files\ImageMagick-7.1.2-Q16-HDRI;C:\Program Files\Microsoft SDKs\Azure\CLI2\wbin;C:\ProgramData\kind;C:\ProgramData\Chocolatey\bin;C:\Windows\system32;C:\Windows;C:\Windows\System32\Wbem;C:\Windows\System32\WindowsPowerShell\v1.0\;C:\Windows\System32\OpenSSH\;C:\Program Files\dotnet\;C:\Program Files\PowerShell\7\;C:\Program Files\Microsoft\Web Platform Installer\;C:\Program Files\TortoiseSVN\bin;C:\Program Files\Microsoft SQL Server\Client SDK\ODBC\170\Tools\Binn\;C:\Program Files\Microsoft SQL Server\150\Tools\Binn\;C:\Program Files (x86)\Windows Kits\10\Windows Performance Toolkit\;C:\Program Files (x86)\WiX Toolset v3.14\bin;C:\Program Files\Microsoft SQL Server\130\DTS\Binn\;C:\Program Files\Microsoft SQL Server\140\DTS\Binn\;C:\Program Files\Microsoft SQL Server\150\DTS\Binn\;C:\Program Files\Microsoft SQL Server\160\DTS\Binn\;C:\Program Files\Microsoft SQL Server\170\DTS\Binn\;C:\Strawberry\c\bin;C:\Strawberry\perl\site\bin;C:\Strawberry\perl\bin;C:\ProgramData\chocolatey\lib\pulumi\tools\Pulumi\bin;C:\Program Files\CMake\bin;C:\ProgramData\chocolatey\lib\maven\apache-maven-3.9.16\bin;C:\Program Files\Microsoft Service Fabric\bin\Fabric\Fabric.Code;C:\Program Files\Microsoft SDKs\Service Fabric\Tools\ServiceFabricLocalClusterManager;C:\Program Files\nodejs\;C:\Program Files\Git\cmd;C:\Program Files\Git\ucrt64\bin;C:\Program Files\Git\usr\bin;C:\Program Files\GitHub CLI\;c:\tools\php;C:\Program Files\Amazon\AWSCLIV2\;C:\Program Files\Amazon\SessionManagerPlugin\bin\;C:\Program Files\Amazon\AWSSAMCLI\bin\;C:\Program Files\Microsoft SQL Server\130\Tools\Binn\;C:\Program Files\mongosh\;C:\Program Files\LLVM\bin;C:\Program Files (x86)\LLVM\bin;C:\Users\runneradmin\.dotnet\tools;C:\Users\runneradmin\.cargo\bin;C:\Users\runneradmin\AppData\Local\Microsoft\WindowsApps;C:\Program Files (x86)\Microsoft Visual Studio\Installer;C:\Program Files\Microsoft Visual Studio\2022\Enterprise\Common7\IDE\CommonExtensions\Microsoft\CMake\CMake\bin;C:\Program Files\Microsoft Visual Studio\2022\Enterprise\Common7\IDE\CommonExtensions\Microsoft\CMake\Ninja;C:\Program Files\Microsoft Visual Studio\2022\Enterprise\Common7\IDE\VC\Linux\bin\ConnectionManagerExe;C:\Program Files\Microsoft Visual Studio\2022\Enterprise\VC\vcpkg
2026-10-08T20:38:46.8377798Z   Platform: x64
2026-10-08T20:38:46.8377911Z   UCRTVersion: 10.0.26100.0
2026-10-08T20:38:46.8378076Z   UniversalCRTSdkDir: C:\Program Files (x86)\Windows Kits\10\
2026-10-08T20:38:46.8378357Z   VCIDEInstallDir: C:\Program Files\Microsoft Visual Studio\2022\Enterprise\Common7\IDE\VC\
2026-10-08T20:38:46.8378650Z   VCINSTALLDIR: C:\Program Files\Microsoft Visual Studio\2022\Enterprise\VC\
2026-10-08T20:38:46.8378877Z   VCPKG_ROOT: D:\a\CaptureSuite\CaptureSuite/vcpkg
2026-10-08T20:38:46.8379150Z   VCToolsInstallDir: C:\Program Files\Microsoft Visual Studio\2022\Enterprise\VC\Tools\MSVC\14.44.35207\
2026-10-08T20:38:46.8379510Z   VCToolsRedistDir: C:\Program Files\Microsoft Visual Studio\2022\Enterprise\VC\Redist\MSVC\14.44.35112\
2026-10-08T20:38:46.8379766Z   VCToolsVersion: 14.44.35207
2026-10-08T20:38:46.8379897Z   VisualStudioVersion: 17.0
2026-10-08T20:38:46.8380107Z   VS170COMNTOOLS: C:\Program Files\Microsoft Visual Studio\2022\Enterprise\Common7\Tools\
2026-10-08T20:38:46.8380344Z   VSCMD_ARG_app_plat: Desktop
2026-10-08T20:38:46.8380467Z   VSCMD_ARG_HOST_ARCH: x64
2026-10-08T20:38:46.8380585Z   VSCMD_ARG_TGT_ARCH: x64
2026-10-08T20:38:46.8380703Z   VSCMD_VER: 17.14.41
2026-10-08T20:38:46.8380871Z   VSINSTALLDIR: C:\Program Files\Microsoft Visual Studio\2022\Enterprise\
2026-10-08T20:38:46.8381135Z   VSSDK150INSTALL: C:\Program Files\Microsoft Visual Studio\2022\Enterprise\VSSDK
2026-10-08T20:38:46.8381404Z   VSSDKINSTALL: C:\Program Files\Microsoft Visual Studio\2022\Enterprise\VSSDK
2026-10-08T20:38:46.8381779Z   WindowsLibPath: C:\Program Files (x86)\Windows Kits\10\UnionMetadata\10.0.26100.0;C:\Program Files (x86)\Windows Kits\10\References\10.0.26100.0
2026-10-08T20:38:46.8382145Z   WindowsSdkBinPath: C:\Program Files (x86)\Windows Kits\10\bin\
2026-10-08T20:38:46.8382359Z   WindowsSdkDir: C:\Program Files (x86)\Windows Kits\10\
2026-10-08T20:38:46.8382530Z   WindowsSDKLibVersion: 10.0.26100.0\
2026-10-08T20:38:46.8382737Z   WindowsSdkVerBinPath: C:\Program Files (x86)\Windows Kits\10\bin\10.0.26100.0\
2026-10-08T20:38:46.8382948Z   WindowsSDKVersion: 10.0.26100.0\
2026-10-08T20:38:46.8383195Z   WindowsSDK_ExecutablePath_x64: C:\Program Files (x86)\Microsoft SDKs\Windows\v10.0A\bin\NETFX 4.8 Tools\x64\
2026-10-08T20:38:46.8383616Z   WindowsSDK_ExecutablePath_x86: C:\Program Files (x86)\Microsoft SDKs\Windows\v10.0A\bin\NETFX 4.8 Tools\
2026-10-08T20:38:46.8383867Z   __DOTNET_ADD_64BIT: 1
2026-10-08T20:38:46.8383991Z   __DOTNET_PREFERRED_BITNESS: 64
2026-10-08T20:38:46.8388911Z   __VSCMD_PREINIT_PATH: C:\Program Files\MongoDB\Server\7.0\bin;C:\aliyun-cli;C:\vcpkg;C:\Program Files (x86)\NSIS\;C:\tools\zstd;C:\Program Files\Mercurial\;C:\hostedtoolcache\windows\stack\3.11.1\x64;C:\cabal\bin;C:\\ghcup\bin;C:\mingw64\bin;C:\Program Files\dotnet;C:\Program Files\MySQL\MySQL Server 8.0\bin;C:\Program Files\R\R-4.6.1\bin\x64;C:\SeleniumWebDrivers\GeckoDriver;C:\SeleniumWebDrivers\EdgeDriver\;C:\SeleniumWebDrivers\ChromeDriver;C:\Program Files (x86)\sbt\bin;C:\Program Files (x86)\GitHub CLI;C:\Program Files\Git\bin;C:\Program Files (x86)\pipx_bin;C:\npm\prefix;C:\hostedtoolcache\windows\go\1.24.13\x64\bin;C:\hostedtoolcache\windows\Python\3.12.10\x64\Scripts;C:\hostedtoolcache\windows\Python\3.12.10\x64;C:\hostedtoolcache\windows\Ruby\3.3.12\x64\bin;C:\Program Files\OpenSSL\bin;C:\tools\kotlinc\bin;C:\hostedtoolcache\windows\Java_Temurin-Hotspot_jdk\8.0.504-1\x64\bin;C:\Program Files\ImageMagick-7.1.2-Q16-HDRI;C:\Program Files\Microsoft SDKs\Azure\CLI2\wbin;C:\ProgramData\kind;C:\ProgramData\Chocolatey\bin;C:\Windows\system32;C:\Windows;C:\Windows\System32\Wbem;C:\Windows\System32\WindowsPowerShell\v1.0\;C:\Windows\System32\OpenSSH\;C:\Program Files\dotnet\;C:\Program Files\PowerShell\7\;C:\Program Files\Microsoft\Web Platform Installer\;C:\Program Files\TortoiseSVN\bin;C:\Program Files\Microsoft SQL Server\Client SDK\ODBC\170\Tools\Binn\;C:\Program Files\Microsoft SQL Server\150\Tools\Binn\;C:\Program Files (x86)\Windows Kits\10\Windows Performance Toolkit\;C:\Program Files (x86)\WiX Toolset v3.14\bin;C:\Program Files\Microsoft SQL Server\130\DTS\Binn\;C:\Program Files\Microsoft SQL Server\140\DTS\Binn\;C:\Program Files\Microsoft SQL Server\150\DTS\Binn\;C:\Program Files\Microsoft SQL Server\160\DTS\Binn\;C:\Program Files\Microsoft SQL Server\170\DTS\Binn\;C:\Strawberry\c\bin;C:\Strawberry\perl\site\bin;C:\Strawberry\perl\bin;C:\ProgramData\chocolatey\lib\pulumi\tools\Pulumi\bin;C:\Program Files\CMake\bin;C:\ProgramData\chocolatey\lib\maven\apache-maven-3.9.16\bin;C:\Program Files\Microsoft Service Fabric\bin\Fabric\Fabric.Code;C:\Program Files\Microsoft SDKs\Service Fabric\Tools\ServiceFabricLocalClusterManager;C:\Program Files\nodejs\;C:\Program Files\Git\cmd;C:\Program Files\Git\ucrt64\bin;C:\Program Files\Git\usr\bin;C:\Program Files\GitHub CLI\;c:\tools\php;C:\Program Files (x86)\sbt\bin;C:\Program Files\Amazon\AWSCLIV2\;C:\Program Files\Amazon\SessionManagerPlugin\bin\;C:\Program Files\Amazon\AWSSAMCLI\bin\;C:\Program Files\Microsoft SQL Server\130\Tools\Binn\;C:\Program Files\mongosh\;C:\Program Files\LLVM\bin;C:\Program Files (x86)\LLVM\bin;C:\Users\runneradmin\.dotnet\tools;C:\Users\runneradmin\.cargo\bin;C:\Users\runneradmin\AppData\Local\Microsoft\WindowsApps;C:\Program Files (x86)\Microsoft Visual Studio\Installer
2026-10-08T20:38:46.8394009Z   VCPKG_DEFAULT_BINARY_CACHE: D:/a/CaptureSuite/CaptureSuite/969f6665-88a2-4c98-938e-ca9259871fec/vcpkg_cache
2026-10-08T20:38:46.8394299Z   VCPKG_BINARY_SOURCES: clear;x-gha,readwrite
2026-10-08T20:38:46.8394503Z   RUNVCPKG_VCPKG_ROOT: D:\a\CaptureSuite\CaptureSuite\vcpkg
2026-10-08T20:38:46.8394685Z ##[endgroup]
2026-10-08T20:38:47.0160786Z Preset CMake variables:
2026-10-08T20:38:47.0161010Z 
2026-10-08T20:38:47.0161153Z   CMAKE_BUILD_TYPE="Release"
2026-10-08T20:38:47.0161486Z   CMAKE_EXPORT_COMPILE_COMMANDS="ON"
2026-10-08T20:38:47.0162103Z   CMAKE_TOOLCHAIN_FILE:FILEPATH="D:\a\CaptureSuite\CaptureSuite/vcpkg/scripts/buildsystems/vcpkg.cmake"
2026-10-08T20:38:47.0162622Z   VCPKG_TARGET_TRIPLET="x64-windows"
2026-10-08T20:38:47.0162790Z 
2026-10-08T20:38:47.0205300Z -- Running vcpkg install
2026-10-08T20:38:48.0085970Z Detecting compiler hash for triplet x64-windows...
2026-10-08T20:38:49.6966609Z Compiler found: C:/Program Files/Microsoft Visual Studio/2022/Enterprise/VC/Tools/MSVC/14.44.35207/bin/Hostx64/x64/cl.exe
2026-10-08T20:38:49.7115611Z The following packages will be built and installed:
2026-10-08T20:38:49.7116039Z   * abseil:x64-windows@20250127.1#4
2026-10-08T20:38:49.7116324Z     blake3:x64-windows@1.8.1
2026-10-08T20:38:49.7116720Z     catch2:x64-windows@3.10.0
2026-10-08T20:38:49.7116976Z   * fmt:x64-windows@11.2.0
2026-10-08T20:38:49.7117224Z   * lz4:x64-windows@1.10.0
2026-10-08T20:38:49.7117498Z     mcap[core,lz4,zstd]:x64-windows@2.0.2
2026-10-08T20:38:49.7117829Z     nlohmann-json:x64-windows@3.12.0#1
2026-10-08T20:38:49.7118134Z     protobuf:x64-windows@5.29.5#1
2026-10-08T20:38:49.7118759Z     spdlog:x64-windows@1.15.3
2026-10-08T20:38:49.7119050Z     sqlite3[core,json1]:x64-windows@3.50.4
2026-10-08T20:38:49.7119341Z   * utf8-range:x64-windows@5.29.5
2026-10-08T20:38:49.7119628Z   * vcpkg-cmake:x64-windows@2024-04-23
2026-10-08T20:38:49.7119948Z   * vcpkg-cmake-config:x64-windows@2024-05-23
2026-10-08T20:38:49.7120233Z   * zstd:x64-windows@1.5.7
2026-10-08T20:38:49.7120639Z Additional packages (*) will be modified to complete this operation.
2026-10-08T20:38:49.7123725Z %VCPKG_BINARY_SOURCES%: warning: The 'x-gha' binary caching backend has been removed. Consider using a NuGet-based binary caching provider instead, see extended documentation at https://learn.microsoft.com/vcpkg/users/binarycaching?WT.mc_id=vcpkg_inproduct_cli.
2026-10-08T20:38:49.7124738Z   on expression: clear;x-gha,readwrite
2026-10-08T20:38:49.7125041Z                                       ^
2026-10-08T20:38:49.7125630Z Installing 1/14 vcpkg-cmake-config:x64-windows@2024-05-23...
2026-10-08T20:38:49.7126052Z Building vcpkg-cmake-config:x64-windows@2024-05-23...
2026-10-08T20:38:49.7322262Z -- Installing: D:/a/CaptureSuite/CaptureSuite/vcpkg/packages/vcpkg-cmake-config_x64-windows/share/vcpkg-cmake-config/vcpkg_cmake_config_fixup.cmake
2026-10-08T20:38:49.7325609Z -- Installing: D:/a/CaptureSuite/CaptureSuite/vcpkg/packages/vcpkg-cmake-config_x64-windows/share/vcpkg-cmake-config/vcpkg-port-config.cmake
2026-10-08T20:38:49.7329431Z -- Installing: D:/a/CaptureSuite/CaptureSuite/vcpkg/packages/vcpkg-cmake-config_x64-windows/share/vcpkg-cmake-config/copyright
2026-10-08T20:38:49.7367862Z -- Skipping post-build validation due to VCPKG_POLICY_EMPTY_PACKAGE
2026-10-08T20:38:49.7392338Z Elapsed time to handle vcpkg-cmake-config:x64-windows: 27.2 ms
2026-10-08T20:38:49.7393242Z vcpkg-cmake-config:x64-windows package ABI: 896bdf4012782ae6c5ef5e2c594711d53f9135d38f97d956ce3b35a6fabf50bb
2026-10-08T20:38:49.7393885Z Installing 2/14 vcpkg-cmake:x64-windows@2024-04-23...
2026-10-08T20:38:49.7394255Z Building vcpkg-cmake:x64-windows@2024-04-23...
2026-10-08T20:38:49.7584880Z -- Installing: D:/a/CaptureSuite/CaptureSuite/vcpkg/packages/vcpkg-cmake_x64-windows/share/vcpkg-cmake/vcpkg_cmake_configure.cmake
2026-10-08T20:38:49.7588331Z -- Installing: D:/a/CaptureSuite/CaptureSuite/vcpkg/packages/vcpkg-cmake_x64-windows/share/vcpkg-cmake/vcpkg_cmake_build.cmake
2026-10-08T20:38:49.7591821Z -- Installing: D:/a/CaptureSuite/CaptureSuite/vcpkg/packages/vcpkg-cmake_x64-windows/share/vcpkg-cmake/vcpkg_cmake_install.cmake
2026-10-08T20:38:49.7594961Z -- Installing: D:/a/CaptureSuite/CaptureSuite/vcpkg/packages/vcpkg-cmake_x64-windows/share/vcpkg-cmake/vcpkg-port-config.cmake
2026-10-08T20:38:49.7599813Z -- Installing: D:/a/CaptureSuite/CaptureSuite/vcpkg/packages/vcpkg-cmake_x64-windows/share/vcpkg-cmake/copyright
2026-10-08T20:38:49.7636600Z -- Performing post-build validation
2026-10-08T20:38:49.7666552Z Elapsed time to handle vcpkg-cmake:x64-windows: 27.3 ms
2026-10-08T20:38:49.7667198Z vcpkg-cmake:x64-windows package ABI: 6e5636fafc4232f85644a367423292e715df0f5574d51f2f436d19bb80600fce
2026-10-08T20:38:49.7667707Z Installing 3/14 blake3:x64-windows@1.8.1...
2026-10-08T20:38:49.7668020Z Building blake3:x64-windows@1.8.1...
2026-10-08T20:38:49.7936177Z Downloading https://github.com/BLAKE3-team/BLAKE3/archive/1.8.1.tar.gz -> BLAKE3-team-BLAKE3-1.8.1.tar.gz
2026-10-08T20:38:50.3061856Z Successfully downloaded BLAKE3-team-BLAKE3-1.8.1.tar.gz
2026-10-08T20:38:50.5455805Z -- Extracting source D:/a/CaptureSuite/CaptureSuite/vcpkg/downloads/BLAKE3-team-BLAKE3-1.8.1.tar.gz
2026-10-08T20:38:50.7370702Z -- Applying patch fix-windows-arm-build-error.patch
2026-10-08T20:38:50.7604685Z -- Using source at D:/a/CaptureSuite/CaptureSuite/vcpkg/buildtrees/blake3/src/1.8.1-194041e9ce.clean
2026-10-08T20:38:50.7691966Z -- Found external ninja('1.12.1').
2026-10-08T20:38:50.7713312Z -- Configuring x64-windows
2026-10-08T20:38:52.4119060Z -- Building x64-windows-dbg
2026-10-08T20:38:53.8830306Z -- Building x64-windows-rel
2026-10-08T20:38:55.4924778Z -- Fixing pkgconfig file: D:/a/CaptureSuite/CaptureSuite/vcpkg/packages/blake3_x64-windows/lib/pkgconfig/libblake3.pc
2026-10-08T20:38:55.5058050Z Downloading msys2-mingw-w64-x86_64-pkgconf-1~2.4.3-1-any.pkg.tar.zst, trying https://mirror.msys2.org/mingw/mingw64/mingw-w64-x86_64-pkgconf-1~2.4.3-1-any.pkg.tar.zst
2026-10-08T20:38:56.3933642Z Successfully downloaded msys2-mingw-w64-x86_64-pkgconf-1~2.4.3-1-any.pkg.tar.zst
2026-10-08T20:38:56.4113644Z Downloading msys2-msys2-runtime-3.6.2-2-x86_64.pkg.tar.zst, trying https://mirror.msys2.org/msys/x86_64/msys2-runtime-3.6.2-2-x86_64.pkg.tar.zst
2026-10-08T20:38:57.1575032Z Successfully downloaded msys2-msys2-runtime-3.6.2-2-x86_64.pkg.tar.zst
2026-10-08T20:38:57.2135941Z -- Using msys root at D:/a/CaptureSuite/CaptureSuite/vcpkg/downloads/tools/msys2/9272adbcaf19caef
2026-10-08T20:38:57.2212554Z -- Fixing pkgconfig file: D:/a/CaptureSuite/CaptureSuite/vcpkg/packages/blake3_x64-windows/debug/lib/pkgconfig/libblake3.pc
2026-10-08T20:38:57.2330457Z -- Performing post-build validation
2026-10-08T20:38:57.2381437Z Elapsed time to handle blake3:x64-windows: 7.5 s
2026-10-08T20:38:57.2381858Z blake3:x64-windows package ABI: d01e8683dbf5a4ae04e7a3a4d347f7f535bb48b868c199aeacd40fbe6a01a8f3
2026-10-08T20:38:57.2382216Z Installing 4/14 catch2:x64-windows@3.10.0...
2026-10-08T20:38:57.2382430Z Building catch2:x64-windows@3.10.0...
2026-10-08T20:38:57.2593326Z -- Note: catch2 only supports static library linkage. Building static library.
2026-10-08T20:38:57.2671266Z Downloading https://github.com/catchorg/Catch2/archive/v3.10.0.tar.gz -> catchorg-Catch2-v3.10.0.tar.gz
2026-10-08T20:38:57.8953092Z Successfully downloaded catchorg-Catch2-v3.10.0.tar.gz
2026-10-08T20:38:57.9076193Z -- Extracting source D:/a/CaptureSuite/CaptureSuite/vcpkg/downloads/catchorg-Catch2-v3.10.0.tar.gz
2026-10-08T20:38:58.0727756Z -- Applying patch fix-install-path.patch
2026-10-08T20:38:58.0955128Z -- Using source at D:/a/CaptureSuite/CaptureSuite/vcpkg/buildtrees/catch2/src/v3.10.0-0c9c014064.clean
2026-10-08T20:38:58.1039053Z -- Found external ninja('1.12.1').
2026-10-08T20:38:58.1060824Z -- Configuring x64-windows
2026-10-08T20:38:58.7506578Z -- Building x64-windows-dbg
2026-10-08T20:39:12.3352647Z -- Building x64-windows-rel
2026-10-08T20:39:31.8518196Z -- Fixing pkgconfig file: D:/a/CaptureSuite/CaptureSuite/vcpkg/packages/catch2_x64-windows/lib/pkgconfig/catch2-with-main.pc
2026-10-08T20:39:31.8521619Z -- Fixing pkgconfig file: D:/a/CaptureSuite/CaptureSuite/vcpkg/packages/catch2_x64-windows/lib/pkgconfig/catch2.pc
2026-10-08T20:39:31.8584179Z -- Using cached msys2-mingw-w64-x86_64-pkgconf-1~2.4.3-1-any.pkg.tar.zst
2026-10-08T20:39:31.8631331Z -- Using cached msys2-msys2-runtime-3.6.2-2-x86_64.pkg.tar.zst
2026-10-08T20:39:31.8634400Z -- Using msys root at D:/a/CaptureSuite/CaptureSuite/vcpkg/downloads/tools/msys2/9272adbcaf19caef
2026-10-08T20:39:31.8732907Z -- Fixing pkgconfig file: D:/a/CaptureSuite/CaptureSuite/vcpkg/packages/catch2_x64-windows/debug/lib/pkgconfig/catch2-with-main.pc
2026-10-08T20:39:31.8737643Z -- Fixing pkgconfig file: D:/a/CaptureSuite/CaptureSuite/vcpkg/packages/catch2_x64-windows/debug/lib/pkgconfig/catch2.pc
2026-10-08T20:39:31.8909427Z -- Installing: D:/a/CaptureSuite/CaptureSuite/vcpkg/packages/catch2_x64-windows/share/catch2/copyright
2026-10-08T20:39:31.8961036Z -- Performing post-build validation
2026-10-08T20:39:32.0044297Z Elapsed time to handle catch2:x64-windows: 35 s
2026-10-08T20:39:32.0044848Z catch2:x64-windows package ABI: 77a0b0aa103760dc1150bdb2188b2017db1e518227e5f72d4bf990a23ddbbf89
2026-10-08T20:39:32.0045189Z Installing 5/14 zstd:x64-windows@1.5.7...
2026-10-08T20:39:32.0045469Z Building zstd:x64-windows@1.5.7...
2026-10-08T20:39:32.0330561Z Downloading https://github.com/facebook/zstd/archive/v1.5.7.tar.gz -> facebook-zstd-v1.5.7.tar.gz
2026-10-08T20:39:32.5996473Z Successfully downloaded facebook-zstd-v1.5.7.tar.gz
2026-10-08T20:39:32.6151644Z -- Extracting source D:/a/CaptureSuite/CaptureSuite/vcpkg/downloads/facebook-zstd-v1.5.7.tar.gz
2026-10-08T20:39:32.8035545Z -- Applying patch no-static-suffix.patch
2026-10-08T20:39:32.8238804Z -- Applying patch fix-emscripten-and-clang-cl.patch
2026-10-08T20:39:32.8425753Z -- Applying patch fix-windows-rc-compile.patch
2026-10-08T20:39:32.8621978Z -- Using source at D:/a/CaptureSuite/CaptureSuite/vcpkg/buildtrees/zstd/src/v1.5.7-bb6cae2b2e.clean
2026-10-08T20:39:32.8707743Z -- Found external ninja('1.12.1').
2026-10-08T20:39:32.8729201Z -- Configuring x64-windows
2026-10-08T20:39:35.3168941Z -- Building x64-windows-dbg
2026-10-08T20:39:36.5715877Z -- Building x64-windows-rel
2026-10-08T20:39:42.5352963Z -- Fixing pkgconfig file: D:/a/CaptureSuite/CaptureSuite/vcpkg/packages/zstd_x64-windows/lib/pkgconfig/libzstd.pc
2026-10-08T20:39:42.5416321Z -- Using cached msys2-mingw-w64-x86_64-pkgconf-1~2.4.3-1-any.pkg.tar.zst
2026-10-08T20:39:42.5463327Z -- Using cached msys2-msys2-runtime-3.6.2-2-x86_64.pkg.tar.zst
2026-10-08T20:39:42.5466736Z -- Using msys root at D:/a/CaptureSuite/CaptureSuite/vcpkg/downloads/tools/msys2/9272adbcaf19caef
2026-10-08T20:39:42.5527678Z -- Fixing pkgconfig file: D:/a/CaptureSuite/CaptureSuite/vcpkg/packages/zstd_x64-windows/debug/lib/pkgconfig/libzstd.pc
2026-10-08T20:39:42.5618939Z -- Installing: D:/a/CaptureSuite/CaptureSuite/vcpkg/packages/zstd_x64-windows/share/zstd/usage
2026-10-08T20:39:42.5677368Z -- Performing post-build validation
2026-10-08T20:39:42.6095110Z Elapsed time to handle zstd:x64-windows: 11 s
2026-10-08T20:39:42.6095553Z zstd:x64-windows package ABI: d1503b511668f1701d917bb742d9f40feefaa7b28200160a8d742121ab1f215c
2026-10-08T20:39:42.6095857Z Installing 6/14 lz4:x64-windows@1.10.0...
2026-10-08T20:39:42.6096053Z Building lz4:x64-windows@1.10.0...
2026-10-08T20:39:42.6395216Z Downloading https://github.com/lz4/lz4/archive/v1.10.0.tar.gz -> lz4-lz4-v1.10.0.tar.gz
2026-10-08T20:39:43.1407204Z Successfully downloaded lz4-lz4-v1.10.0.tar.gz
2026-10-08T20:39:43.1512518Z -- Extracting source D:/a/CaptureSuite/CaptureSuite/vcpkg/downloads/lz4-lz4-v1.10.0.tar.gz
2026-10-08T20:39:43.2971227Z -- Applying patch target-lz4-lz4.diff
2026-10-08T20:39:43.3185778Z -- Using source at D:/a/CaptureSuite/CaptureSuite/vcpkg/buildtrees/lz4/src/v1.10.0-61bd08d80e.clean
2026-10-08T20:39:43.3266326Z -- Found external ninja('1.12.1').
2026-10-08T20:39:43.3286709Z -- Configuring x64-windows
2026-10-08T20:39:43.8665475Z -- Building x64-windows-dbg
2026-10-08T20:39:44.1642905Z -- Building x64-windows-rel
2026-10-08T20:39:46.5665713Z -- Fixing pkgconfig file: D:/a/CaptureSuite/CaptureSuite/vcpkg/packages/lz4_x64-windows/lib/pkgconfig/liblz4.pc
2026-10-08T20:39:46.5728643Z -- Using cached msys2-mingw-w64-x86_64-pkgconf-1~2.4.3-1-any.pkg.tar.zst
2026-10-08T20:39:46.5776335Z -- Using cached msys2-msys2-runtime-3.6.2-2-x86_64.pkg.tar.zst
2026-10-08T20:39:46.5779677Z -- Using msys root at D:/a/CaptureSuite/CaptureSuite/vcpkg/downloads/tools/msys2/9272adbcaf19caef
2026-10-08T20:39:46.5837161Z -- Fixing pkgconfig file: D:/a/CaptureSuite/CaptureSuite/vcpkg/packages/lz4_x64-windows/debug/lib/pkgconfig/liblz4.pc
2026-10-08T20:39:46.5894363Z -- Installing: D:/a/CaptureSuite/CaptureSuite/vcpkg/packages/lz4_x64-windows/share/lz4/usage
2026-10-08T20:39:46.5900448Z -- Installing: D:/a/CaptureSuite/CaptureSuite/vcpkg/packages/lz4_x64-windows/share/lz4/copyright
2026-10-08T20:39:46.5949970Z -- Performing post-build validation
2026-10-08T20:39:46.6025104Z Elapsed time to handle lz4:x64-windows: 4 s
2026-10-08T20:39:46.6025714Z lz4:x64-windows package ABI: 7219532f34156addc05fb83210c7661d5bf181656d687d8d8ecf5254f1125931
2026-10-08T20:39:46.6026262Z Installing 7/14 mcap[core,lz4,zstd]:x64-windows@2.0.2...
2026-10-08T20:39:46.6026665Z Building mcap[core,lz4,zstd]:x64-windows@2.0.2...
2026-10-08T20:39:46.6293263Z Downloading https://github.com/foxglove/mcap/archive/releases/cpp/v2.0.2.tar.gz -> foxglove-mcap-releases_-cpp_-v2.0.2.tar.gz
2026-10-08T20:39:47.2660206Z Successfully downloaded foxglove-mcap-releases_-cpp_-v2.0.2.tar.gz
2026-10-08T20:39:47.2774095Z -- Extracting source D:/a/CaptureSuite/CaptureSuite/vcpkg/downloads/foxglove-mcap-releases_-cpp_-v2.0.2.tar.gz
2026-10-08T20:39:47.5096144Z -- Using source at D:/a/CaptureSuite/CaptureSuite/vcpkg/buildtrees/mcap/src/pp_-v2.0.2-be763db1af.clean
2026-10-08T20:39:47.5098141Z -- Up-to-date: D:/a/CaptureSuite/CaptureSuite/vcpkg/packages/mcap_x64-windows/include
2026-10-08T20:39:47.5099038Z -- Installing: D:/a/CaptureSuite/CaptureSuite/vcpkg/packages/mcap_x64-windows/include/mcap
2026-10-08T20:39:47.5102235Z -- Installing: D:/a/CaptureSuite/CaptureSuite/vcpkg/packages/mcap_x64-windows/include/mcap/crc32.hpp
2026-10-08T20:39:47.5106163Z -- Installing: D:/a/CaptureSuite/CaptureSuite/vcpkg/packages/mcap_x64-windows/include/mcap/errors.hpp
2026-10-08T20:39:47.5110244Z -- Installing: D:/a/CaptureSuite/CaptureSuite/vcpkg/packages/mcap_x64-windows/include/mcap/internal.hpp
2026-10-08T20:39:47.5114245Z -- Installing: D:/a/CaptureSuite/CaptureSuite/vcpkg/packages/mcap_x64-windows/include/mcap/intervaltree.hpp
2026-10-08T20:39:47.5117461Z -- Installing: D:/a/CaptureSuite/CaptureSuite/vcpkg/packages/mcap_x64-windows/include/mcap/mcap.hpp
2026-10-08T20:39:47.5120791Z -- Installing: D:/a/CaptureSuite/CaptureSuite/vcpkg/packages/mcap_x64-windows/include/mcap/reader.hpp
2026-10-08T20:39:47.5124658Z -- Installing: D:/a/CaptureSuite/CaptureSuite/vcpkg/packages/mcap_x64-windows/include/mcap/reader.inl
2026-10-08T20:39:47.5130320Z -- Installing: D:/a/CaptureSuite/CaptureSuite/vcpkg/packages/mcap_x64-windows/include/mcap/read_job_queue.hpp
2026-10-08T20:39:47.5133841Z -- Installing: D:/a/CaptureSuite/CaptureSuite/vcpkg/packages/mcap_x64-windows/include/mcap/types.hpp
2026-10-08T20:39:47.5137484Z -- Installing: D:/a/CaptureSuite/CaptureSuite/vcpkg/packages/mcap_x64-windows/include/mcap/types.inl
2026-10-08T20:39:47.5140615Z -- Installing: D:/a/CaptureSuite/CaptureSuite/vcpkg/packages/mcap_x64-windows/include/mcap/visibility.hpp
2026-10-08T20:39:47.5143799Z -- Installing: D:/a/CaptureSuite/CaptureSuite/vcpkg/packages/mcap_x64-windows/include/mcap/writer.hpp
2026-10-08T20:39:47.5147545Z -- Installing: D:/a/CaptureSuite/CaptureSuite/vcpkg/packages/mcap_x64-windows/include/mcap/writer.inl
2026-10-08T20:39:47.5196493Z -- Performing post-build validation
2026-10-08T20:39:47.5245191Z Elapsed time to handle mcap:x64-windows: 922 ms
2026-10-08T20:39:47.5245802Z mcap:x64-windows package ABI: 21e7a4de928341f74dcddc5f813736c979bb19ee7edc88f4f1f1f158b3a74971
2026-10-08T20:39:47.5246339Z Installing 8/14 nlohmann-json:x64-windows@3.12.0#1...
2026-10-08T20:39:47.5246708Z Building nlohmann-json:x64-windows@3.12.0#1...
2026-10-08T20:39:47.5513708Z Downloading https://github.com/nlohmann/json/archive/v3.12.0.tar.gz -> nlohmann-json-v3.12.0.tar.gz
2026-10-08T20:39:48.2425848Z Successfully downloaded nlohmann-json-v3.12.0.tar.gz
2026-10-08T20:39:48.2749149Z -- Extracting source D:/a/CaptureSuite/CaptureSuite/vcpkg/downloads/nlohmann-json-v3.12.0.tar.gz
2026-10-08T20:39:48.4936919Z -- Applying patch fix-4742_std_optional.patch
2026-10-08T20:39:48.5188651Z -- Using source at D:/a/CaptureSuite/CaptureSuite/vcpkg/buildtrees/nlohmann-json/src/v3.12.0-087f34fe5c.clean
2026-10-08T20:39:48.5269202Z -- Found external ninja('1.12.1').
2026-10-08T20:39:48.5290350Z -- Configuring x64-windows
2026-10-08T20:39:49.0968248Z -- Building x64-windows-dbg
2026-10-08T20:39:49.1492261Z -- Building x64-windows-rel
2026-10-08T20:39:49.2072347Z -- Fixing pkgconfig file: D:/a/CaptureSuite/CaptureSuite/vcpkg/packages/nlohmann-json_x64-windows/share/pkgconfig/nlohmann_json.pc
2026-10-08T20:39:49.2135349Z -- Using cached msys2-mingw-w64-x86_64-pkgconf-1~2.4.3-1-any.pkg.tar.zst
2026-10-08T20:39:49.2182637Z -- Using cached msys2-msys2-runtime-3.6.2-2-x86_64.pkg.tar.zst
2026-10-08T20:39:49.2185645Z -- Using msys root at D:/a/CaptureSuite/CaptureSuite/vcpkg/downloads/tools/msys2/9272adbcaf19caef
2026-10-08T20:39:49.2241224Z -- Fixing pkgconfig file: D:/a/CaptureSuite/CaptureSuite/vcpkg/packages/nlohmann-json_x64-windows/debug/share/pkgconfig/nlohmann_json.pc
2026-10-08T20:39:49.2320734Z -- Installing: D:/a/CaptureSuite/CaptureSuite/vcpkg/packages/nlohmann-json_x64-windows/share/nlohmann-json/copyright
2026-10-08T20:39:49.2373070Z -- Performing post-build validation
2026-10-08T20:39:49.2482395Z Elapsed time to handle nlohmann-json:x64-windows: 1.7 s
2026-10-08T20:39:49.2483116Z nlohmann-json:x64-windows package ABI: 8bd2a29ca56ed5f9f1d4fe73683b75034aba39a285eade8d38e147dde0252624
2026-10-08T20:39:49.2483665Z Installing 9/14 abseil:x64-windows@20250127.1#4...
2026-10-08T20:39:49.2484024Z Building abseil:x64-windows@20250127.1#4...
2026-10-08T20:39:49.2772055Z Downloading https://github.com/abseil/abseil-cpp/archive/20250127.1.tar.gz -> abseil-abseil-cpp-20250127.1.tar.gz
2026-10-08T20:39:49.9067085Z Successfully downloaded abseil-abseil-cpp-20250127.1.tar.gz
2026-10-08T20:39:49.9211397Z -- Extracting source D:/a/CaptureSuite/CaptureSuite/vcpkg/downloads/abseil-abseil-cpp-20250127.1.tar.gz
2026-10-08T20:39:50.1508307Z -- Applying patch 001-mingw-dll.patch
2026-10-08T20:39:50.1729305Z -- Using source at D:/a/CaptureSuite/CaptureSuite/vcpkg/buildtrees/abseil/src/20250127.1-2a0a5c697e.clean
2026-10-08T20:39:50.1809081Z -- Found external ninja('1.12.1').
2026-10-08T20:39:50.1825382Z -- Configuring x64-windows-dbg
2026-10-08T20:39:52.4205578Z -- Configuring x64-windows-rel
2026-10-08T20:39:53.7485146Z -- Building x64-windows-dbg
2026-10-08T20:40:17.2362553Z -- Building x64-windows-rel
2026-10-08T20:40:45.7014538Z -- Fixing pkgconfig file: D:/a/CaptureSuite/CaptureSuite/vcpkg/packages/abseil_x64-windows/lib/pkgconfig/abseil_dll.pc
2026-10-08T20:40:45.7017626Z -- Fixing pkgconfig file: D:/a/CaptureSuite/CaptureSuite/vcpkg/packages/abseil_x64-windows/lib/pkgconfig/absl_absl_check.pc
2026-10-08T20:40:45.7022025Z -- Fixing pkgconfig file: D:/a/CaptureSuite/CaptureSuite/vcpkg/packages/abseil_x64-windows/lib/pkgconfig/absl_absl_log.pc
2026-10-08T20:40:45.7026194Z -- Fixing pkgconfig file: D:/a/CaptureSuite/CaptureSuite/vcpkg/packages/abseil_x64-windows/lib/pkgconfig/absl_absl_vlog_is_on.pc
2026-10-08T20:40:45.7030148Z -- Fixing pkgconfig file: D:/a/CaptureSuite/CaptureSuite/vcpkg/packages/abseil_x64-windows/lib/pkgconfig/absl_algorithm.pc
2026-10-08T20:40:45.7033811Z -- Fixing pkgconfig file: D:/a/CaptureSuite/CaptureSuite/vcpkg/packages/abseil_x64-windows/lib/pkgconfig/absl_algorithm_container.pc
2026-10-08T20:40:45.7037047Z -- Fixing pkgconfig file: D:/a/CaptureSuite/CaptureSuite/vcpkg/packages/abseil_x64-windows/lib/pkgconfig/absl_any.pc
2026-10-08T20:40:45.7040993Z -- Fixing pkgconfig file: D:/a/CaptureSuite/CaptureSuite/vcpkg/packages/abseil_x64-windows/lib/pkgconfig/absl_any_invocable.pc
2026-10-08T20:40:45.7044896Z -- Fixing pkgconfig file: D:/a/CaptureSuite/CaptureSuite/vcpkg/packages/abseil_x64-windows/lib/pkgconfig/absl_atomic_hook.pc
2026-10-08T20:40:45.7048164Z -- Fixing pkgconfig file: D:/a/CaptureSuite/CaptureSuite/vcpkg/packages/abseil_x64-windows/lib/pkgconfig/absl_bad_any_cast.pc
2026-10-08T20:40:45.7051680Z -- Fixing pkgconfig file: D:/a/CaptureSuite/CaptureSuite/vcpkg/packages/abseil_x64-windows/lib/pkgconfig/absl_bad_any_cast_impl.pc
2026-10-08T20:40:45.7055375Z -- Fixing pkgconfig file: D:/a/CaptureSuite/CaptureSuite/vcpkg/packages/abseil_x64-windows/lib/pkgconfig/absl_bad_optional_access.pc
2026-10-08T20:40:45.7058875Z -- Fixing pkgconfig file: D:/a/CaptureSuite/CaptureSuite/vcpkg/packages/abseil_x64-windows/lib/pkgconfig/absl_bad_variant_access.pc
2026-10-08T20:40:45.7062346Z -- Fixing pkgconfig file: D:/a/CaptureSuite/CaptureSuite/vcpkg/packages/abseil_x64-windows/lib/pkgconfig/absl_base.pc
2026-10-08T20:40:45.7066068Z -- Fixing pkgconfig file: D:/a/CaptureSuite/CaptureSuite/vcpkg/packages/abseil_x64-windows/lib/pkgconfig/absl_base_internal.pc
2026-10-08T20:40:45.7069362Z -- Fixing pkgconfig file: D:/a/CaptureSuite/CaptureSuite/vcpkg/packages/abseil_x64-windows/lib/pkgconfig/absl_bind_front.pc
2026-10-08T20:40:45.7072657Z -- Fixing pkgconfig file: D:/a/CaptureSuite/CaptureSuite/vcpkg/packages/abseil_x64-windows/lib/pkgconfig/absl_bits.pc
2026-10-08T20:40:45.7076219Z -- Fixing pkgconfig file: D:/a/CaptureSuite/CaptureSuite/vcpkg/packages/abseil_x64-windows/lib/pkgconfig/absl_bounded_utf8_length_sequence.pc
2026-10-08T20:40:45.7079878Z -- Fixing pkgconfig file: D:/a/CaptureSuite/CaptureSuite/vcpkg/packages/abseil_x64-windows/lib/pkgconfig/absl_btree.pc
2026-10-08T20:40:45.7083651Z -- Fixing pkgconfig file: D:/a/CaptureSuite/CaptureSuite/vcpkg/packages/abseil_x64-windows/lib/pkgconfig/absl_charset.pc
2026-10-08T20:40:45.7087190Z -- Fixing pkgconfig file: D:/a/CaptureSuite/CaptureSuite/vcpkg/packages/abseil_x64-windows/lib/pkgconfig/absl_check.pc
2026-10-08T20:40:45.7090551Z -- Fixing pkgconfig file: D:/a/CaptureSuite/CaptureSuite/vcpkg/packages/abseil_x64-windows/lib/pkgconfig/absl_city.pc
2026-10-08T20:40:45.7094711Z -- Fixing pkgconfig file: D:/a/CaptureSuite/CaptureSuite/vcpkg/packages/abseil_x64-windows/lib/pkgconfig/absl_civil_time.pc
2026-10-08T20:40:45.7097366Z -- Fixing pkgconfig file: D:/a/CaptureSuite/CaptureSuite/vcpkg/packages/abseil_x64-windows/lib/pkgconfig/absl_cleanup.pc
2026-10-08T20:40:45.7100667Z -- Fixing pkgconfig file: D:/a/CaptureSuite/CaptureSuite/vcpkg/packages/abseil_x64-windows/lib/pkgconfig/absl_cleanup_internal.pc
2026-10-08T20:40:45.7104215Z -- Fixing pkgconfig file: D:/a/CaptureSuite/CaptureSuite/vcpkg/packages/abseil_x64-windows/lib/pkgconfig/absl_common_policy_traits.pc
2026-10-08T20:40:45.7107661Z -- Fixing pkgconfig file: D:/a/CaptureSuite/CaptureSuite/vcpkg/packages/abseil_x64-windows/lib/pkgconfig/absl_compare.pc
2026-10-08T20:40:45.7110872Z -- Fixing pkgconfig file: D:/a/CaptureSuite/CaptureSuite/vcpkg/packages/abseil_x64-windows/lib/pkgconfig/absl_compressed_tuple.pc
2026-10-08T20:40:45.7114062Z -- Fixing pkgconfig file: D:/a/CaptureSuite/CaptureSuite/vcpkg/packages/abseil_x64-windows/lib/pkgconfig/absl_config.pc
2026-10-08T20:40:45.7117590Z -- Fixing pkgconfig file: D:/a/CaptureSuite/CaptureSuite/vcpkg/packages/abseil_x64-windows/lib/pkgconfig/absl_container_common.pc
2026-10-08T20:40:45.7120841Z -- Fixing pkgconfig file: D:/a/CaptureSuite/CaptureSuite/vcpkg/packages/abseil_x64-windows/lib/pkgconfig/absl_container_memory.pc
2026-10-08T20:40:45.7124113Z -- Fixing pkgconfig file: D:/a/CaptureSuite/CaptureSuite/vcpkg/packages/abseil_x64-windows/lib/pkgconfig/absl_cord.pc
2026-10-08T20:40:45.7127561Z -- Fixing pkgconfig file: D:/a/CaptureSuite/CaptureSuite/vcpkg/packages/abseil_x64-windows/lib/pkgconfig/absl_cord_internal.pc
2026-10-08T20:40:45.7130894Z -- Fixing pkgconfig file: D:/a/CaptureSuite/CaptureSuite/vcpkg/packages/abseil_x64-windows/lib/pkgconfig/absl_cordz_functions.pc
2026-10-08T20:40:45.7134207Z -- Fixing pkgconfig file: D:/a/CaptureSuite/CaptureSuite/vcpkg/packages/abseil_x64-windows/lib/pkgconfig/absl_cordz_handle.pc
2026-10-08T20:40:45.7137553Z -- Fixing pkgconfig file: D:/a/CaptureSuite/CaptureSuite/vcpkg/packages/abseil_x64-windows/lib/pkgconfig/absl_cordz_info.pc
2026-10-08T20:40:45.7140982Z -- Fixing pkgconfig file: D:/a/CaptureSuite/CaptureSuite/vcpkg/packages/abseil_x64-windows/lib/pkgconfig/absl_cordz_sample_token.pc
2026-10-08T20:40:45.7144186Z -- Fixing pkgconfig file: D:/a/CaptureSuite/CaptureSuite/vcpkg/packages/abseil_x64-windows/lib/pkgconfig/absl_cordz_statistics.pc
2026-10-08T20:40:45.7147735Z -- Fixing pkgconfig file: D:/a/CaptureSuite/CaptureSuite/vcpkg/packages/abseil_x64-windows/lib/pkgconfig/absl_cordz_update_scope.pc
2026-10-08T20:40:45.7151413Z -- Fixing pkgconfig file: D:/a/CaptureSuite/CaptureSuite/vcpkg/packages/abseil_x64-windows/lib/pkgconfig/absl_cordz_update_tracker.pc
2026-10-08T20:40:45.7154665Z -- Fixing pkgconfig file: D:/a/CaptureSuite/CaptureSuite/vcpkg/packages/abseil_x64-windows/lib/pkgconfig/absl_core_headers.pc
2026-10-08T20:40:45.7158108Z -- Fixing pkgconfig file: D:/a/CaptureSuite/CaptureSuite/vcpkg/packages/abseil_x64-windows/lib/pkgconfig/absl_crc32c.pc
2026-10-08T20:40:45.7161947Z -- Fixing pkgconfig file: D:/a/CaptureSuite/CaptureSuite/vcpkg/packages/abseil_x64-windows/lib/pkgconfig/absl_crc_cord_state.pc
2026-10-08T20:40:45.7165452Z -- Fixing pkgconfig file: D:/a/CaptureSuite/CaptureSuite/vcpkg/packages/abseil_x64-windows/lib/pkgconfig/absl_crc_cpu_detect.pc
2026-10-08T20:40:45.7168786Z -- Fixing pkgconfig file: D:/a/CaptureSuite/CaptureSuite/vcpkg/packages/abseil_x64-windows/lib/pkgconfig/absl_crc_internal.pc
2026-10-08T20:40:45.7172073Z -- Fixing pkgconfig file: D:/a/CaptureSuite/CaptureSuite/vcpkg/packages/abseil_x64-windows/lib/pkgconfig/absl_debugging.pc
2026-10-08T20:40:45.7175579Z -- Fixing pkgconfig file: D:/a/CaptureSuite/CaptureSuite/vcpkg/packages/abseil_x64-windows/lib/pkgconfig/absl_debugging_internal.pc
2026-10-08T20:40:45.7178891Z -- Fixing pkgconfig file: D:/a/CaptureSuite/CaptureSuite/vcpkg/packages/abseil_x64-windows/lib/pkgconfig/absl_decode_rust_punycode.pc
2026-10-08T20:40:45.7182840Z -- Fixing pkgconfig file: D:/a/CaptureSuite/CaptureSuite/vcpkg/packages/abseil_x64-windows/lib/pkgconfig/absl_demangle_internal.pc
2026-10-08T20:40:45.7186131Z -- Fixing pkgconfig file: D:/a/CaptureSuite/CaptureSuite/vcpkg/packages/abseil_x64-windows/lib/pkgconfig/absl_demangle_rust.pc
2026-10-08T20:40:45.7190156Z -- Fixing pkgconfig file: D:/a/CaptureSuite/CaptureSuite/vcpkg/packages/abseil_x64-windows/lib/pkgconfig/absl_die_if_null.pc
2026-10-08T20:40:45.7193671Z -- Fixing pkgconfig file: D:/a/CaptureSuite/CaptureSuite/vcpkg/packages/abseil_x64-windows/lib/pkgconfig/absl_dynamic_annotations.pc
2026-10-08T20:40:45.7197138Z -- Fixing pkgconfig file: D:/a/CaptureSuite/CaptureSuite/vcpkg/packages/abseil_x64-windows/lib/pkgconfig/absl_endian.pc
2026-10-08T20:40:45.7200590Z -- Fixing pkgconfig file: D:/a/CaptureSuite/CaptureSuite/vcpkg/packages/abseil_x64-windows/lib/pkgconfig/absl_errno_saver.pc
2026-10-08T20:40:45.7204076Z -- Fixing pkgconfig file: D:/a/CaptureSuite/CaptureSuite/vcpkg/packages/abseil_x64-windows/lib/pkgconfig/absl_examine_stack.pc
2026-10-08T20:40:45.7207344Z -- Fixing pkgconfig file: D:/a/CaptureSuite/CaptureSuite/vcpkg/packages/abseil_x64-windows/lib/pkgconfig/absl_exponential_biased.pc
2026-10-08T20:40:45.7210671Z -- Fixing pkgconfig file: D:/a/CaptureSuite/CaptureSuite/vcpkg/packages/abseil_x64-windows/lib/pkgconfig/absl_failure_signal_handler.pc
2026-10-08T20:40:45.7214117Z -- Fixing pkgconfig file: D:/a/CaptureSuite/CaptureSuite/vcpkg/packages/abseil_x64-windows/lib/pkgconfig/absl_fast_type_id.pc
2026-10-08T20:40:45.7217903Z -- Fixing pkgconfig file: D:/a/CaptureSuite/CaptureSuite/vcpkg/packages/abseil_x64-windows/lib/pkgconfig/absl_fixed_array.pc
2026-10-08T20:40:45.7221279Z -- Fixing pkgconfig file: D:/a/CaptureSuite/CaptureSuite/vcpkg/packages/abseil_x64-windows/lib/pkgconfig/absl_flags.pc
2026-10-08T20:40:45.7225435Z -- Fixing pkgconfig file: D:/a/CaptureSuite/CaptureSuite/vcpkg/packages/abseil_x64-windows/lib/pkgconfig/absl_flags_commandlineflag.pc
2026-10-08T20:40:45.7229724Z -- Fixing pkgconfig file: D:/a/CaptureSuite/CaptureSuite/vcpkg/packages/abseil_x64-windows/lib/pkgconfig/absl_flags_commandlineflag_internal.pc
2026-10-08T20:40:45.7233595Z -- Fixing pkgconfig file: D:/a/CaptureSuite/CaptureSuite/vcpkg/packages/abseil_x64-windows/lib/pkgconfig/absl_flags_config.pc
2026-10-08T20:40:45.7237749Z -- Fixing pkgconfig file: D:/a/CaptureSuite/CaptureSuite/vcpkg/packages/abseil_x64-windows/lib/pkgconfig/absl_flags_internal.pc
2026-10-08T20:40:45.7242019Z -- Fixing pkgconfig file: D:/a/CaptureSuite/CaptureSuite/vcpkg/packages/abseil_x64-windows/lib/pkgconfig/absl_flags_marshalling.pc
2026-10-08T20:40:45.7246117Z -- Fixing pkgconfig file: D:/a/CaptureSuite/CaptureSuite/vcpkg/packages/abseil_x64-windows/lib/pkgconfig/absl_flags_parse.pc
2026-10-08T20:40:45.7250359Z -- Fixing pkgconfig file: D:/a/CaptureSuite/CaptureSuite/vcpkg/packages/abseil_x64-windows/lib/pkgconfig/absl_flags_path_util.pc
2026-10-08T20:40:45.7253997Z -- Fixing pkgconfig file: D:/a/CaptureSuite/CaptureSuite/vcpkg/packages/abseil_x64-windows/lib/pkgconfig/absl_flags_private_handle_accessor.pc
2026-10-08T20:40:45.7258128Z -- Fixing pkgconfig file: D:/a/CaptureSuite/CaptureSuite/vcpkg/packages/abseil_x64-windows/lib/pkgconfig/absl_flags_program_name.pc
2026-10-08T20:40:45.7262324Z -- Fixing pkgconfig file: D:/a/CaptureSuite/CaptureSuite/vcpkg/packages/abseil_x64-windows/lib/pkgconfig/absl_flags_reflection.pc
2026-10-08T20:40:45.7266537Z -- Fixing pkgconfig file: D:/a/CaptureSuite/CaptureSuite/vcpkg/packages/abseil_x64-windows/lib/pkgconfig/absl_flags_usage.pc
2026-10-08T20:40:45.7270556Z -- Fixing pkgconfig file: D:/a/CaptureSuite/CaptureSuite/vcpkg/packages/abseil_x64-windows/lib/pkgconfig/absl_flags_usage_internal.pc
2026-10-08T20:40:45.7274605Z -- Fixing pkgconfig file: D:/a/CaptureSuite/CaptureSuite/vcpkg/packages/abseil_x64-windows/lib/pkgconfig/absl_flat_hash_map.pc
2026-10-08T20:40:45.7278164Z -- Fixing pkgconfig file: D:/a/CaptureSuite/CaptureSuite/vcpkg/packages/abseil_x64-windows/lib/pkgconfig/absl_flat_hash_set.pc
2026-10-08T20:40:45.7281514Z -- Fixing pkgconfig file: D:/a/CaptureSuite/CaptureSuite/vcpkg/packages/abseil_x64-windows/lib/pkgconfig/absl_function_ref.pc
2026-10-08T20:40:45.7284811Z -- Fixing pkgconfig file: D:/a/CaptureSuite/CaptureSuite/vcpkg/packages/abseil_x64-windows/lib/pkgconfig/absl_graphcycles_internal.pc
2026-10-08T20:40:45.7288301Z -- Fixing pkgconfig file: D:/a/CaptureSuite/CaptureSuite/vcpkg/packages/abseil_x64-windows/lib/pkgconfig/absl_has_ostream_operator.pc
2026-10-08T20:40:45.7291531Z -- Fixing pkgconfig file: D:/a/CaptureSuite/CaptureSuite/vcpkg/packages/abseil_x64-windows/lib/pkgconfig/absl_hash.pc
2026-10-08T20:40:45.7294944Z -- Fixing pkgconfig file: D:/a/CaptureSuite/CaptureSuite/vcpkg/packages/abseil_x64-windows/lib/pkgconfig/absl_hash_container_defaults.pc
2026-10-08T20:40:45.7298630Z -- Fixing pkgconfig file: D:/a/CaptureSuite/CaptureSuite/vcpkg/packages/abseil_x64-windows/lib/pkgconfig/absl_hash_function_defaults.pc
2026-10-08T20:40:45.7301890Z -- Fixing pkgconfig file: D:/a/CaptureSuite/CaptureSuite/vcpkg/packages/abseil_x64-windows/lib/pkgconfig/absl_hash_policy_traits.pc
2026-10-08T20:40:45.7305227Z -- Fixing pkgconfig file: D:/a/CaptureSuite/CaptureSuite/vcpkg/packages/abseil_x64-windows/lib/pkgconfig/absl_hashtable_debug.pc
2026-10-08T20:40:45.7308771Z -- Fixing pkgconfig file: D:/a/CaptureSuite/CaptureSuite/vcpkg/packages/abseil_x64-windows/lib/pkgconfig/absl_hashtable_debug_hooks.pc
2026-10-08T20:40:45.7312027Z -- Fixing pkgconfig file: D:/a/CaptureSuite/CaptureSuite/vcpkg/packages/abseil_x64-windows/lib/pkgconfig/absl_hashtablez_sampler.pc
2026-10-08T20:40:45.7315608Z -- Fixing pkgconfig file: D:/a/CaptureSuite/CaptureSuite/vcpkg/packages/abseil_x64-windows/lib/pkgconfig/absl_if_constexpr.pc
2026-10-08T20:40:45.7319126Z -- Fixing pkgconfig file: D:/a/CaptureSuite/CaptureSuite/vcpkg/packages/abseil_x64-windows/lib/pkgconfig/absl_inlined_vector.pc
2026-10-08T20:40:45.7322701Z -- Fixing pkgconfig file: D:/a/CaptureSuite/CaptureSuite/vcpkg/packages/abseil_x64-windows/lib/pkgconfig/absl_inlined_vector_internal.pc
2026-10-08T20:40:45.7325893Z -- Fixing pkgconfig file: D:/a/CaptureSuite/CaptureSuite/vcpkg/packages/abseil_x64-windows/lib/pkgconfig/absl_int128.pc
2026-10-08T20:40:45.7329335Z -- Fixing pkgconfig file: D:/a/CaptureSuite/CaptureSuite/vcpkg/packages/abseil_x64-windows/lib/pkgconfig/absl_kernel_timeout_internal.pc
2026-10-08T20:40:45.7332726Z -- Fixing pkgconfig file: D:/a/CaptureSuite/CaptureSuite/vcpkg/packages/abseil_x64-windows/lib/pkgconfig/absl_layout.pc
2026-10-08T20:40:45.7336023Z -- Fixing pkgconfig file: D:/a/CaptureSuite/CaptureSuite/vcpkg/packages/abseil_x64-windows/lib/pkgconfig/absl_leak_check.pc
2026-10-08T20:40:45.7339338Z -- Fixing pkgconfig file: D:/a/CaptureSuite/CaptureSuite/vcpkg/packages/abseil_x64-windows/lib/pkgconfig/absl_log.pc
2026-10-08T20:40:45.7343072Z -- Fixing pkgconfig file: D:/a/CaptureSuite/CaptureSuite/vcpkg/packages/abseil_x64-windows/lib/pkgconfig/absl_log_entry.pc
2026-10-08T20:40:45.7346813Z -- Fixing pkgconfig file: D:/a/CaptureSuite/CaptureSuite/vcpkg/packages/abseil_x64-windows/lib/pkgconfig/absl_log_flags.pc
2026-10-08T20:40:45.7351117Z -- Fixing pkgconfig file: D:/a/CaptureSuite/CaptureSuite/vcpkg/packages/abseil_x64-windows/lib/pkgconfig/absl_log_globals.pc
2026-10-08T20:40:45.7354715Z -- Fixing pkgconfig file: D:/a/CaptureSuite/CaptureSuite/vcpkg/packages/abseil_x64-windows/lib/pkgconfig/absl_log_initialize.pc
2026-10-08T20:40:45.7358312Z -- Fixing pkgconfig file: D:/a/CaptureSuite/CaptureSuite/vcpkg/packages/abseil_x64-windows/lib/pkgconfig/absl_log_internal_append_truncated.pc
2026-10-08T20:40:45.7362202Z -- Fixing pkgconfig file: D:/a/CaptureSuite/CaptureSuite/vcpkg/packages/abseil_x64-windows/lib/pkgconfig/absl_log_internal_check_impl.pc
2026-10-08T20:40:45.7365843Z -- Fixing pkgconfig file: D:/a/CaptureSuite/CaptureSuite/vcpkg/packages/abseil_x64-windows/lib/pkgconfig/absl_log_internal_check_op.pc
2026-10-08T20:40:45.7369523Z -- Fixing pkgconfig file: D:/a/CaptureSuite/CaptureSuite/vcpkg/packages/abseil_x64-windows/lib/pkgconfig/absl_log_internal_conditions.pc
2026-10-08T20:40:45.7373369Z -- Fixing pkgconfig file: D:/a/CaptureSuite/CaptureSuite/vcpkg/packages/abseil_x64-windows/lib/pkgconfig/absl_log_internal_config.pc
2026-10-08T20:40:45.7376815Z -- Fixing pkgconfig file: D:/a/CaptureSuite/CaptureSuite/vcpkg/packages/abseil_x64-windows/lib/pkgconfig/absl_log_internal_flags.pc
2026-10-08T20:40:45.7380351Z -- Fixing pkgconfig file: D:/a/CaptureSuite/CaptureSuite/vcpkg/packages/abseil_x64-windows/lib/pkgconfig/absl_log_internal_fnmatch.pc
2026-10-08T20:40:45.7384050Z -- Fixing pkgconfig file: D:/a/CaptureSuite/CaptureSuite/vcpkg/packages/abseil_x64-windows/lib/pkgconfig/absl_log_internal_format.pc
2026-10-08T20:40:45.7387677Z -- Fixing pkgconfig file: D:/a/CaptureSuite/CaptureSuite/vcpkg/packages/abseil_x64-windows/lib/pkgconfig/absl_log_internal_globals.pc
2026-10-08T20:40:45.7391553Z -- Fixing pkgconfig file: D:/a/CaptureSuite/CaptureSuite/vcpkg/packages/abseil_x64-windows/lib/pkgconfig/absl_log_internal_log_impl.pc
2026-10-08T20:40:45.7395420Z -- Fixing pkgconfig file: D:/a/CaptureSuite/CaptureSuite/vcpkg/packages/abseil_x64-windows/lib/pkgconfig/absl_log_internal_log_sink_set.pc
2026-10-08T20:40:45.7398913Z -- Fixing pkgconfig file: D:/a/CaptureSuite/CaptureSuite/vcpkg/packages/abseil_x64-windows/lib/pkgconfig/absl_log_internal_message.pc
2026-10-08T20:40:45.7402477Z -- Fixing pkgconfig file: D:/a/CaptureSuite/CaptureSuite/vcpkg/packages/abseil_x64-windows/lib/pkgconfig/absl_log_internal_nullguard.pc
2026-10-08T20:40:45.7406186Z -- Fixing pkgconfig file: D:/a/CaptureSuite/CaptureSuite/vcpkg/packages/abseil_x64-windows/lib/pkgconfig/absl_log_internal_nullstream.pc
2026-10-08T20:40:45.7409648Z -- Fixing pkgconfig file: D:/a/CaptureSuite/CaptureSuite/vcpkg/packages/abseil_x64-windows/lib/pkgconfig/absl_log_internal_proto.pc
2026-10-08T20:40:45.7413143Z -- Fixing pkgconfig file: D:/a/CaptureSuite/CaptureSuite/vcpkg/packages/abseil_x64-windows/lib/pkgconfig/absl_log_internal_strip.pc
2026-10-08T20:40:45.7416795Z -- Fixing pkgconfig file: D:/a/CaptureSuite/CaptureSuite/vcpkg/packages/abseil_x64-windows/lib/pkgconfig/absl_log_internal_structured.pc
2026-10-08T20:40:45.7420404Z -- Fixing pkgconfig file: D:/a/CaptureSuite/CaptureSuite/vcpkg/packages/abseil_x64-windows/lib/pkgconfig/absl_log_internal_structured_proto.pc
2026-10-08T20:40:45.7424340Z -- Fixing pkgconfig file: D:/a/CaptureSuite/CaptureSuite/vcpkg/packages/abseil_x64-windows/lib/pkgconfig/absl_log_internal_voidify.pc
2026-10-08T20:40:45.7427719Z -- Fixing pkgconfig file: D:/a/CaptureSuite/CaptureSuite/vcpkg/packages/abseil_x64-windows/lib/pkgconfig/absl_log_severity.pc
2026-10-08T20:40:45.7431183Z -- Fixing pkgconfig file: D:/a/CaptureSuite/CaptureSuite/vcpkg/packages/abseil_x64-windows/lib/pkgconfig/absl_log_sink.pc
2026-10-08T20:40:45.7434733Z -- Fixing pkgconfig file: D:/a/CaptureSuite/CaptureSuite/vcpkg/packages/abseil_x64-windows/lib/pkgconfig/absl_log_sink_registry.pc
2026-10-08T20:40:45.7438315Z -- Fixing pkgconfig file: D:/a/CaptureSuite/CaptureSuite/vcpkg/packages/abseil_x64-windows/lib/pkgconfig/absl_log_streamer.pc
2026-10-08T20:40:45.7442041Z -- Fixing pkgconfig file: D:/a/CaptureSuite/CaptureSuite/vcpkg/packages/abseil_x64-windows/lib/pkgconfig/absl_log_structured.pc
2026-10-08T20:40:45.7445485Z -- Fixing pkgconfig file: D:/a/CaptureSuite/CaptureSuite/vcpkg/packages/abseil_x64-windows/lib/pkgconfig/absl_low_level_hash.pc
2026-10-08T20:40:45.7448768Z -- Fixing pkgconfig file: D:/a/CaptureSuite/CaptureSuite/vcpkg/packages/abseil_x64-windows/lib/pkgconfig/absl_malloc_internal.pc
2026-10-08T20:40:45.7452178Z -- Fixing pkgconfig file: D:/a/CaptureSuite/CaptureSuite/vcpkg/packages/abseil_x64-windows/lib/pkgconfig/absl_memory.pc
2026-10-08T20:40:45.7455609Z -- Fixing pkgconfig file: D:/a/CaptureSuite/CaptureSuite/vcpkg/packages/abseil_x64-windows/lib/pkgconfig/absl_meta.pc
2026-10-08T20:40:45.7459109Z -- Fixing pkgconfig file: D:/a/CaptureSuite/CaptureSuite/vcpkg/packages/abseil_x64-windows/lib/pkgconfig/absl_no_destructor.pc
2026-10-08T20:40:45.7462710Z -- Fixing pkgconfig file: D:/a/CaptureSuite/CaptureSuite/vcpkg/packages/abseil_x64-windows/lib/pkgconfig/absl_node_hash_map.pc
2026-10-08T20:40:45.7466475Z -- Fixing pkgconfig file: D:/a/CaptureSuite/CaptureSuite/vcpkg/packages/abseil_x64-windows/lib/pkgconfig/absl_node_hash_set.pc
2026-10-08T20:40:45.7469688Z -- Fixing pkgconfig file: D:/a/CaptureSuite/CaptureSuite/vcpkg/packages/abseil_x64-windows/lib/pkgconfig/absl_node_slot_policy.pc
2026-10-08T20:40:45.7473552Z -- Fixing pkgconfig file: D:/a/CaptureSuite/CaptureSuite/vcpkg/packages/abseil_x64-windows/lib/pkgconfig/absl_non_temporal_arm_intrinsics.pc
2026-10-08T20:40:45.7477091Z -- Fixing pkgconfig file: D:/a/CaptureSuite/CaptureSuite/vcpkg/packages/abseil_x64-windows/lib/pkgconfig/absl_non_temporal_memcpy.pc
2026-10-08T20:40:45.7480509Z -- Fixing pkgconfig file: D:/a/CaptureSuite/CaptureSuite/vcpkg/packages/abseil_x64-windows/lib/pkgconfig/absl_nullability.pc
2026-10-08T20:40:45.7484039Z -- Fixing pkgconfig file: D:/a/CaptureSuite/CaptureSuite/vcpkg/packages/abseil_x64-windows/lib/pkgconfig/absl_numeric.pc
2026-10-08T20:40:45.7487345Z -- Fixing pkgconfig file: D:/a/CaptureSuite/CaptureSuite/vcpkg/packages/abseil_x64-windows/lib/pkgconfig/absl_numeric_representation.pc
2026-10-08T20:40:45.7490676Z -- Fixing pkgconfig file: D:/a/CaptureSuite/CaptureSuite/vcpkg/packages/abseil_x64-windows/lib/pkgconfig/absl_optional.pc
2026-10-08T20:40:45.7494021Z -- Fixing pkgconfig file: D:/a/CaptureSuite/CaptureSuite/vcpkg/packages/abseil_x64-windows/lib/pkgconfig/absl_overload.pc
2026-10-08T20:40:45.7497315Z -- Fixing pkgconfig file: D:/a/CaptureSuite/CaptureSuite/vcpkg/packages/abseil_x64-windows/lib/pkgconfig/absl_periodic_sampler.pc
2026-10-08T20:40:45.7500561Z -- Fixing pkgconfig file: D:/a/CaptureSuite/CaptureSuite/vcpkg/packages/abseil_x64-windows/lib/pkgconfig/absl_poison.pc
2026-10-08T20:40:45.7504491Z -- Fixing pkgconfig file: D:/a/CaptureSuite/CaptureSuite/vcpkg/packages/abseil_x64-windows/lib/pkgconfig/absl_prefetch.pc
2026-10-08T20:40:45.7508220Z -- Fixing pkgconfig file: D:/a/CaptureSuite/CaptureSuite/vcpkg/packages/abseil_x64-windows/lib/pkgconfig/absl_pretty_function.pc
2026-10-08T20:40:45.7511469Z -- Fixing pkgconfig file: D:/a/CaptureSuite/CaptureSuite/vcpkg/packages/abseil_x64-windows/lib/pkgconfig/absl_random_bit_gen_ref.pc
2026-10-08T20:40:45.7515011Z -- Fixing pkgconfig file: D:/a/CaptureSuite/CaptureSuite/vcpkg/packages/abseil_x64-windows/lib/pkgconfig/absl_random_distributions.pc
2026-10-08T20:40:45.7518769Z -- Fixing pkgconfig file: D:/a/CaptureSuite/CaptureSuite/vcpkg/packages/abseil_x64-windows/lib/pkgconfig/absl_random_internal_distribution_caller.pc
2026-10-08T20:40:45.7522628Z -- Fixing pkgconfig file: D:/a/CaptureSuite/CaptureSuite/vcpkg/packages/abseil_x64-windows/lib/pkgconfig/absl_random_internal_distribution_test_util.pc
2026-10-08T20:40:45.7526383Z -- Fixing pkgconfig file: D:/a/CaptureSuite/CaptureSuite/vcpkg/packages/abseil_x64-windows/lib/pkgconfig/absl_random_internal_fast_uniform_bits.pc
2026-10-08T20:40:45.7530269Z -- Fixing pkgconfig file: D:/a/CaptureSuite/CaptureSuite/vcpkg/packages/abseil_x64-windows/lib/pkgconfig/absl_random_internal_fastmath.pc
2026-10-08T20:40:45.7534098Z -- Fixing pkgconfig file: D:/a/CaptureSuite/CaptureSuite/vcpkg/packages/abseil_x64-windows/lib/pkgconfig/absl_random_internal_generate_real.pc
2026-10-08T20:40:45.7537829Z -- Fixing pkgconfig file: D:/a/CaptureSuite/CaptureSuite/vcpkg/packages/abseil_x64-windows/lib/pkgconfig/absl_random_internal_iostream_state_saver.pc
2026-10-08T20:40:45.7541550Z -- Fixing pkgconfig file: D:/a/CaptureSuite/CaptureSuite/vcpkg/packages/abseil_x64-windows/lib/pkgconfig/absl_random_internal_mock_helpers.pc
2026-10-08T20:40:45.7545421Z -- Fixing pkgconfig file: D:/a/CaptureSuite/CaptureSuite/vcpkg/packages/abseil_x64-windows/lib/pkgconfig/absl_random_internal_nonsecure_base.pc
2026-10-08T20:40:45.7549100Z -- Fixing pkgconfig file: D:/a/CaptureSuite/CaptureSuite/vcpkg/packages/abseil_x64-windows/lib/pkgconfig/absl_random_internal_pcg_engine.pc
2026-10-08T20:40:45.7552813Z -- Fixing pkgconfig file: D:/a/CaptureSuite/CaptureSuite/vcpkg/packages/abseil_x64-windows/lib/pkgconfig/absl_random_internal_platform.pc
2026-10-08T20:40:45.7556426Z -- Fixing pkgconfig file: D:/a/CaptureSuite/CaptureSuite/vcpkg/packages/abseil_x64-windows/lib/pkgconfig/absl_random_internal_pool_urbg.pc
2026-10-08T20:40:45.7559913Z -- Fixing pkgconfig file: D:/a/CaptureSuite/CaptureSuite/vcpkg/packages/abseil_x64-windows/lib/pkgconfig/absl_random_internal_randen.pc
2026-10-08T20:40:45.7563496Z -- Fixing pkgconfig file: D:/a/CaptureSuite/CaptureSuite/vcpkg/packages/abseil_x64-windows/lib/pkgconfig/absl_random_internal_randen_engine.pc
2026-10-08T20:40:45.7567364Z -- Fixing pkgconfig file: D:/a/CaptureSuite/CaptureSuite/vcpkg/packages/abseil_x64-windows/lib/pkgconfig/absl_random_internal_randen_hwaes.pc
2026-10-08T20:40:45.7571025Z -- Fixing pkgconfig file: D:/a/CaptureSuite/CaptureSuite/vcpkg/packages/abseil_x64-windows/lib/pkgconfig/absl_random_internal_randen_hwaes_impl.pc
2026-10-08T20:40:45.7575131Z -- Fixing pkgconfig file: D:/a/CaptureSuite/CaptureSuite/vcpkg/packages/abseil_x64-windows/lib/pkgconfig/absl_random_internal_randen_slow.pc
2026-10-08T20:40:45.7578830Z -- Fixing pkgconfig file: D:/a/CaptureSuite/CaptureSuite/vcpkg/packages/abseil_x64-windows/lib/pkgconfig/absl_random_internal_salted_seed_seq.pc
2026-10-08T20:40:45.7582547Z -- Fixing pkgconfig file: D:/a/CaptureSuite/CaptureSuite/vcpkg/packages/abseil_x64-windows/lib/pkgconfig/absl_random_internal_seed_material.pc
2026-10-08T20:40:45.7586158Z -- Fixing pkgconfig file: D:/a/CaptureSuite/CaptureSuite/vcpkg/packages/abseil_x64-windows/lib/pkgconfig/absl_random_internal_traits.pc
2026-10-08T20:40:45.7589761Z -- Fixing pkgconfig file: D:/a/CaptureSuite/CaptureSuite/vcpkg/packages/abseil_x64-windows/lib/pkgconfig/absl_random_internal_uniform_helper.pc
2026-10-08T20:40:45.7593583Z -- Fixing pkgconfig file: D:/a/CaptureSuite/CaptureSuite/vcpkg/packages/abseil_x64-windows/lib/pkgconfig/absl_random_internal_wide_multiply.pc
2026-10-08T20:40:45.7597417Z -- Fixing pkgconfig file: D:/a/CaptureSuite/CaptureSuite/vcpkg/packages/abseil_x64-windows/lib/pkgconfig/absl_random_random.pc
2026-10-08T20:40:45.7601116Z -- Fixing pkgconfig file: D:/a/CaptureSuite/CaptureSuite/vcpkg/packages/abseil_x64-windows/lib/pkgconfig/absl_random_seed_gen_exception.pc
2026-10-08T20:40:45.7604853Z -- Fixing pkgconfig file: D:/a/CaptureSuite/CaptureSuite/vcpkg/packages/abseil_x64-windows/lib/pkgconfig/absl_random_seed_sequences.pc
2026-10-08T20:40:45.7608295Z -- Fixing pkgconfig file: D:/a/CaptureSuite/CaptureSuite/vcpkg/packages/abseil_x64-windows/lib/pkgconfig/absl_raw_hash_map.pc
2026-10-08T20:40:45.7611608Z -- Fixing pkgconfig file: D:/a/CaptureSuite/CaptureSuite/vcpkg/packages/abseil_x64-windows/lib/pkgconfig/absl_raw_hash_set.pc
2026-10-08T20:40:45.7615092Z -- Fixing pkgconfig file: D:/a/CaptureSuite/CaptureSuite/vcpkg/packages/abseil_x64-windows/lib/pkgconfig/absl_raw_logging_internal.pc
2026-10-08T20:40:45.7618633Z -- Fixing pkgconfig file: D:/a/CaptureSuite/CaptureSuite/vcpkg/packages/abseil_x64-windows/lib/pkgconfig/absl_sample_recorder.pc
2026-10-08T20:40:45.7621891Z -- Fixing pkgconfig file: D:/a/CaptureSuite/CaptureSuite/vcpkg/packages/abseil_x64-windows/lib/pkgconfig/absl_scoped_set_env.pc
2026-10-08T20:40:45.7625128Z -- Fixing pkgconfig file: D:/a/CaptureSuite/CaptureSuite/vcpkg/packages/abseil_x64-windows/lib/pkgconfig/absl_span.pc
2026-10-08T20:40:45.7628911Z -- Fixing pkgconfig file: D:/a/CaptureSuite/CaptureSuite/vcpkg/packages/abseil_x64-windows/lib/pkgconfig/absl_spinlock_wait.pc
2026-10-08T20:40:45.7632231Z -- Fixing pkgconfig file: D:/a/CaptureSuite/CaptureSuite/vcpkg/packages/abseil_x64-windows/lib/pkgconfig/absl_stacktrace.pc
2026-10-08T20:40:45.7635557Z -- Fixing pkgconfig file: D:/a/CaptureSuite/CaptureSuite/vcpkg/packages/abseil_x64-windows/lib/pkgconfig/absl_status.pc
2026-10-08T20:40:45.7638961Z -- Fixing pkgconfig file: D:/a/CaptureSuite/CaptureSuite/vcpkg/packages/abseil_x64-windows/lib/pkgconfig/absl_statusor.pc
2026-10-08T20:40:45.7642282Z -- Fixing pkgconfig file: D:/a/CaptureSuite/CaptureSuite/vcpkg/packages/abseil_x64-windows/lib/pkgconfig/absl_str_format.pc
2026-10-08T20:40:45.7645483Z -- Fixing pkgconfig file: D:/a/CaptureSuite/CaptureSuite/vcpkg/packages/abseil_x64-windows/lib/pkgconfig/absl_str_format_internal.pc
2026-10-08T20:40:45.7648864Z -- Fixing pkgconfig file: D:/a/CaptureSuite/CaptureSuite/vcpkg/packages/abseil_x64-windows/lib/pkgconfig/absl_strerror.pc
2026-10-08T20:40:45.7652493Z -- Fixing pkgconfig file: D:/a/CaptureSuite/CaptureSuite/vcpkg/packages/abseil_x64-windows/lib/pkgconfig/absl_string_view.pc
2026-10-08T20:40:45.7656006Z -- Fixing pkgconfig file: D:/a/CaptureSuite/CaptureSuite/vcpkg/packages/abseil_x64-windows/lib/pkgconfig/absl_strings.pc
2026-10-08T20:40:45.7659288Z -- Fixing pkgconfig file: D:/a/CaptureSuite/CaptureSuite/vcpkg/packages/abseil_x64-windows/lib/pkgconfig/absl_strings_internal.pc
2026-10-08T20:40:45.7662573Z -- Fixing pkgconfig file: D:/a/CaptureSuite/CaptureSuite/vcpkg/packages/abseil_x64-windows/lib/pkgconfig/absl_symbolize.pc
2026-10-08T20:40:45.7666302Z -- Fixing pkgconfig file: D:/a/CaptureSuite/CaptureSuite/vcpkg/packages/abseil_x64-windows/lib/pkgconfig/absl_synchronization.pc
2026-10-08T20:40:45.7669550Z -- Fixing pkgconfig file: D:/a/CaptureSuite/CaptureSuite/vcpkg/packages/abseil_x64-windows/lib/pkgconfig/absl_throw_delegate.pc
2026-10-08T20:40:45.7672756Z -- Fixing pkgconfig file: D:/a/CaptureSuite/CaptureSuite/vcpkg/packages/abseil_x64-windows/lib/pkgconfig/absl_time.pc
2026-10-08T20:40:45.7676155Z -- Fixing pkgconfig file: D:/a/CaptureSuite/CaptureSuite/vcpkg/packages/abseil_x64-windows/lib/pkgconfig/absl_time_zone.pc
2026-10-08T20:40:45.7679387Z -- Fixing pkgconfig file: D:/a/CaptureSuite/CaptureSuite/vcpkg/packages/abseil_x64-windows/lib/pkgconfig/absl_tracing_internal.pc
2026-10-08T20:40:45.7683013Z -- Fixing pkgconfig file: D:/a/CaptureSuite/CaptureSuite/vcpkg/packages/abseil_x64-windows/lib/pkgconfig/absl_type_traits.pc
2026-10-08T20:40:45.7686369Z -- Fixing pkgconfig file: D:/a/CaptureSuite/CaptureSuite/vcpkg/packages/abseil_x64-windows/lib/pkgconfig/absl_utf8_for_code_point.pc
2026-10-08T20:40:45.7690068Z -- Fixing pkgconfig file: D:/a/CaptureSuite/CaptureSuite/vcpkg/packages/abseil_x64-windows/lib/pkgconfig/absl_utility.pc
2026-10-08T20:40:45.7693509Z -- Fixing pkgconfig file: D:/a/CaptureSuite/CaptureSuite/vcpkg/packages/abseil_x64-windows/lib/pkgconfig/absl_variant.pc
2026-10-08T20:40:45.7696817Z -- Fixing pkgconfig file: D:/a/CaptureSuite/CaptureSuite/vcpkg/packages/abseil_x64-windows/lib/pkgconfig/absl_vlog_config_internal.pc
2026-10-08T20:40:45.7700301Z -- Fixing pkgconfig file: D:/a/CaptureSuite/CaptureSuite/vcpkg/packages/abseil_x64-windows/lib/pkgconfig/absl_vlog_is_on.pc
2026-10-08T20:40:45.7764646Z -- Using cached msys2-mingw-w64-x86_64-pkgconf-1~2.4.3-1-any.pkg.tar.zst
2026-10-08T20:40:45.7812293Z -- Using cached msys2-msys2-runtime-3.6.2-2-x86_64.pkg.tar.zst
2026-10-08T20:40:45.7815515Z -- Using msys root at D:/a/CaptureSuite/CaptureSuite/vcpkg/downloads/tools/msys2/9272adbcaf19caef
2026-10-08T20:40:46.6673463Z -- Fixing pkgconfig file: D:/a/CaptureSuite/CaptureSuite/vcpkg/packages/abseil_x64-windows/debug/lib/pkgconfig/abseil_dll.pc
2026-10-08T20:40:46.6678162Z -- Fixing pkgconfig file: D:/a/CaptureSuite/CaptureSuite/vcpkg/packages/abseil_x64-windows/debug/lib/pkgconfig/absl_absl_check.pc
2026-10-08T20:40:46.6682570Z -- Fixing pkgconfig file: D:/a/CaptureSuite/CaptureSuite/vcpkg/packages/abseil_x64-windows/debug/lib/pkgconfig/absl_absl_log.pc
2026-10-08T20:40:46.6686967Z -- Fixing pkgconfig file: D:/a/CaptureSuite/CaptureSuite/vcpkg/packages/abseil_x64-windows/debug/lib/pkgconfig/absl_absl_vlog_is_on.pc
2026-10-08T20:40:46.6690909Z -- Fixing pkgconfig file: D:/a/CaptureSuite/CaptureSuite/vcpkg/packages/abseil_x64-windows/debug/lib/pkgconfig/absl_algorithm.pc
2026-10-08T20:40:46.6694950Z -- Fixing pkgconfig file: D:/a/CaptureSuite/CaptureSuite/vcpkg/packages/abseil_x64-windows/debug/lib/pkgconfig/absl_algorithm_container.pc
2026-10-08T20:40:46.6698824Z -- Fixing pkgconfig file: D:/a/CaptureSuite/CaptureSuite/vcpkg/packages/abseil_x64-windows/debug/lib/pkgconfig/absl_any.pc
2026-10-08T20:40:46.6702333Z -- Fixing pkgconfig file: D:/a/CaptureSuite/CaptureSuite/vcpkg/packages/abseil_x64-windows/debug/lib/pkgconfig/absl_any_invocable.pc
2026-10-08T20:40:46.6707795Z -- Fixing pkgconfig file: D:/a/CaptureSuite/CaptureSuite/vcpkg/packages/abseil_x64-windows/debug/lib/pkgconfig/absl_atomic_hook.pc
2026-10-08T20:40:46.6711296Z -- Fixing pkgconfig file: D:/a/CaptureSuite/CaptureSuite/vcpkg/packages/abseil_x64-windows/debug/lib/pkgconfig/absl_bad_any_cast.pc
2026-10-08T20:40:46.6716532Z -- Fixing pkgconfig file: D:/a/CaptureSuite/CaptureSuite/vcpkg/packages/abseil_x64-windows/debug/lib/pkgconfig/absl_bad_any_cast_impl.pc
2026-10-08T20:40:46.6720028Z -- Fixing pkgconfig file: D:/a/CaptureSuite/CaptureSuite/vcpkg/packages/abseil_x64-windows/debug/lib/pkgconfig/absl_bad_optional_access.pc
2026-10-08T20:40:46.6723711Z -- Fixing pkgconfig file: D:/a/CaptureSuite/CaptureSuite/vcpkg/packages/abseil_x64-windows/debug/lib/pkgconfig/absl_bad_variant_access.pc
2026-10-08T20:40:46.6727079Z -- Fixing pkgconfig file: D:/a/CaptureSuite/CaptureSuite/vcpkg/packages/abseil_x64-windows/debug/lib/pkgconfig/absl_base.pc
2026-10-08T20:40:46.6731478Z -- Fixing pkgconfig file: D:/a/CaptureSuite/CaptureSuite/vcpkg/packages/abseil_x64-windows/debug/lib/pkgconfig/absl_base_internal.pc
2026-10-08T20:40:46.6735141Z -- Fixing pkgconfig file: D:/a/CaptureSuite/CaptureSuite/vcpkg/packages/abseil_x64-windows/debug/lib/pkgconfig/absl_bind_front.pc
2026-10-08T20:40:46.6738761Z -- Fixing pkgconfig file: D:/a/CaptureSuite/CaptureSuite/vcpkg/packages/abseil_x64-windows/debug/lib/pkgconfig/absl_bits.pc
2026-10-08T20:40:46.6742343Z -- Fixing pkgconfig file: D:/a/CaptureSuite/CaptureSuite/vcpkg/packages/abseil_x64-windows/debug/lib/pkgconfig/absl_bounded_utf8_length_sequence.pc
2026-10-08T20:40:46.6746474Z -- Fixing pkgconfig file: D:/a/CaptureSuite/CaptureSuite/vcpkg/packages/abseil_x64-windows/debug/lib/pkgconfig/absl_btree.pc
2026-10-08T20:40:46.6750440Z -- Fixing pkgconfig file: D:/a/CaptureSuite/CaptureSuite/vcpkg/packages/abseil_x64-windows/debug/lib/pkgconfig/absl_charset.pc
2026-10-08T20:40:46.6754075Z -- Fixing pkgconfig file: D:/a/CaptureSuite/CaptureSuite/vcpkg/packages/abseil_x64-windows/debug/lib/pkgconfig/absl_check.pc
2026-10-08T20:40:46.6757727Z -- Fixing pkgconfig file: D:/a/CaptureSuite/CaptureSuite/vcpkg/packages/abseil_x64-windows/debug/lib/pkgconfig/absl_city.pc
2026-10-08T20:40:46.6761509Z -- Fixing pkgconfig file: D:/a/CaptureSuite/CaptureSuite/vcpkg/packages/abseil_x64-windows/debug/lib/pkgconfig/absl_civil_time.pc
2026-10-08T20:40:46.6765100Z -- Fixing pkgconfig file: D:/a/CaptureSuite/CaptureSuite/vcpkg/packages/abseil_x64-windows/debug/lib/pkgconfig/absl_cleanup.pc
2026-10-08T20:40:46.6768809Z -- Fixing pkgconfig file: D:/a/CaptureSuite/CaptureSuite/vcpkg/packages/abseil_x64-windows/debug/lib/pkgconfig/absl_cleanup_internal.pc
2026-10-08T20:40:46.6772967Z -- Fixing pkgconfig file: D:/a/CaptureSuite/CaptureSuite/vcpkg/packages/abseil_x64-windows/debug/lib/pkgconfig/absl_common_policy_traits.pc
2026-10-08T20:40:46.6776568Z -- Fixing pkgconfig file: D:/a/CaptureSuite/CaptureSuite/vcpkg/packages/abseil_x64-windows/debug/lib/pkgconfig/absl_compare.pc
2026-10-08T20:40:46.6780174Z -- Fixing pkgconfig file: D:/a/CaptureSuite/CaptureSuite/vcpkg/packages/abseil_x64-windows/debug/lib/pkgconfig/absl_compressed_tuple.pc
2026-10-08T20:40:46.6783774Z -- Fixing pkgconfig file: D:/a/CaptureSuite/CaptureSuite/vcpkg/packages/abseil_x64-windows/debug/lib/pkgconfig/absl_config.pc
2026-10-08T20:40:46.6787390Z -- Fixing pkgconfig file: D:/a/CaptureSuite/CaptureSuite/vcpkg/packages/abseil_x64-windows/debug/lib/pkgconfig/absl_container_common.pc
2026-10-08T20:40:46.6791126Z -- Fixing pkgconfig file: D:/a/CaptureSuite/CaptureSuite/vcpkg/packages/abseil_x64-windows/debug/lib/pkgconfig/absl_container_memory.pc
2026-10-08T20:40:46.6795169Z -- Fixing pkgconfig file: D:/a/CaptureSuite/CaptureSuite/vcpkg/packages/abseil_x64-windows/debug/lib/pkgconfig/absl_cord.pc
2026-10-08T20:40:46.6798008Z -- Fixing pkgconfig file: D:/a/CaptureSuite/CaptureSuite/vcpkg/packages/abseil_x64-windows/debug/lib/pkgconfig/absl_cord_internal.pc
2026-10-08T20:40:46.6801564Z -- Fixing pkgconfig file: D:/a/CaptureSuite/CaptureSuite/vcpkg/packages/abseil_x64-windows/debug/lib/pkgconfig/absl_cordz_functions.pc
2026-10-08T20:40:46.6804973Z -- Fixing pkgconfig file: D:/a/CaptureSuite/CaptureSuite/vcpkg/packages/abseil_x64-windows/debug/lib/pkgconfig/absl_cordz_handle.pc
2026-10-08T20:40:46.6808500Z -- Fixing pkgconfig file: D:/a/CaptureSuite/CaptureSuite/vcpkg/packages/abseil_x64-windows/debug/lib/pkgconfig/absl_cordz_info.pc
2026-10-08T20:40:46.6812034Z -- Fixing pkgconfig file: D:/a/CaptureSuite/CaptureSuite/vcpkg/packages/abseil_x64-windows/debug/lib/pkgconfig/absl_cordz_sample_token.pc
2026-10-08T20:40:46.6815608Z -- Fixing pkgconfig file: D:/a/CaptureSuite/CaptureSuite/vcpkg/packages/abseil_x64-windows/debug/lib/pkgconfig/absl_cordz_statistics.pc
2026-10-08T20:40:46.6819378Z -- Fixing pkgconfig file: D:/a/CaptureSuite/CaptureSuite/vcpkg/packages/abseil_x64-windows/debug/lib/pkgconfig/absl_cordz_update_scope.pc
2026-10-08T20:40:46.6823181Z -- Fixing pkgconfig file: D:/a/CaptureSuite/CaptureSuite/vcpkg/packages/abseil_x64-windows/debug/lib/pkgconfig/absl_cordz_update_tracker.pc
2026-10-08T20:40:46.6826690Z -- Fixing pkgconfig file: D:/a/CaptureSuite/CaptureSuite/vcpkg/packages/abseil_x64-windows/debug/lib/pkgconfig/absl_core_headers.pc
2026-10-08T20:40:46.6830229Z -- Fixing pkgconfig file: D:/a/CaptureSuite/CaptureSuite/vcpkg/packages/abseil_x64-windows/debug/lib/pkgconfig/absl_crc32c.pc
2026-10-08T20:40:46.6833908Z -- Fixing pkgconfig file: D:/a/CaptureSuite/CaptureSuite/vcpkg/packages/abseil_x64-windows/debug/lib/pkgconfig/absl_crc_cord_state.pc
2026-10-08T20:40:46.6837747Z -- Fixing pkgconfig file: D:/a/CaptureSuite/CaptureSuite/vcpkg/packages/abseil_x64-windows/debug/lib/pkgconfig/absl_crc_cpu_detect.pc
2026-10-08T20:40:46.6842623Z -- Fixing pkgconfig file: D:/a/CaptureSuite/CaptureSuite/vcpkg/packages/abseil_x64-windows/debug/lib/pkgconfig/absl_crc_internal.pc
2026-10-08T20:40:46.6846094Z -- Fixing pkgconfig file: D:/a/CaptureSuite/CaptureSuite/vcpkg/packages/abseil_x64-windows/debug/lib/pkgconfig/absl_debugging.pc
2026-10-08T20:40:46.6849876Z -- Fixing pkgconfig file: D:/a/CaptureSuite/CaptureSuite/vcpkg/packages/abseil_x64-windows/debug/lib/pkgconfig/absl_debugging_internal.pc
2026-10-08T20:40:46.6853630Z -- Fixing pkgconfig file: D:/a/CaptureSuite/CaptureSuite/vcpkg/packages/abseil_x64-windows/debug/lib/pkgconfig/absl_decode_rust_punycode.pc
2026-10-08T20:40:46.6857647Z -- Fixing pkgconfig file: D:/a/CaptureSuite/CaptureSuite/vcpkg/packages/abseil_x64-windows/debug/lib/pkgconfig/absl_demangle_internal.pc
2026-10-08T20:40:46.6861281Z -- Fixing pkgconfig file: D:/a/CaptureSuite/CaptureSuite/vcpkg/packages/abseil_x64-windows/debug/lib/pkgconfig/absl_demangle_rust.pc
2026-10-08T20:40:46.6865719Z -- Fixing pkgconfig file: D:/a/CaptureSuite/CaptureSuite/vcpkg/packages/abseil_x64-windows/debug/lib/pkgconfig/absl_die_if_null.pc
2026-10-08T20:40:46.6869702Z -- Fixing pkgconfig file: D:/a/CaptureSuite/CaptureSuite/vcpkg/packages/abseil_x64-windows/debug/lib/pkgconfig/absl_dynamic_annotations.pc
2026-10-08T20:40:46.6873258Z -- Fixing pkgconfig file: D:/a/CaptureSuite/CaptureSuite/vcpkg/packages/abseil_x64-windows/debug/lib/pkgconfig/absl_endian.pc
2026-10-08T20:40:46.6876962Z -- Fixing pkgconfig file: D:/a/CaptureSuite/CaptureSuite/vcpkg/packages/abseil_x64-windows/debug/lib/pkgconfig/absl_errno_saver.pc
2026-10-08T20:40:46.6880579Z -- Fixing pkgconfig file: D:/a/CaptureSuite/CaptureSuite/vcpkg/packages/abseil_x64-windows/debug/lib/pkgconfig/absl_examine_stack.pc
2026-10-08T20:40:46.6884245Z -- Fixing pkgconfig file: D:/a/CaptureSuite/CaptureSuite/vcpkg/packages/abseil_x64-windows/debug/lib/pkgconfig/absl_exponential_biased.pc
2026-10-08T20:40:46.6888035Z -- Fixing pkgconfig file: D:/a/CaptureSuite/CaptureSuite/vcpkg/packages/abseil_x64-windows/debug/lib/pkgconfig/absl_failure_signal_handler.pc
2026-10-08T20:40:46.6891554Z -- Fixing pkgconfig file: D:/a/CaptureSuite/CaptureSuite/vcpkg/packages/abseil_x64-windows/debug/lib/pkgconfig/absl_fast_type_id.pc
2026-10-08T20:40:46.6895492Z -- Fixing pkgconfig file: D:/a/CaptureSuite/CaptureSuite/vcpkg/packages/abseil_x64-windows/debug/lib/pkgconfig/absl_fixed_array.pc
2026-10-08T20:40:46.6899061Z -- Fixing pkgconfig file: D:/a/CaptureSuite/CaptureSuite/vcpkg/packages/abseil_x64-windows/debug/lib/pkgconfig/absl_flags.pc
2026-10-08T20:40:46.6903248Z -- Fixing pkgconfig file: D:/a/CaptureSuite/CaptureSuite/vcpkg/packages/abseil_x64-windows/debug/lib/pkgconfig/absl_flags_commandlineflag.pc
2026-10-08T20:40:46.6907689Z -- Fixing pkgconfig file: D:/a/CaptureSuite/CaptureSuite/vcpkg/packages/abseil_x64-windows/debug/lib/pkgconfig/absl_flags_commandlineflag_internal.pc
2026-10-08T20:40:46.6911725Z -- Fixing pkgconfig file: D:/a/CaptureSuite/CaptureSuite/vcpkg/packages/abseil_x64-windows/debug/lib/pkgconfig/absl_flags_config.pc
2026-10-08T20:40:46.6916134Z -- Fixing pkgconfig file: D:/a/CaptureSuite/CaptureSuite/vcpkg/packages/abseil_x64-windows/debug/lib/pkgconfig/absl_flags_internal.pc
2026-10-08T20:40:46.6920603Z -- Fixing pkgconfig file: D:/a/CaptureSuite/CaptureSuite/vcpkg/packages/abseil_x64-windows/debug/lib/pkgconfig/absl_flags_marshalling.pc
2026-10-08T20:40:46.6924957Z -- Fixing pkgconfig file: D:/a/CaptureSuite/CaptureSuite/vcpkg/packages/abseil_x64-windows/debug/lib/pkgconfig/absl_flags_parse.pc
2026-10-08T20:40:46.6929183Z -- Fixing pkgconfig file: D:/a/CaptureSuite/CaptureSuite/vcpkg/packages/abseil_x64-windows/debug/lib/pkgconfig/absl_flags_path_util.pc
2026-10-08T20:40:46.6932544Z -- Fixing pkgconfig file: D:/a/CaptureSuite/CaptureSuite/vcpkg/packages/abseil_x64-windows/debug/lib/pkgconfig/absl_flags_private_handle_accessor.pc
2026-10-08T20:40:46.6936831Z -- Fixing pkgconfig file: D:/a/CaptureSuite/CaptureSuite/vcpkg/packages/abseil_x64-windows/debug/lib/pkgconfig/absl_flags_program_name.pc
2026-10-08T20:40:46.6941162Z -- Fixing pkgconfig file: D:/a/CaptureSuite/CaptureSuite/vcpkg/packages/abseil_x64-windows/debug/lib/pkgconfig/absl_flags_reflection.pc
2026-10-08T20:40:46.6945598Z -- Fixing pkgconfig file: D:/a/CaptureSuite/CaptureSuite/vcpkg/packages/abseil_x64-windows/debug/lib/pkgconfig/absl_flags_usage.pc
2026-10-08T20:40:46.6949756Z -- Fixing pkgconfig file: D:/a/CaptureSuite/CaptureSuite/vcpkg/packages/abseil_x64-windows/debug/lib/pkgconfig/absl_flags_usage_internal.pc
2026-10-08T20:40:46.6954426Z -- Fixing pkgconfig file: D:/a/CaptureSuite/CaptureSuite/vcpkg/packages/abseil_x64-windows/debug/lib/pkgconfig/absl_flat_hash_map.pc
2026-10-08T20:40:46.6958038Z -- Fixing pkgconfig file: D:/a/CaptureSuite/CaptureSuite/vcpkg/packages/abseil_x64-windows/debug/lib/pkgconfig/absl_flat_hash_set.pc
2026-10-08T20:40:46.6961575Z -- Fixing pkgconfig file: D:/a/CaptureSuite/CaptureSuite/vcpkg/packages/abseil_x64-windows/debug/lib/pkgconfig/absl_function_ref.pc
2026-10-08T20:40:46.6965345Z -- Fixing pkgconfig file: D:/a/CaptureSuite/CaptureSuite/vcpkg/packages/abseil_x64-windows/debug/lib/pkgconfig/absl_graphcycles_internal.pc
2026-10-08T20:40:46.6968779Z -- Fixing pkgconfig file: D:/a/CaptureSuite/CaptureSuite/vcpkg/packages/abseil_x64-windows/debug/lib/pkgconfig/absl_has_ostream_operator.pc
2026-10-08T20:40:46.6972182Z -- Fixing pkgconfig file: D:/a/CaptureSuite/CaptureSuite/vcpkg/packages/abseil_x64-windows/debug/lib/pkgconfig/absl_hash.pc
2026-10-08T20:40:46.6976046Z -- Fixing pkgconfig file: D:/a/CaptureSuite/CaptureSuite/vcpkg/packages/abseil_x64-windows/debug/lib/pkgconfig/absl_hash_container_defaults.pc
2026-10-08T20:40:46.6979918Z -- Fixing pkgconfig file: D:/a/CaptureSuite/CaptureSuite/vcpkg/packages/abseil_x64-windows/debug/lib/pkgconfig/absl_hash_function_defaults.pc
2026-10-08T20:40:46.6983457Z -- Fixing pkgconfig file: D:/a/CaptureSuite/CaptureSuite/vcpkg/packages/abseil_x64-windows/debug/lib/pkgconfig/absl_hash_policy_traits.pc
2026-10-08T20:40:46.6987109Z -- Fixing pkgconfig file: D:/a/CaptureSuite/CaptureSuite/vcpkg/packages/abseil_x64-windows/debug/lib/pkgconfig/absl_hashtable_debug.pc
2026-10-08T20:40:46.6990584Z -- Fixing pkgconfig file: D:/a/CaptureSuite/CaptureSuite/vcpkg/packages/abseil_x64-windows/debug/lib/pkgconfig/absl_hashtable_debug_hooks.pc
2026-10-08T20:40:46.6994144Z -- Fixing pkgconfig file: D:/a/CaptureSuite/CaptureSuite/vcpkg/packages/abseil_x64-windows/debug/lib/pkgconfig/absl_hashtablez_sampler.pc
2026-10-08T20:40:46.6998472Z -- Fixing pkgconfig file: D:/a/CaptureSuite/CaptureSuite/vcpkg/packages/abseil_x64-windows/debug/lib/pkgconfig/absl_if_constexpr.pc
2026-10-08T20:40:46.7001971Z -- Fixing pkgconfig file: D:/a/CaptureSuite/CaptureSuite/vcpkg/packages/abseil_x64-windows/debug/lib/pkgconfig/absl_inlined_vector.pc
2026-10-08T20:40:46.7005641Z -- Fixing pkgconfig file: D:/a/CaptureSuite/CaptureSuite/vcpkg/packages/abseil_x64-windows/debug/lib/pkgconfig/absl_inlined_vector_internal.pc
2026-10-08T20:40:46.7009068Z -- Fixing pkgconfig file: D:/a/CaptureSuite/CaptureSuite/vcpkg/packages/abseil_x64-windows/debug/lib/pkgconfig/absl_int128.pc
2026-10-08T20:40:46.7012518Z -- Fixing pkgconfig file: D:/a/CaptureSuite/CaptureSuite/vcpkg/packages/abseil_x64-windows/debug/lib/pkgconfig/absl_kernel_timeout_internal.pc
2026-10-08T20:40:46.7015969Z -- Fixing pkgconfig file: D:/a/CaptureSuite/CaptureSuite/vcpkg/packages/abseil_x64-windows/debug/lib/pkgconfig/absl_layout.pc
2026-10-08T20:40:46.7019575Z -- Fixing pkgconfig file: D:/a/CaptureSuite/CaptureSuite/vcpkg/packages/abseil_x64-windows/debug/lib/pkgconfig/absl_leak_check.pc
2026-10-08T20:40:46.7023119Z -- Fixing pkgconfig file: D:/a/CaptureSuite/CaptureSuite/vcpkg/packages/abseil_x64-windows/debug/lib/pkgconfig/absl_log.pc
2026-10-08T20:40:46.7026995Z -- Fixing pkgconfig file: D:/a/CaptureSuite/CaptureSuite/vcpkg/packages/abseil_x64-windows/debug/lib/pkgconfig/absl_log_entry.pc
2026-10-08T20:40:46.7030834Z -- Fixing pkgconfig file: D:/a/CaptureSuite/CaptureSuite/vcpkg/packages/abseil_x64-windows/debug/lib/pkgconfig/absl_log_flags.pc
2026-10-08T20:40:46.7035253Z -- Fixing pkgconfig file: D:/a/CaptureSuite/CaptureSuite/vcpkg/packages/abseil_x64-windows/debug/lib/pkgconfig/absl_log_globals.pc
2026-10-08T20:40:46.7039159Z -- Fixing pkgconfig file: D:/a/CaptureSuite/CaptureSuite/vcpkg/packages/abseil_x64-windows/debug/lib/pkgconfig/absl_log_initialize.pc
2026-10-08T20:40:46.7043151Z -- Fixing pkgconfig file: D:/a/CaptureSuite/CaptureSuite/vcpkg/packages/abseil_x64-windows/debug/lib/pkgconfig/absl_log_internal_append_truncated.pc
2026-10-08T20:40:46.7046899Z -- Fixing pkgconfig file: D:/a/CaptureSuite/CaptureSuite/vcpkg/packages/abseil_x64-windows/debug/lib/pkgconfig/absl_log_internal_check_impl.pc
2026-10-08T20:40:46.7050890Z -- Fixing pkgconfig file: D:/a/CaptureSuite/CaptureSuite/vcpkg/packages/abseil_x64-windows/debug/lib/pkgconfig/absl_log_internal_check_op.pc
2026-10-08T20:40:46.7054789Z -- Fixing pkgconfig file: D:/a/CaptureSuite/CaptureSuite/vcpkg/packages/abseil_x64-windows/debug/lib/pkgconfig/absl_log_internal_conditions.pc
2026-10-08T20:40:46.7058874Z -- Fixing pkgconfig file: D:/a/CaptureSuite/CaptureSuite/vcpkg/packages/abseil_x64-windows/debug/lib/pkgconfig/absl_log_internal_config.pc
2026-10-08T20:40:46.7062738Z -- Fixing pkgconfig file: D:/a/CaptureSuite/CaptureSuite/vcpkg/packages/abseil_x64-windows/debug/lib/pkgconfig/absl_log_internal_flags.pc
2026-10-08T20:40:46.7066619Z -- Fixing pkgconfig file: D:/a/CaptureSuite/CaptureSuite/vcpkg/packages/abseil_x64-windows/debug/lib/pkgconfig/absl_log_internal_fnmatch.pc
2026-10-08T20:40:46.7070559Z -- Fixing pkgconfig file: D:/a/CaptureSuite/CaptureSuite/vcpkg/packages/abseil_x64-windows/debug/lib/pkgconfig/absl_log_internal_format.pc
2026-10-08T20:40:46.7074360Z -- Fixing pkgconfig file: D:/a/CaptureSuite/CaptureSuite/vcpkg/packages/abseil_x64-windows/debug/lib/pkgconfig/absl_log_internal_globals.pc
2026-10-08T20:40:46.7078228Z -- Fixing pkgconfig file: D:/a/CaptureSuite/CaptureSuite/vcpkg/packages/abseil_x64-windows/debug/lib/pkgconfig/absl_log_internal_log_impl.pc
2026-10-08T20:40:46.7082139Z -- Fixing pkgconfig file: D:/a/CaptureSuite/CaptureSuite/vcpkg/packages/abseil_x64-windows/debug/lib/pkgconfig/absl_log_internal_log_sink_set.pc
2026-10-08T20:40:46.7086073Z -- Fixing pkgconfig file: D:/a/CaptureSuite/CaptureSuite/vcpkg/packages/abseil_x64-windows/debug/lib/pkgconfig/absl_log_internal_message.pc
2026-10-08T20:40:46.7089919Z -- Fixing pkgconfig file: D:/a/CaptureSuite/CaptureSuite/vcpkg/packages/abseil_x64-windows/debug/lib/pkgconfig/absl_log_internal_nullguard.pc
2026-10-08T20:40:46.7093801Z -- Fixing pkgconfig file: D:/a/CaptureSuite/CaptureSuite/vcpkg/packages/abseil_x64-windows/debug/lib/pkgconfig/absl_log_internal_nullstream.pc
2026-10-08T20:40:46.7097723Z -- Fixing pkgconfig file: D:/a/CaptureSuite/CaptureSuite/vcpkg/packages/abseil_x64-windows/debug/lib/pkgconfig/absl_log_internal_proto.pc
2026-10-08T20:40:46.7101641Z -- Fixing pkgconfig file: D:/a/CaptureSuite/CaptureSuite/vcpkg/packages/abseil_x64-windows/debug/lib/pkgconfig/absl_log_internal_strip.pc
2026-10-08T20:40:46.7105537Z -- Fixing pkgconfig file: D:/a/CaptureSuite/CaptureSuite/vcpkg/packages/abseil_x64-windows/debug/lib/pkgconfig/absl_log_internal_structured.pc
2026-10-08T20:40:46.7109630Z -- Fixing pkgconfig file: D:/a/CaptureSuite/CaptureSuite/vcpkg/packages/abseil_x64-windows/debug/lib/pkgconfig/absl_log_internal_structured_proto.pc
2026-10-08T20:40:46.7113986Z -- Fixing pkgconfig file: D:/a/CaptureSuite/CaptureSuite/vcpkg/packages/abseil_x64-windows/debug/lib/pkgconfig/absl_log_internal_voidify.pc
2026-10-08T20:40:46.7117869Z -- Fixing pkgconfig file: D:/a/CaptureSuite/CaptureSuite/vcpkg/packages/abseil_x64-windows/debug/lib/pkgconfig/absl_log_severity.pc
2026-10-08T20:40:46.7121471Z -- Fixing pkgconfig file: D:/a/CaptureSuite/CaptureSuite/vcpkg/packages/abseil_x64-windows/debug/lib/pkgconfig/absl_log_sink.pc
2026-10-08T20:40:46.7125267Z -- Fixing pkgconfig file: D:/a/CaptureSuite/CaptureSuite/vcpkg/packages/abseil_x64-windows/debug/lib/pkgconfig/absl_log_sink_registry.pc
2026-10-08T20:40:46.7128996Z -- Fixing pkgconfig file: D:/a/CaptureSuite/CaptureSuite/vcpkg/packages/abseil_x64-windows/debug/lib/pkgconfig/absl_log_streamer.pc
2026-10-08T20:40:46.7132719Z -- Fixing pkgconfig file: D:/a/CaptureSuite/CaptureSuite/vcpkg/packages/abseil_x64-windows/debug/lib/pkgconfig/absl_log_structured.pc
2026-10-08T20:40:46.7136608Z -- Fixing pkgconfig file: D:/a/CaptureSuite/CaptureSuite/vcpkg/packages/abseil_x64-windows/debug/lib/pkgconfig/absl_low_level_hash.pc
2026-10-08T20:40:46.7140141Z -- Fixing pkgconfig file: D:/a/CaptureSuite/CaptureSuite/vcpkg/packages/abseil_x64-windows/debug/lib/pkgconfig/absl_malloc_internal.pc
2026-10-08T20:40:46.7143670Z -- Fixing pkgconfig file: D:/a/CaptureSuite/CaptureSuite/vcpkg/packages/abseil_x64-windows/debug/lib/pkgconfig/absl_memory.pc
2026-10-08T20:40:46.7147106Z -- Fixing pkgconfig file: D:/a/CaptureSuite/CaptureSuite/vcpkg/packages/abseil_x64-windows/debug/lib/pkgconfig/absl_meta.pc
2026-10-08T20:40:46.7151236Z -- Fixing pkgconfig file: D:/a/CaptureSuite/CaptureSuite/vcpkg/packages/abseil_x64-windows/debug/lib/pkgconfig/absl_no_destructor.pc
2026-10-08T20:40:46.7154923Z -- Fixing pkgconfig file: D:/a/CaptureSuite/CaptureSuite/vcpkg/packages/abseil_x64-windows/debug/lib/pkgconfig/absl_node_hash_map.pc
2026-10-08T20:40:46.7158550Z -- Fixing pkgconfig file: D:/a/CaptureSuite/CaptureSuite/vcpkg/packages/abseil_x64-windows/debug/lib/pkgconfig/absl_node_hash_set.pc
2026-10-08T20:40:46.7161960Z -- Fixing pkgconfig file: D:/a/CaptureSuite/CaptureSuite/vcpkg/packages/abseil_x64-windows/debug/lib/pkgconfig/absl_node_slot_policy.pc
2026-10-08T20:40:46.7165664Z -- Fixing pkgconfig file: D:/a/CaptureSuite/CaptureSuite/vcpkg/packages/abseil_x64-windows/debug/lib/pkgconfig/absl_non_temporal_arm_intrinsics.pc
2026-10-08T20:40:46.7169371Z -- Fixing pkgconfig file: D:/a/CaptureSuite/CaptureSuite/vcpkg/packages/abseil_x64-windows/debug/lib/pkgconfig/absl_non_temporal_memcpy.pc
2026-10-08T20:40:46.7173082Z -- Fixing pkgconfig file: D:/a/CaptureSuite/CaptureSuite/vcpkg/packages/abseil_x64-windows/debug/lib/pkgconfig/absl_nullability.pc
2026-10-08T20:40:46.7176836Z -- Fixing pkgconfig file: D:/a/CaptureSuite/CaptureSuite/vcpkg/packages/abseil_x64-windows/debug/lib/pkgconfig/absl_numeric.pc
2026-10-08T20:40:46.7180477Z -- Fixing pkgconfig file: D:/a/CaptureSuite/CaptureSuite/vcpkg/packages/abseil_x64-windows/debug/lib/pkgconfig/absl_numeric_representation.pc
2026-10-08T20:40:46.7184030Z -- Fixing pkgconfig file: D:/a/CaptureSuite/CaptureSuite/vcpkg/packages/abseil_x64-windows/debug/lib/pkgconfig/absl_optional.pc
2026-10-08T20:40:46.7187599Z -- Fixing pkgconfig file: D:/a/CaptureSuite/CaptureSuite/vcpkg/packages/abseil_x64-windows/debug/lib/pkgconfig/absl_overload.pc
2026-10-08T20:40:46.7191234Z -- Fixing pkgconfig file: D:/a/CaptureSuite/CaptureSuite/vcpkg/packages/abseil_x64-windows/debug/lib/pkgconfig/absl_periodic_sampler.pc
2026-10-08T20:40:46.7194708Z -- Fixing pkgconfig file: D:/a/CaptureSuite/CaptureSuite/vcpkg/packages/abseil_x64-windows/debug/lib/pkgconfig/absl_poison.pc
2026-10-08T20:40:46.7198902Z -- Fixing pkgconfig file: D:/a/CaptureSuite/CaptureSuite/vcpkg/packages/abseil_x64-windows/debug/lib/pkgconfig/absl_prefetch.pc
2026-10-08T20:40:46.7202780Z -- Fixing pkgconfig file: D:/a/CaptureSuite/CaptureSuite/vcpkg/packages/abseil_x64-windows/debug/lib/pkgconfig/absl_pretty_function.pc
2026-10-08T20:40:46.7206367Z -- Fixing pkgconfig file: D:/a/CaptureSuite/CaptureSuite/vcpkg/packages/abseil_x64-windows/debug/lib/pkgconfig/absl_random_bit_gen_ref.pc
2026-10-08T20:40:46.7209989Z -- Fixing pkgconfig file: D:/a/CaptureSuite/CaptureSuite/vcpkg/packages/abseil_x64-windows/debug/lib/pkgconfig/absl_random_distributions.pc
2026-10-08T20:40:46.7214026Z -- Fixing pkgconfig file: D:/a/CaptureSuite/CaptureSuite/vcpkg/packages/abseil_x64-windows/debug/lib/pkgconfig/absl_random_internal_distribution_caller.pc
2026-10-08T20:40:46.7217997Z -- Fixing pkgconfig file: D:/a/CaptureSuite/CaptureSuite/vcpkg/packages/abseil_x64-windows/debug/lib/pkgconfig/absl_random_internal_distribution_test_util.pc
2026-10-08T20:40:46.7222133Z -- Fixing pkgconfig file: D:/a/CaptureSuite/CaptureSuite/vcpkg/packages/abseil_x64-windows/debug/lib/pkgconfig/absl_random_internal_fast_uniform_bits.pc
2026-10-08T20:40:46.7226050Z -- Fixing pkgconfig file: D:/a/CaptureSuite/CaptureSuite/vcpkg/packages/abseil_x64-windows/debug/lib/pkgconfig/absl_random_internal_fastmath.pc
2026-10-08T20:40:46.7230255Z -- Fixing pkgconfig file: D:/a/CaptureSuite/CaptureSuite/vcpkg/packages/abseil_x64-windows/debug/lib/pkgconfig/absl_random_internal_generate_real.pc
2026-10-08T20:40:46.7234197Z -- Fixing pkgconfig file: D:/a/CaptureSuite/CaptureSuite/vcpkg/packages/abseil_x64-windows/debug/lib/pkgconfig/absl_random_internal_iostream_state_saver.pc
2026-10-08T20:40:46.7238135Z -- Fixing pkgconfig file: D:/a/CaptureSuite/CaptureSuite/vcpkg/packages/abseil_x64-windows/debug/lib/pkgconfig/absl_random_internal_mock_helpers.pc
2026-10-08T20:40:46.7242087Z -- Fixing pkgconfig file: D:/a/CaptureSuite/CaptureSuite/vcpkg/packages/abseil_x64-windows/debug/lib/pkgconfig/absl_random_internal_nonsecure_base.pc
2026-10-08T20:40:46.7246020Z -- Fixing pkgconfig file: D:/a/CaptureSuite/CaptureSuite/vcpkg/packages/abseil_x64-windows/debug/lib/pkgconfig/absl_random_internal_pcg_engine.pc
2026-10-08T20:40:46.7250043Z -- Fixing pkgconfig file: D:/a/CaptureSuite/CaptureSuite/vcpkg/packages/abseil_x64-windows/debug/lib/pkgconfig/absl_random_internal_platform.pc
2026-10-08T20:40:46.7254182Z -- Fixing pkgconfig file: D:/a/CaptureSuite/CaptureSuite/vcpkg/packages/abseil_x64-windows/debug/lib/pkgconfig/absl_random_internal_pool_urbg.pc
2026-10-08T20:40:46.7258133Z -- Fixing pkgconfig file: D:/a/CaptureSuite/CaptureSuite/vcpkg/packages/abseil_x64-windows/debug/lib/pkgconfig/absl_random_internal_randen.pc
2026-10-08T20:40:46.7262047Z -- Fixing pkgconfig file: D:/a/CaptureSuite/CaptureSuite/vcpkg/packages/abseil_x64-windows/debug/lib/pkgconfig/absl_random_internal_randen_engine.pc
2026-10-08T20:40:46.7266098Z -- Fixing pkgconfig file: D:/a/CaptureSuite/CaptureSuite/vcpkg/packages/abseil_x64-windows/debug/lib/pkgconfig/absl_random_internal_randen_hwaes.pc
2026-10-08T20:40:46.7270099Z -- Fixing pkgconfig file: D:/a/CaptureSuite/CaptureSuite/vcpkg/packages/abseil_x64-windows/debug/lib/pkgconfig/absl_random_internal_randen_hwaes_impl.pc
2026-10-08T20:40:46.7273949Z -- Fixing pkgconfig file: D:/a/CaptureSuite/CaptureSuite/vcpkg/packages/abseil_x64-windows/debug/lib/pkgconfig/absl_random_internal_randen_slow.pc
2026-10-08T20:40:46.7278080Z -- Fixing pkgconfig file: D:/a/CaptureSuite/CaptureSuite/vcpkg/packages/abseil_x64-windows/debug/lib/pkgconfig/absl_random_internal_salted_seed_seq.pc
2026-10-08T20:40:46.7281909Z -- Fixing pkgconfig file: D:/a/CaptureSuite/CaptureSuite/vcpkg/packages/abseil_x64-windows/debug/lib/pkgconfig/absl_random_internal_seed_material.pc
2026-10-08T20:40:46.7285772Z -- Fixing pkgconfig file: D:/a/CaptureSuite/CaptureSuite/vcpkg/packages/abseil_x64-windows/debug/lib/pkgconfig/absl_random_internal_traits.pc
2026-10-08T20:40:46.7289686Z -- Fixing pkgconfig file: D:/a/CaptureSuite/CaptureSuite/vcpkg/packages/abseil_x64-windows/debug/lib/pkgconfig/absl_random_internal_uniform_helper.pc
2026-10-08T20:40:46.7293582Z -- Fixing pkgconfig file: D:/a/CaptureSuite/CaptureSuite/vcpkg/packages/abseil_x64-windows/debug/lib/pkgconfig/absl_random_internal_wide_multiply.pc
2026-10-08T20:40:46.7297468Z -- Fixing pkgconfig file: D:/a/CaptureSuite/CaptureSuite/vcpkg/packages/abseil_x64-windows/debug/lib/pkgconfig/absl_random_random.pc
2026-10-08T20:40:46.7301244Z -- Fixing pkgconfig file: D:/a/CaptureSuite/CaptureSuite/vcpkg/packages/abseil_x64-windows/debug/lib/pkgconfig/absl_random_seed_gen_exception.pc
2026-10-08T20:40:46.7305241Z -- Fixing pkgconfig file: D:/a/CaptureSuite/CaptureSuite/vcpkg/packages/abseil_x64-windows/debug/lib/pkgconfig/absl_random_seed_sequences.pc
2026-10-08T20:40:46.7308972Z -- Fixing pkgconfig file: D:/a/CaptureSuite/CaptureSuite/vcpkg/packages/abseil_x64-windows/debug/lib/pkgconfig/absl_raw_hash_map.pc
2026-10-08T20:40:46.7312528Z -- Fixing pkgconfig file: D:/a/CaptureSuite/CaptureSuite/vcpkg/packages/abseil_x64-windows/debug/lib/pkgconfig/absl_raw_hash_set.pc
2026-10-08T20:40:46.7316234Z -- Fixing pkgconfig file: D:/a/CaptureSuite/CaptureSuite/vcpkg/packages/abseil_x64-windows/debug/lib/pkgconfig/absl_raw_logging_internal.pc
2026-10-08T20:40:46.7319781Z -- Fixing pkgconfig file: D:/a/CaptureSuite/CaptureSuite/vcpkg/packages/abseil_x64-windows/debug/lib/pkgconfig/absl_sample_recorder.pc
2026-10-08T20:40:46.7323666Z -- Fixing pkgconfig file: D:/a/CaptureSuite/CaptureSuite/vcpkg/packages/abseil_x64-windows/debug/lib/pkgconfig/absl_scoped_set_env.pc
2026-10-08T20:40:46.7327257Z -- Fixing pkgconfig file: D:/a/CaptureSuite/CaptureSuite/vcpkg/packages/abseil_x64-windows/debug/lib/pkgconfig/absl_span.pc
2026-10-08T20:40:46.7330858Z -- Fixing pkgconfig file: D:/a/CaptureSuite/CaptureSuite/vcpkg/packages/abseil_x64-windows/debug/lib/pkgconfig/absl_spinlock_wait.pc
2026-10-08T20:40:46.7334290Z -- Fixing pkgconfig file: D:/a/CaptureSuite/CaptureSuite/vcpkg/packages/abseil_x64-windows/debug/lib/pkgconfig/absl_stacktrace.pc
2026-10-08T20:40:46.7337690Z -- Fixing pkgconfig file: D:/a/CaptureSuite/CaptureSuite/vcpkg/packages/abseil_x64-windows/debug/lib/pkgconfig/absl_status.pc
2026-10-08T20:40:46.7341159Z -- Fixing pkgconfig file: D:/a/CaptureSuite/CaptureSuite/vcpkg/packages/abseil_x64-windows/debug/lib/pkgconfig/absl_statusor.pc
2026-10-08T20:40:46.7344640Z -- Fixing pkgconfig file: D:/a/CaptureSuite/CaptureSuite/vcpkg/packages/abseil_x64-windows/debug/lib/pkgconfig/absl_str_format.pc
2026-10-08T20:40:46.7348346Z -- Fixing pkgconfig file: D:/a/CaptureSuite/CaptureSuite/vcpkg/packages/abseil_x64-windows/debug/lib/pkgconfig/absl_str_format_internal.pc
2026-10-08T20:40:46.7351716Z -- Fixing pkgconfig file: D:/a/CaptureSuite/CaptureSuite/vcpkg/packages/abseil_x64-windows/debug/lib/pkgconfig/absl_strerror.pc
2026-10-08T20:40:46.7355584Z -- Fixing pkgconfig file: D:/a/CaptureSuite/CaptureSuite/vcpkg/packages/abseil_x64-windows/debug/lib/pkgconfig/absl_string_view.pc
2026-10-08T20:40:46.7359090Z -- Fixing pkgconfig file: D:/a/CaptureSuite/CaptureSuite/vcpkg/packages/abseil_x64-windows/debug/lib/pkgconfig/absl_strings.pc
2026-10-08T20:40:46.7362568Z -- Fixing pkgconfig file: D:/a/CaptureSuite/CaptureSuite/vcpkg/packages/abseil_x64-windows/debug/lib/pkgconfig/absl_strings_internal.pc
2026-10-08T20:40:46.7365934Z -- Fixing pkgconfig file: D:/a/CaptureSuite/CaptureSuite/vcpkg/packages/abseil_x64-windows/debug/lib/pkgconfig/absl_symbolize.pc
2026-10-08T20:40:46.7369670Z -- Fixing pkgconfig file: D:/a/CaptureSuite/CaptureSuite/vcpkg/packages/abseil_x64-windows/debug/lib/pkgconfig/absl_synchronization.pc
2026-10-08T20:40:46.7373278Z -- Fixing pkgconfig file: D:/a/CaptureSuite/CaptureSuite/vcpkg/packages/abseil_x64-windows/debug/lib/pkgconfig/absl_throw_delegate.pc
2026-10-08T20:40:46.7376475Z -- Fixing pkgconfig file: D:/a/CaptureSuite/CaptureSuite/vcpkg/packages/abseil_x64-windows/debug/lib/pkgconfig/absl_time.pc
2026-10-08T20:40:46.7379843Z -- Fixing pkgconfig file: D:/a/CaptureSuite/CaptureSuite/vcpkg/packages/abseil_x64-windows/debug/lib/pkgconfig/absl_time_zone.pc
2026-10-08T20:40:46.7383254Z -- Fixing pkgconfig file: D:/a/CaptureSuite/CaptureSuite/vcpkg/packages/abseil_x64-windows/debug/lib/pkgconfig/absl_tracing_internal.pc
2026-10-08T20:40:46.7387109Z -- Fixing pkgconfig file: D:/a/CaptureSuite/CaptureSuite/vcpkg/packages/abseil_x64-windows/debug/lib/pkgconfig/absl_type_traits.pc
2026-10-08T20:40:46.7390731Z -- Fixing pkgconfig file: D:/a/CaptureSuite/CaptureSuite/vcpkg/packages/abseil_x64-windows/debug/lib/pkgconfig/absl_utf8_for_code_point.pc
2026-10-08T20:40:46.7394740Z -- Fixing pkgconfig file: D:/a/CaptureSuite/CaptureSuite/vcpkg/packages/abseil_x64-windows/debug/lib/pkgconfig/absl_utility.pc
2026-10-08T20:40:46.7398036Z -- Fixing pkgconfig file: D:/a/CaptureSuite/CaptureSuite/vcpkg/packages/abseil_x64-windows/debug/lib/pkgconfig/absl_variant.pc
2026-10-08T20:40:46.7401849Z -- Fixing pkgconfig file: D:/a/CaptureSuite/CaptureSuite/vcpkg/packages/abseil_x64-windows/debug/lib/pkgconfig/absl_vlog_config_internal.pc
2026-10-08T20:40:46.7405900Z -- Fixing pkgconfig file: D:/a/CaptureSuite/CaptureSuite/vcpkg/packages/abseil_x64-windows/debug/lib/pkgconfig/absl_vlog_is_on.pc
2026-10-08T20:40:47.7262871Z -- Installing: D:/a/CaptureSuite/CaptureSuite/vcpkg/packages/abseil_x64-windows/share/abseil/copyright
2026-10-08T20:40:47.7317214Z -- Performing post-build validation
2026-10-08T20:40:47.8958616Z Elapsed time to handle abseil:x64-windows: 59 s
2026-10-08T20:40:47.8959090Z abseil:x64-windows package ABI: 103b07818652929a86ddfad5a986398f1bf0e2eefd463e4d0490d23ca0c95526
2026-10-08T20:40:47.8959424Z Installing 10/14 utf8-range:x64-windows@5.29.5...
2026-10-08T20:40:47.8959662Z Building utf8-range:x64-windows@5.29.5...
2026-10-08T20:40:47.9174089Z -- Note: utf8-range only supports static library linkage. Building static library.
2026-10-08T20:40:47.9245023Z Downloading https://github.com/protocolbuffers/protobuf/archive/v5.29.5.tar.gz -> protocolbuffers-protobuf-v5.29.5.tar.gz
2026-10-08T20:40:50.7445807Z Successfully downloaded protocolbuffers-protobuf-v5.29.5.tar.gz
2026-10-08T20:40:50.7773691Z -- Extracting source D:/a/CaptureSuite/CaptureSuite/vcpkg/downloads/protocolbuffers-protobuf-v5.29.5.tar.gz
2026-10-08T20:40:51.1974740Z -- Applying patch fix-cmake.patch
2026-10-08T20:40:51.2203834Z -- Using source at D:/a/CaptureSuite/CaptureSuite/vcpkg/buildtrees/utf8-range/src/v5.29.5-196482051e.clean
2026-10-08T20:40:51.2280722Z -- Found external ninja('1.12.1').
2026-10-08T20:40:51.2301793Z -- Configuring x64-windows
2026-10-08T20:40:52.5430371Z -- Building x64-windows-dbg
2026-10-08T20:40:52.8328877Z -- Building x64-windows-rel
2026-10-08T20:40:53.1267256Z -- Fixing pkgconfig file: D:/a/CaptureSuite/CaptureSuite/vcpkg/packages/utf8-range_x64-windows/lib/pkgconfig/utf8_range.pc
2026-10-08T20:40:53.1332150Z -- Using cached msys2-mingw-w64-x86_64-pkgconf-1~2.4.3-1-any.pkg.tar.zst
2026-10-08T20:40:53.1381794Z -- Using cached msys2-msys2-runtime-3.6.2-2-x86_64.pkg.tar.zst
2026-10-08T20:40:53.1384756Z -- Using msys root at D:/a/CaptureSuite/CaptureSuite/vcpkg/downloads/tools/msys2/9272adbcaf19caef
2026-10-08T20:40:53.1439058Z -- Fixing pkgconfig file: D:/a/CaptureSuite/CaptureSuite/vcpkg/packages/utf8-range_x64-windows/debug/lib/pkgconfig/utf8_range.pc
2026-10-08T20:40:53.1493988Z -- Installing: D:/a/CaptureSuite/CaptureSuite/vcpkg/packages/utf8-range_x64-windows/share/utf8-range/copyright
2026-10-08T20:40:53.1538250Z -- Performing post-build validation
2026-10-08T20:40:53.1620769Z Elapsed time to handle utf8-range:x64-windows: 5.3 s
2026-10-08T20:40:53.1621433Z utf8-range:x64-windows package ABI: 6a94266e09e987e407d041dbd070421a6a21cdbffb459d369673b536bd6b9494
2026-10-08T20:40:53.1621966Z Installing 11/14 protobuf:x64-windows@5.29.5#1...
2026-10-08T20:40:53.1622309Z Building protobuf:x64-windows@5.29.5#1...
2026-10-08T20:40:53.2042747Z -- Using cached protocolbuffers-protobuf-v5.29.5.tar.gz
2026-10-08T20:40:53.2260273Z -- Extracting source D:/a/CaptureSuite/CaptureSuite/vcpkg/downloads/protocolbuffers-protobuf-v5.29.5.tar.gz
2026-10-08T20:40:53.6572645Z -- Applying patch fix-static-build.patch
2026-10-08T20:40:53.6777440Z -- Applying patch fix-default-proto-file-path.patch
2026-10-08T20:40:53.6971470Z -- Applying patch fix-utf8-range.patch
2026-10-08T20:40:53.7168321Z -- Applying patch fix-install-dirs.patch
2026-10-08T20:40:53.7362598Z -- Applying patch fix-mingw-tail-call.patch
2026-10-08T20:40:53.7577446Z -- Using source at D:/a/CaptureSuite/CaptureSuite/vcpkg/buildtrees/protobuf/src/v5.29.5-e0ab922525.clean
2026-10-08T20:40:53.8572605Z -- Found external ninja('1.12.1').
2026-10-08T20:40:53.8594499Z -- Configuring x64-windows
2026-10-08T20:40:55.3829824Z -- Building x64-windows-dbg
2026-10-08T20:43:25.1800215Z -- Building x64-windows-rel
2026-10-08T20:48:30.9452536Z -- Fixing pkgconfig file: D:/a/CaptureSuite/CaptureSuite/vcpkg/packages/protobuf_x64-windows/lib/pkgconfig/protobuf-lite.pc
2026-10-08T20:48:30.9455782Z -- Fixing pkgconfig file: D:/a/CaptureSuite/CaptureSuite/vcpkg/packages/protobuf_x64-windows/lib/pkgconfig/protobuf.pc
2026-10-08T20:48:30.9523723Z -- Using cached msys2-mingw-w64-x86_64-pkgconf-1~2.4.3-1-any.pkg.tar.zst
2026-10-08T20:48:30.9573812Z -- Using cached msys2-msys2-runtime-3.6.2-2-x86_64.pkg.tar.zst
2026-10-08T20:48:30.9577350Z -- Using msys root at D:/a/CaptureSuite/CaptureSuite/vcpkg/downloads/tools/msys2/9272adbcaf19caef
2026-10-08T20:48:30.9696020Z -- Fixing pkgconfig file: D:/a/CaptureSuite/CaptureSuite/vcpkg/packages/protobuf_x64-windows/debug/lib/pkgconfig/protobuf-lite.pc
2026-10-08T20:48:30.9700479Z -- Fixing pkgconfig file: D:/a/CaptureSuite/CaptureSuite/vcpkg/packages/protobuf_x64-windows/debug/lib/pkgconfig/protobuf.pc
2026-10-08T20:48:31.0019807Z -- Installing: D:/a/CaptureSuite/CaptureSuite/vcpkg/packages/protobuf_x64-windows/share/protobuf/copyright
2026-10-08T20:48:31.0076996Z -- Performing post-build validation
2026-10-08T20:48:31.6321633Z Elapsed time to handle protobuf:x64-windows: 7.6 min
2026-10-08T20:48:31.6322293Z protobuf:x64-windows package ABI: 765c1e2d87368dec8a9ae0add7b9ddd3ed57914527a1145b5979fd218201c702
2026-10-08T20:48:31.6322651Z Installing 12/14 fmt:x64-windows@11.2.0...
2026-10-08T20:48:31.6322897Z Building fmt:x64-windows@11.2.0...
2026-10-08T20:48:31.6619696Z Downloading https://github.com/fmtlib/fmt/archive/11.2.0.tar.gz -> fmtlib-fmt-11.2.0.tar.gz
2026-10-08T20:48:32.1823494Z Successfully downloaded fmtlib-fmt-11.2.0.tar.gz
2026-10-08T20:48:32.1931127Z -- Extracting source D:/a/CaptureSuite/CaptureSuite/vcpkg/downloads/fmtlib-fmt-11.2.0.tar.gz
2026-10-08T20:48:32.3318979Z -- Using source at D:/a/CaptureSuite/CaptureSuite/vcpkg/buildtrees/fmt/src/11.2.0-c4b53d7675.clean
2026-10-08T20:48:32.3406805Z -- Found external ninja('1.12.1').
2026-10-08T20:48:32.3429836Z -- Configuring x64-windows
2026-10-08T20:48:32.8915092Z -- Building x64-windows-dbg
2026-10-08T20:48:33.7487729Z -- Building x64-windows-rel
2026-10-08T20:48:35.3627776Z -- Fixing pkgconfig file: D:/a/CaptureSuite/CaptureSuite/vcpkg/packages/fmt_x64-windows/lib/pkgconfig/fmt.pc
2026-10-08T20:48:35.3693528Z -- Using cached msys2-mingw-w64-x86_64-pkgconf-1~2.4.3-1-any.pkg.tar.zst
2026-10-08T20:48:35.3741851Z -- Using cached msys2-msys2-runtime-3.6.2-2-x86_64.pkg.tar.zst
2026-10-08T20:48:35.3745137Z -- Using msys root at D:/a/CaptureSuite/CaptureSuite/vcpkg/downloads/tools/msys2/9272adbcaf19caef
2026-10-08T20:48:35.3811912Z -- Fixing pkgconfig file: D:/a/CaptureSuite/CaptureSuite/vcpkg/packages/fmt_x64-windows/debug/lib/pkgconfig/fmt.pc
2026-10-08T20:48:35.4196736Z -- Installing: D:/a/CaptureSuite/CaptureSuite/vcpkg/packages/fmt_x64-windows/share/fmt/usage
2026-10-08T20:48:35.4202569Z -- Installing: D:/a/CaptureSuite/CaptureSuite/vcpkg/packages/fmt_x64-windows/share/fmt/copyright
2026-10-08T20:48:35.4257849Z -- Performing post-build validation
2026-10-08T20:48:35.4383023Z Elapsed time to handle fmt:x64-windows: 3.8 s
2026-10-08T20:48:35.4383777Z fmt:x64-windows package ABI: 8e299178e450ed0369be071b510ecf5db5dd25059079bb59b50bc234b562729f
2026-10-08T20:48:35.4384340Z Installing 13/14 spdlog:x64-windows@1.15.3...
2026-10-08T20:48:35.4384680Z Building spdlog:x64-windows@1.15.3...
2026-10-08T20:48:35.4694923Z Downloading https://github.com/gabime/spdlog/archive/v1.15.3.tar.gz -> gabime-spdlog-v1.15.3.tar.gz
2026-10-08T20:48:35.9327196Z Successfully downloaded gabime-spdlog-v1.15.3.tar.gz
2026-10-08T20:48:35.9428355Z -- Extracting source D:/a/CaptureSuite/CaptureSuite/vcpkg/downloads/gabime-spdlog-v1.15.3.tar.gz
2026-10-08T20:48:36.2281017Z -- Using source at D:/a/CaptureSuite/CaptureSuite/vcpkg/buildtrees/spdlog/src/v1.15.3-425e0a81aa.clean
2026-10-08T20:48:36.2374318Z -- Found external ninja('1.12.1').
2026-10-08T20:48:36.2398941Z -- Configuring x64-windows
2026-10-08T20:48:37.5328024Z -- Building x64-windows-dbg
2026-10-08T20:48:39.7522125Z -- Building x64-windows-rel
2026-10-08T20:48:43.8524716Z -- Fixing pkgconfig file: D:/a/CaptureSuite/CaptureSuite/vcpkg/packages/spdlog_x64-windows/lib/pkgconfig/spdlog.pc
2026-10-08T20:48:43.8589512Z -- Using cached msys2-mingw-w64-x86_64-pkgconf-1~2.4.3-1-any.pkg.tar.zst
2026-10-08T20:48:43.8636911Z -- Using cached msys2-msys2-runtime-3.6.2-2-x86_64.pkg.tar.zst
2026-10-08T20:48:43.8640579Z -- Using msys root at D:/a/CaptureSuite/CaptureSuite/vcpkg/downloads/tools/msys2/9272adbcaf19caef
2026-10-08T20:48:43.8706364Z -- Fixing pkgconfig file: D:/a/CaptureSuite/CaptureSuite/vcpkg/packages/spdlog_x64-windows/debug/lib/pkgconfig/spdlog.pc
2026-10-08T20:48:43.9246685Z -- Installing: D:/a/CaptureSuite/CaptureSuite/vcpkg/packages/spdlog_x64-windows/share/spdlog/usage
2026-10-08T20:48:43.9249840Z -- Installing: D:/a/CaptureSuite/CaptureSuite/vcpkg/packages/spdlog_x64-windows/share/spdlog/copyright
2026-10-08T20:48:43.9312638Z -- Performing post-build validation
2026-10-08T20:48:43.9601720Z Elapsed time to handle spdlog:x64-windows: 8.5 s
2026-10-08T20:48:43.9602452Z spdlog:x64-windows package ABI: 3039418bdd18709e8aa2ba152f2b3152da1d620e95e509c74d66026a9ba711fa
2026-10-08T20:48:43.9603075Z Installing 14/14 sqlite3[core,json1]:x64-windows@3.50.4...
2026-10-08T20:48:43.9603527Z Building sqlite3[core,json1]:x64-windows@3.50.4...
2026-10-08T20:48:43.9904349Z Downloading https://sqlite.org/2025/sqlite-autoconf-3500400.tar.gz -> sqlite-autoconf-3500400.zip
2026-10-08T20:48:44.4238335Z Successfully downloaded sqlite-autoconf-3500400.zip
2026-10-08T20:48:44.4417998Z -- Extracting source D:/a/CaptureSuite/CaptureSuite/vcpkg/downloads/sqlite-autoconf-3500400.zip
2026-10-08T20:48:44.5946640Z -- Applying patch fix-arm-uwp.patch
2026-10-08T20:48:44.6212882Z -- Applying patch add-config-include.patch
2026-10-08T20:48:44.6722967Z -- Using source at D:/a/CaptureSuite/CaptureSuite/vcpkg/buildtrees/sqlite3/src/nf-3500400-27a76b56ef.clean
2026-10-08T20:48:44.6914153Z -- Found external ninja('1.12.1').
2026-10-08T20:48:44.6938342Z -- Configuring x64-windows
2026-10-08T20:48:45.7561540Z -- Building x64-windows-dbg
2026-10-08T20:48:46.7343863Z -- Building x64-windows-rel
2026-10-08T20:48:56.8178345Z -- Fixing pkgconfig file: D:/a/CaptureSuite/CaptureSuite/vcpkg/packages/sqlite3_x64-windows/lib/pkgconfig/sqlite3.pc
2026-10-08T20:48:56.8242812Z -- Using cached msys2-mingw-w64-x86_64-pkgconf-1~2.4.3-1-any.pkg.tar.zst
2026-10-08T20:48:56.8291344Z -- Using cached msys2-msys2-runtime-3.6.2-2-x86_64.pkg.tar.zst
2026-10-08T20:48:56.8294656Z -- Using msys root at D:/a/CaptureSuite/CaptureSuite/vcpkg/downloads/tools/msys2/9272adbcaf19caef
2026-10-08T20:48:56.8358908Z -- Fixing pkgconfig file: D:/a/CaptureSuite/CaptureSuite/vcpkg/packages/sqlite3_x64-windows/debug/lib/pkgconfig/sqlite3.pc
2026-10-08T20:48:56.8742583Z -- Installing: D:/a/CaptureSuite/CaptureSuite/vcpkg/packages/sqlite3_x64-windows/share/sqlite3/usage
2026-10-08T20:48:56.8795936Z -- Performing post-build validation
2026-10-08T20:48:56.8966592Z Elapsed time to handle sqlite3:x64-windows: 13 s
2026-10-08T20:48:56.8967075Z sqlite3:x64-windows package ABI: da52d2b24f83aa802a67015a005bb7e3874aa1db3d01857710c5d193ad74fbe9
2026-10-08T20:48:56.8989598Z Installed contents are licensed to you by owners. Microsoft is not responsible for, nor does it grant any licenses to, third-party packages.
2026-10-08T20:48:56.8990492Z Packages installed in this vcpkg installation declare the following licenses:
2026-10-08T20:48:56.8991303Z (BSD-3-Clause OR GPL-2.0-only)
2026-10-08T20:48:56.8991626Z (CC0-1.0 OR Apache-2.0)
2026-10-08T20:48:56.8991885Z Apache-2.0
2026-10-08T20:48:56.8992108Z BSD-2-Clause
2026-10-08T20:48:56.8992335Z BSD-3-Clause
2026-10-08T20:48:56.8992549Z BSL-1.0
2026-10-08T20:48:56.8992778Z MIT
2026-10-08T20:48:56.8992987Z blessing
2026-10-08T20:48:56.8993269Z blake3 provides CMake targets:
2026-10-08T20:48:56.8993456Z 
2026-10-08T20:48:56.8993703Z   # this is heuristically generated, and may not be correct
2026-10-08T20:48:56.8994131Z   find_package(blake3 CONFIG REQUIRED)
2026-10-08T20:48:56.9001201Z   target_link_libraries(main PRIVATE BLAKE3::blake3)
2026-10-08T20:48:56.9001441Z 
2026-10-08T20:48:56.9001651Z blake3 provides pkg-config modules:
2026-10-08T20:48:56.9001836Z 
2026-10-08T20:48:56.9002008Z   # BLAKE3 C implementation
2026-10-08T20:48:56.9002261Z   libblake3
2026-10-08T20:48:56.9002398Z 
2026-10-08T20:48:56.9002574Z catch2 provides CMake targets:
2026-10-08T20:48:56.9002759Z 
2026-10-08T20:48:56.9003019Z   # this is heuristically generated, and may not be correct
2026-10-08T20:48:56.9003658Z   find_package(Catch2 CONFIG REQUIRED)
2026-10-08T20:48:56.9004178Z   target_link_libraries(main PRIVATE Catch2::Catch2 Catch2::Catch2WithMain)
2026-10-08T20:48:56.9004478Z 
2026-10-08T20:48:56.9004661Z catch2 provides pkg-config modules:
2026-10-08T20:48:56.9004860Z 
2026-10-08T20:48:56.9005203Z   # A modern, C++-native test framework for C++14 and above (links in default main)
2026-10-08T20:48:56.9005628Z   catch2-with-main
2026-10-08T20:48:56.9005779Z 
2026-10-08T20:48:56.9006026Z   # A modern, C++-native, test framework for C++14 and above
2026-10-08T20:48:56.9006342Z   catch2
2026-10-08T20:48:56.9006459Z 
2026-10-08T20:48:56.9006647Z mcap provides CMake targets:
2026-10-08T20:48:56.9006757Z 
2026-10-08T20:48:56.9006919Z   # this is heuristically generated, and may not be correct
2026-10-08T20:48:56.9007239Z   find_package(unofficial-mcap CONFIG REQUIRED)
2026-10-08T20:48:56.9007760Z   target_link_libraries(main PRIVATE unofficial::mcap::mcap)
2026-10-08T20:48:56.9007992Z 
2026-10-08T20:48:56.9008203Z The package nlohmann-json provides CMake targets:
2026-10-08T20:48:56.9008459Z 
2026-10-08T20:48:56.9008674Z     find_package(nlohmann_json CONFIG REQUIRED)
2026-10-08T20:48:56.9008993Z     target_link_libraries(main PRIVATE nlohmann_json::nlohmann_json)
2026-10-08T20:48:56.9009157Z 
2026-10-08T20:48:56.9009446Z The package nlohmann-json can be configured to not provide implicit conversions via a custom triplet file:
2026-10-08T20:48:56.9009701Z 
2026-10-08T20:48:56.9009825Z     set(nlohmann-json_IMPLICIT_CONVERSIONS OFF)
2026-10-08T20:48:56.9009969Z 
2026-10-08T20:48:56.9010241Z For more information, see the docs here:
2026-10-08T20:48:56.9010575Z     
2026-10-08T20:48:56.9010890Z     https://json.nlohmann.me/api/macros/json_use_implicit_conversions/
2026-10-08T20:48:56.9011062Z 
2026-10-08T20:48:56.9011199Z protobuf provides CMake targets:
2026-10-08T20:48:56.9011329Z 
2026-10-08T20:48:56.9011475Z   # this is heuristically generated, and may not be correct
2026-10-08T20:48:56.9011748Z   find_package(protobuf CONFIG REQUIRED)
2026-10-08T20:48:56.9012163Z   target_link_libraries(main PRIVATE protobuf::libprotoc protobuf::libprotobuf protobuf::libprotobuf-lite)
2026-10-08T20:48:56.9012432Z 
2026-10-08T20:48:56.9012559Z protobuf provides pkg-config modules:
2026-10-08T20:48:56.9012675Z 
2026-10-08T20:48:56.9012798Z   # Google's Data Interchange Format
2026-10-08T20:48:56.9013002Z   protobuf-lite
2026-10-08T20:48:56.9013085Z 
2026-10-08T20:48:56.9013203Z   # Google's Data Interchange Format
2026-10-08T20:48:56.9013388Z   protobuf
2026-10-08T20:48:56.9013484Z 
2026-10-08T20:48:56.9013596Z The package spdlog provides CMake targets:
2026-10-08T20:48:56.9013739Z 
2026-10-08T20:48:56.9013842Z     find_package(spdlog CONFIG REQUIRED)
2026-10-08T20:48:56.9014132Z     target_link_libraries(main PRIVATE spdlog::spdlog)
2026-10-08T20:48:56.9014272Z 
2026-10-08T20:48:56.9014390Z     # Or use the header-only version
2026-10-08T20:48:56.9014615Z     find_package(spdlog CONFIG REQUIRED)
2026-10-08T20:48:56.9014915Z     target_link_libraries(main PRIVATE spdlog::spdlog_header_only)
2026-10-08T20:48:56.9015095Z 
2026-10-08T20:48:56.9015197Z sqlite3 provides pkgconfig bindings.
2026-10-08T20:48:56.9015422Z sqlite3 provides CMake targets:
2026-10-08T20:48:56.9015550Z 
2026-10-08T20:48:56.9015705Z     find_package(unofficial-sqlite3 CONFIG REQUIRED)
2026-10-08T20:48:56.9016026Z     target_link_libraries(main PRIVATE unofficial::sqlite3::sqlite3)
2026-10-08T20:48:56.9016186Z 
2026-10-08T20:48:56.9016360Z All requested installations completed successfully in: 10 min
2026-10-08T20:48:56.9115635Z -- Running vcpkg install - done
2026-10-08T20:48:57.2053043Z -- The CXX compiler identification is MSVC 19.44.35229.0
2026-10-08T20:48:57.2897455Z -- Detecting CXX compiler ABI info
2026-10-08T20:48:57.8597086Z -- Detecting CXX compiler ABI info - done
2026-10-08T20:48:57.8691605Z -- Check for working CXX compiler: C:/Program Files/Microsoft Visual Studio/2022/Enterprise/VC/Tools/MSVC/14.44.35207/bin/Hostx64/x64/cl.exe - skipped
2026-10-08T20:48:57.8694530Z -- Detecting CXX compile features
2026-10-08T20:48:57.8702323Z -- Detecting CXX compile features - done
2026-10-08T20:48:57.8759565Z -- Performing Test CMAKE_HAVE_LIBC_PTHREAD
2026-10-08T20:48:58.0412611Z -- Performing Test CMAKE_HAVE_LIBC_PTHREAD - Failed
2026-10-08T20:48:58.0413163Z -- Looking for pthread_create in pthreads
2026-10-08T20:48:58.2649574Z -- Looking for pthread_create in pthreads - not found
2026-10-08T20:48:58.2650036Z -- Looking for pthread_create in pthread
2026-10-08T20:48:58.4922926Z -- Looking for pthread_create in pthread - not found
2026-10-08T20:48:58.4931761Z -- Found Threads: TRUE
2026-10-08T20:48:58.5196216Z -- Protobuf 29.5.0 found — C++ codegen enabled
2026-10-08T20:48:58.5278114Z -- Found nlohmann_json: D:/a/CaptureSuite/CaptureSuite/build/windows-release/vcpkg_installed/x64-windows/share/nlohmann_json/nlohmann_jsonConfig.cmake (found version "3.12.0")
2026-10-08T20:48:58.8649861Z -- Configuring done (611.8s)
2026-10-08T20:48:58.9270772Z -- Generating done (0.1s)
2026-10-08T20:48:58.9279950Z -- Build files have been written to: D:/a/CaptureSuite/CaptureSuite/build/windows-release
2026-10-08T20:48:59.0196293Z ##[group]Run cmake --build build/windows-release --target capture_daemon capture_core_tests session_doctor -j 4
2026-10-08T20:48:59.0196832Z [36;1mcmake --build build/windows-release --target capture_daemon capture_core_tests session_doctor -j 4[0m
2026-10-08T20:48:59.0222914Z shell: C:\Program Files\PowerShell\7\pwsh.EXE -command ". '{0}'"
2026-10-08T20:48:59.0223158Z env:
2026-10-08T20:48:59.0223319Z   CommandPromptType: Native
2026-10-08T20:48:59.0223587Z   DevEnvDir: C:\Program Files\Microsoft Visual Studio\2022\Enterprise\Common7\IDE\
2026-10-08T20:48:59.0223932Z   ExtensionSdkDir: C:\Program Files (x86)\Microsoft SDKs\Windows Kits\10\ExtensionSDKs
2026-10-08T20:48:59.0225332Z   EXTERNAL_INCLUDE: C:\Program Files\Microsoft Visual Studio\2022\Enterprise\VC\Tools\MSVC\14.44.35207\include;C:\Program Files\Microsoft Visual Studio\2022\Enterprise\VC\Tools\MSVC\14.44.35207\ATLMFC\include;C:\Program Files\Microsoft Visual Studio\2022\Enterprise\VC\Auxiliary\VS\include;C:\Program Files (x86)\Windows Kits\10\include\10.0.26100.0\ucrt;C:\Program Files (x86)\Windows Kits\10\\include\10.0.26100.0\\um;C:\Program Files (x86)\Windows Kits\10\\include\10.0.26100.0\\shared;C:\Program Files (x86)\Windows Kits\10\\include\10.0.26100.0\\winrt;C:\Program Files (x86)\Windows Kits\10\\include\10.0.26100.0\\cppwinrt;C:\Program Files (x86)\Windows Kits\NETFXSDK\4.8\include\um
2026-10-08T20:48:59.0226611Z   Framework40Version: v4.0
2026-10-08T20:48:59.0226814Z   FrameworkDir: C:\Windows\Microsoft.NET\Framework64\
2026-10-08T20:48:59.0227051Z   FrameworkDir64: C:\Windows\Microsoft.NET\Framework64\
2026-10-08T20:48:59.0227270Z   FrameworkVersion: v4.0.30319
2026-10-08T20:48:59.0227457Z   FrameworkVersion64: v4.0.30319
2026-10-08T20:48:59.0227787Z   FSHARPINSTALLDIR: C:\Program Files\Microsoft Visual Studio\2022\Enterprise\Common7\IDE\CommonExtensions\Microsoft\FSharp\Tools
2026-10-08T20:48:59.0228164Z   HTMLHelpDir: C:\Program Files (x86)\HTML Help Workshop
2026-10-08T20:48:59.0228483Z   IFCPATH: C:\Program Files\Microsoft Visual Studio\2022\Enterprise\VC\Tools\MSVC\14.44.35207\ifc\x64
2026-10-08T20:48:59.0229822Z   INCLUDE: C:\Program Files\Microsoft Visual Studio\2022\Enterprise\VC\Tools\MSVC\14.44.35207\include;C:\Program Files\Microsoft Visual Studio\2022\Enterprise\VC\Tools\MSVC\14.44.35207\ATLMFC\include;C:\Program Files\Microsoft Visual Studio\2022\Enterprise\VC\Auxiliary\VS\include;C:\Program Files (x86)\Windows Kits\10\include\10.0.26100.0\ucrt;C:\Program Files (x86)\Windows Kits\10\\include\10.0.26100.0\\um;C:\Program Files (x86)\Windows Kits\10\\include\10.0.26100.0\\shared;C:\Program Files (x86)\Windows Kits\10\\include\10.0.26100.0\\winrt;C:\Program Files (x86)\Windows Kits\10\\include\10.0.26100.0\\cppwinrt;C:\Program Files (x86)\Windows Kits\NETFXSDK\4.8\include\um
2026-10-08T20:48:59.0231152Z   is_x64_arch: true
2026-10-08T20:48:59.0231870Z   LIB: C:\Program Files\Microsoft Visual Studio\2022\Enterprise\VC\Tools\MSVC\14.44.35207\ATLMFC\lib\x64;C:\Program Files\Microsoft Visual Studio\2022\Enterprise\VC\Tools\MSVC\14.44.35207\lib\x64;C:\Program Files (x86)\Windows Kits\NETFXSDK\4.8\lib\um\x64;C:\Program Files (x86)\Windows Kits\10\lib\10.0.26100.0\ucrt\x64;C:\Program Files (x86)\Windows Kits\10\\lib\10.0.26100.0\\um\x64
2026-10-08T20:48:59.0233325Z   LIBPATH: C:\Program Files\Microsoft Visual Studio\2022\Enterprise\VC\Tools\MSVC\14.44.35207\ATLMFC\lib\x64;C:\Program Files\Microsoft Visual Studio\2022\Enterprise\VC\Tools\MSVC\14.44.35207\lib\x64;C:\Program Files\Microsoft Visual Studio\2022\Enterprise\VC\Tools\MSVC\14.44.35207\lib\x86\store\references;C:\Program Files (x86)\Windows Kits\10\UnionMetadata\10.0.26100.0;C:\Program Files (x86)\Windows Kits\10\References\10.0.26100.0;C:\Windows\Microsoft.NET\Framework64\v4.0.30319
2026-10-08T20:48:59.0234336Z   NETFXSDKDir: C:\Program Files (x86)\Windows Kits\NETFXSDK\4.8\
2026-10-08T20:48:59.0243771Z   Path: C:\Program Files\Microsoft Visual Studio\2022\Enterprise\VC\Tools\MSVC\14.44.35207\bin\HostX64\x64;C:\Program Files\Microsoft Visual Studio\2022\Enterprise\Common7\IDE\VC\VCPackages;C:\Program Files\Microsoft Visual Studio\2022\Enterprise\Common7\IDE\CommonExtensions\Microsoft\TestWindow;C:\Program Files\Microsoft Visual Studio\2022\Enterprise\Common7\IDE\CommonExtensions\Microsoft\TeamFoundation\Team Explorer;C:\Program Files\Microsoft Visual Studio\2022\Enterprise\MSBuild\Current\bin\Roslyn;C:\Program Files (x86)\Microsoft SDKs\Windows\v10.0A\bin\NETFX 4.8 Tools\x64\;C:\Program Files (x86)\HTML Help Workshop;C:\Program Files\Microsoft Visual Studio\2022\Enterprise\Common7\IDE\CommonExtensions\Microsoft\FSharp\Tools;C:\Program Files\Microsoft Visual Studio\2022\Enterprise\Team Tools\DiagnosticsHub\Collector;C:\Program Files\Microsoft Visual Studio\2022\Enterprise\Common7\IDE\Extensions\Microsoft\CodeCoverage.Console;C:\Program Files\Microsoft Visual Studio\2022\Enterprise\VC\Tools\Llvm\x64\bin;C:\Program Files (x86)\Windows Kits\10\bin\10.0.26100.0\\x64;C:\Program Files (x86)\Windows Kits\10\bin\\x64;C:\Program Files\Microsoft Visual Studio\2022\Enterprise\\MSBuild\Current\Bin\amd64;C:\Windows\Microsoft.NET\Framework64\v4.0.30319;C:\Program Files\Microsoft Visual Studio\2022\Enterprise\Common7\IDE\;C:\Program Files\Microsoft Visual Studio\2022\Enterprise\Common7\Tools\;C:\Program Files\MongoDB\Server\7.0\bin;C:\aliyun-cli;C:\vcpkg;C:\Program Files (x86)\NSIS\;C:\tools\zstd;C:\Program Files\Mercurial\;C:\hostedtoolcache\windows\stack\3.11.1\x64;C:\cabal\bin;C:\\ghcup\bin;C:\mingw64\bin;C:\Program Files\dotnet;C:\Program Files\MySQL\MySQL Server 8.0\bin;C:\Program Files\R\R-4.6.1\bin\x64;C:\SeleniumWebDrivers\GeckoDriver;C:\SeleniumWebDrivers\EdgeDriver\;C:\SeleniumWebDrivers\ChromeDriver;C:\Program Files (x86)\sbt\bin;C:\Program Files (x86)\GitHub CLI;C:\Program Files\Git\bin;C:\Program Files (x86)\pipx_bin;C:\npm\prefix;C:\hostedtoolcache\windows\go\1.24.13\x64\bin;C:\hostedtoolcache\windows\Python\3.12.10\x64\Scripts;C:\hostedtoolcache\windows\Python\3.12.10\x64;C:\hostedtoolcache\windows\Ruby\3.3.12\x64\bin;C:\Program Files\OpenSSL\bin;C:\tools\kotlinc\bin;C:\hostedtoolcache\windows\Java_Temurin-Hotspot_jdk\8.0.504-1\x64\bin;C:\Program Files\ImageMagick-7.1.2-Q16-HDRI;C:\Program Files\Microsoft SDKs\Azure\CLI2\wbin;C:\ProgramData\kind;C:\ProgramData\Chocolatey\bin;C:\Windows\system32;C:\Windows;C:\Windows\System32\Wbem;C:\Windows\System32\WindowsPowerShell\v1.0\;C:\Windows\System32\OpenSSH\;C:\Program Files\dotnet\;C:\Program Files\PowerShell\7\;C:\Program Files\Microsoft\Web Platform Installer\;C:\Program Files\TortoiseSVN\bin;C:\Program Files\Microsoft SQL Server\Client SDK\ODBC\170\Tools\Binn\;C:\Program Files\Microsoft SQL Server\150\Tools\Binn\;C:\Program Files (x86)\Windows Kits\10\Windows Performance Toolkit\;C:\Program Files (x86)\WiX Toolset v3.14\bin;C:\Program Files\Microsoft SQL Server\130\DTS\Binn\;C:\Program Files\Microsoft SQL Server\140\DTS\Binn\;C:\Program Files\Microsoft SQL Server\150\DTS\Binn\;C:\Program Files\Microsoft SQL Server\160\DTS\Binn\;C:\Program Files\Microsoft SQL Server\170\DTS\Binn\;C:\Strawberry\c\bin;C:\Strawberry\perl\site\bin;C:\Strawberry\perl\bin;C:\ProgramData\chocolatey\lib\pulumi\tools\Pulumi\bin;C:\Program Files\CMake\bin;C:\ProgramData\chocolatey\lib\maven\apache-maven-3.9.16\bin;C:\Program Files\Microsoft Service Fabric\bin\Fabric\Fabric.Code;C:\Program Files\Microsoft SDKs\Service Fabric\Tools\ServiceFabricLocalClusterManager;C:\Program Files\nodejs\;C:\Program Files\Git\cmd;C:\Program Files\Git\ucrt64\bin;C:\Program Files\Git\usr\bin;C:\Program Files\GitHub CLI\;c:\tools\php;C:\Program Files\Amazon\AWSCLIV2\;C:\Program Files\Amazon\SessionManagerPlugin\bin\;C:\Program Files\Amazon\AWSSAMCLI\bin\;C:\Program Files\Microsoft SQL Server\130\Tools\Binn\;C:\Program Files\mongosh\;C:\Program Files\LLVM\bin;C:\Program Files (x86)\LLVM\bin;C:\Users\runneradmin\.dotnet\tools;C:\Users\runneradmin\.cargo\bin;C:\Users\runneradmin\AppData\Local\Microsoft\WindowsApps;C:\Program Files (x86)\Microsoft Visual Studio\Installer;C:\Program Files\Microsoft Visual Studio\2022\Enterprise\Common7\IDE\CommonExtensions\Microsoft\CMake\CMake\bin;C:\Program Files\Microsoft Visual Studio\2022\Enterprise\Common7\IDE\CommonExtensions\Microsoft\CMake\Ninja;C:\Program Files\Microsoft Visual Studio\2022\Enterprise\Common7\IDE\VC\Linux\bin\ConnectionManagerExe;C:\Program Files\Microsoft Visual Studio\2022\Enterprise\VC\vcpkg
2026-10-08T20:48:59.0251918Z   Platform: x64
2026-10-08T20:48:59.0252076Z   UCRTVersion: 10.0.26100.0
2026-10-08T20:48:59.0252301Z   UniversalCRTSdkDir: C:\Program Files (x86)\Windows Kits\10\
2026-10-08T20:48:59.0252626Z   VCIDEInstallDir: C:\Program Files\Microsoft Visual Studio\2022\Enterprise\Common7\IDE\VC\
2026-10-08T20:48:59.0252976Z   VCINSTALLDIR: C:\Program Files\Microsoft Visual Studio\2022\Enterprise\VC\
2026-10-08T20:48:59.0253253Z   VCPKG_ROOT: D:\a\CaptureSuite\CaptureSuite\vcpkg
2026-10-08T20:48:59.0253586Z   VCToolsInstallDir: C:\Program Files\Microsoft Visual Studio\2022\Enterprise\VC\Tools\MSVC\14.44.35207\
2026-10-08T20:48:59.0254019Z   VCToolsRedistDir: C:\Program Files\Microsoft Visual Studio\2022\Enterprise\VC\Redist\MSVC\14.44.35112\
2026-10-08T20:48:59.0254322Z   VCToolsVersion: 14.44.35207
2026-10-08T20:48:59.0254509Z   VisualStudioVersion: 17.0
2026-10-08T20:48:59.0254766Z   VS170COMNTOOLS: C:\Program Files\Microsoft Visual Studio\2022\Enterprise\Common7\Tools\
2026-10-08T20:48:59.0255048Z   VSCMD_ARG_app_plat: Desktop
2026-10-08T20:48:59.0255226Z   VSCMD_ARG_HOST_ARCH: x64
2026-10-08T20:48:59.0255394Z   VSCMD_ARG_TGT_ARCH: x64
2026-10-08T20:48:59.0255559Z   VSCMD_VER: 17.14.41
2026-10-08T20:48:59.0255779Z   VSINSTALLDIR: C:\Program Files\Microsoft Visual Studio\2022\Enterprise\
2026-10-08T20:48:59.0256116Z   VSSDK150INSTALL: C:\Program Files\Microsoft Visual Studio\2022\Enterprise\VSSDK
2026-10-08T20:48:59.0256439Z   VSSDKINSTALL: C:\Program Files\Microsoft Visual Studio\2022\Enterprise\VSSDK
2026-10-08T20:48:59.0256872Z   WindowsLibPath: C:\Program Files (x86)\Windows Kits\10\UnionMetadata\10.0.26100.0;C:\Program Files (x86)\Windows Kits\10\References\10.0.26100.0
2026-10-08T20:48:59.0257279Z   WindowsSdkBinPath: C:\Program Files (x86)\Windows Kits\10\bin\
2026-10-08T20:48:59.0257548Z   WindowsSdkDir: C:\Program Files (x86)\Windows Kits\10\
2026-10-08T20:48:59.0257771Z   WindowsSDKLibVersion: 10.0.26100.0\
2026-10-08T20:48:59.0258031Z   WindowsSdkVerBinPath: C:\Program Files (x86)\Windows Kits\10\bin\10.0.26100.0\
2026-10-08T20:48:59.0258316Z   WindowsSDKVersion: 10.0.26100.0\
2026-10-08T20:48:59.0258615Z   WindowsSDK_ExecutablePath_x64: C:\Program Files (x86)\Microsoft SDKs\Windows\v10.0A\bin\NETFX 4.8 Tools\x64\
2026-10-08T20:48:59.0259029Z   WindowsSDK_ExecutablePath_x86: C:\Program Files (x86)\Microsoft SDKs\Windows\v10.0A\bin\NETFX 4.8 Tools\
2026-10-08T20:48:59.0259323Z   __DOTNET_ADD_64BIT: 1
2026-10-08T20:48:59.0259495Z   __DOTNET_PREFERRED_BITNESS: 64
2026-10-08T20:48:59.0264503Z   __VSCMD_PREINIT_PATH: C:\Program Files\MongoDB\Server\7.0\bin;C:\aliyun-cli;C:\vcpkg;C:\Program Files (x86)\NSIS\;C:\tools\zstd;C:\Program Files\Mercurial\;C:\hostedtoolcache\windows\stack\3.11.1\x64;C:\cabal\bin;C:\\ghcup\bin;C:\mingw64\bin;C:\Program Files\dotnet;C:\Program Files\MySQL\MySQL Server 8.0\bin;C:\Program Files\R\R-4.6.1\bin\x64;C:\SeleniumWebDrivers\GeckoDriver;C:\SeleniumWebDrivers\EdgeDriver\;C:\SeleniumWebDrivers\ChromeDriver;C:\Program Files (x86)\sbt\bin;C:\Program Files (x86)\GitHub CLI;C:\Program Files\Git\bin;C:\Program Files (x86)\pipx_bin;C:\npm\prefix;C:\hostedtoolcache\windows\go\1.24.13\x64\bin;C:\hostedtoolcache\windows\Python\3.12.10\x64\Scripts;C:\hostedtoolcache\windows\Python\3.12.10\x64;C:\hostedtoolcache\windows\Ruby\3.3.12\x64\bin;C:\Program Files\OpenSSL\bin;C:\tools\kotlinc\bin;C:\hostedtoolcache\windows\Java_Temurin-Hotspot_jdk\8.0.504-1\x64\bin;C:\Program Files\ImageMagick-7.1.2-Q16-HDRI;C:\Program Files\Microsoft SDKs\Azure\CLI2\wbin;C:\ProgramData\kind;C:\ProgramData\Chocolatey\bin;C:\Windows\system32;C:\Windows;C:\Windows\System32\Wbem;C:\Windows\System32\WindowsPowerShell\v1.0\;C:\Windows\System32\OpenSSH\;C:\Program Files\dotnet\;C:\Program Files\PowerShell\7\;C:\Program Files\Microsoft\Web Platform Installer\;C:\Program Files\TortoiseSVN\bin;C:\Program Files\Microsoft SQL Server\Client SDK\ODBC\170\Tools\Binn\;C:\Program Files\Microsoft SQL Server\150\Tools\Binn\;C:\Program Files (x86)\Windows Kits\10\Windows Performance Toolkit\;C:\Program Files (x86)\WiX Toolset v3.14\bin;C:\Program Files\Microsoft SQL Server\130\DTS\Binn\;C:\Program Files\Microsoft SQL Server\140\DTS\Binn\;C:\Program Files\Microsoft SQL Server\150\DTS\Binn\;C:\Program Files\Microsoft SQL Server\160\DTS\Binn\;C:\Program Files\Microsoft SQL Server\170\DTS\Binn\;C:\Strawberry\c\bin;C:\Strawberry\perl\site\bin;C:\Strawberry\perl\bin;C:\ProgramData\chocolatey\lib\pulumi\tools\Pulumi\bin;C:\Program Files\CMake\bin;C:\ProgramData\chocolatey\lib\maven\apache-maven-3.9.16\bin;C:\Program Files\Microsoft Service Fabric\bin\Fabric\Fabric.Code;C:\Program Files\Microsoft SDKs\Service Fabric\Tools\ServiceFabricLocalClusterManager;C:\Program Files\nodejs\;C:\Program Files\Git\cmd;C:\Program Files\Git\ucrt64\bin;C:\Program Files\Git\usr\bin;C:\Program Files\GitHub CLI\;c:\tools\php;C:\Program Files (x86)\sbt\bin;C:\Program Files\Amazon\AWSCLIV2\;C:\Program Files\Amazon\SessionManagerPlugin\bin\;C:\Program Files\Amazon\AWSSAMCLI\bin\;C:\Program Files\Microsoft SQL Server\130\Tools\Binn\;C:\Program Files\mongosh\;C:\Program Files\LLVM\bin;C:\Program Files (x86)\LLVM\bin;C:\Users\runneradmin\.dotnet\tools;C:\Users\runneradmin\.cargo\bin;C:\Users\runneradmin\AppData\Local\Microsoft\WindowsApps;C:\Program Files (x86)\Microsoft Visual Studio\Installer
2026-10-08T20:48:59.0269616Z   VCPKG_DEFAULT_BINARY_CACHE: D:/a/CaptureSuite/CaptureSuite/969f6665-88a2-4c98-938e-ca9259871fec/vcpkg_cache
2026-10-08T20:48:59.0269948Z   VCPKG_BINARY_SOURCES: clear;x-gha,readwrite
2026-10-08T20:48:59.0270186Z   RUNVCPKG_VCPKG_ROOT: D:\a\CaptureSuite\CaptureSuite\vcpkg
2026-10-08T20:48:59.0270406Z ##[endgroup]
2026-10-08T20:48:59.3929820Z [1/163] Generating C++ from capture/v1/project.proto
2026-10-08T20:48:59.3953654Z [2/163] Generating C++ from capture/v1/common.proto
2026-10-08T20:48:59.4079106Z [3/163] Generating C++ from capture/v1/events.proto
2026-10-08T20:48:59.4095195Z [4/163] Generating C++ from capture/v1/source.proto
2026-10-08T20:48:59.4298781Z [5/163] Generating C++ from capture/v1/presets.proto
2026-10-08T20:48:59.4562052Z [6/163] Generating C++ from capture/v1/preview.proto
2026-10-08T20:48:59.4583794Z [7/163] Generating C++ from capture/v1/health.proto
2026-10-08T20:48:59.4989566Z [8/163] Generating C++ from capture/v1/arrays.proto
2026-10-08T20:48:59.5056851Z [9/163] Generating C++ from capture/v1/storage.proto
2026-10-08T20:48:59.5124427Z [10/163] Generating C++ from capture/v1/worker.proto
2026-10-08T20:48:59.5152442Z [11/163] Generating C++ from capture/v1/control.proto
2026-10-08T20:48:59.5353746Z [12/163] Generating C++ from capture/v1/data/emg_batch.proto
2026-10-08T20:48:59.5406685Z [13/163] Generating C++ from capture/v1/data/imu_frame.proto
2026-10-08T20:48:59.5454047Z [14/163] Generating C++ from capture/v1/data/numeric_batch.proto
2026-10-08T20:48:59.5486443Z [15/163] Generating C++ from capture/v1/data/radar_frame.proto
2026-10-08T20:48:59.5679131Z [16/163] Scanning D:\a\CaptureSuite\CaptureSuite\libs\cpp\capture_core\src\version.cpp for CXX dependencies
2026-10-08T20:48:59.5705577Z [17/163] Generating C++ from capture/v1/data/radar_doppler.proto
2026-10-08T20:48:59.5743266Z [18/163] Generating C++ from capture/v1/data/video_timing.proto
2026-10-08T20:48:59.6551299Z [19/163] Scanning D:\a\CaptureSuite\CaptureSuite\libs\cpp\capture_core\src\session_fsm.cpp for CXX dependencies
2026-10-08T20:48:59.6568815Z [20/163] Scanning D:\a\CaptureSuite\CaptureSuite\libs\cpp\capture_core\src\source_fsm.cpp for CXX dependencies
2026-10-08T20:48:59.6664674Z [21/163] Scanning D:\a\CaptureSuite\CaptureSuite\libs\cpp\capture_core\src\framing.cpp for CXX dependencies
2026-10-08T20:48:59.7575909Z [22/163] Scanning D:\a\CaptureSuite\CaptureSuite\libs\cpp\capture_core\src\clock.cpp for CXX dependencies
2026-10-08T20:48:59.7593291Z [23/163] Scanning D:\a\CaptureSuite\CaptureSuite\libs\cpp\capture_core\src\recording_buffer.cpp for CXX dependencies
2026-10-08T20:49:00.0377877Z [24/163] Scanning D:\a\CaptureSuite\CaptureSuite\build\windows-release\libs\cpp\capture_proto\generated\capture\v1\events.pb.cc for CXX dependencies
2026-10-08T20:49:00.0420032Z [25/163] Scanning D:\a\CaptureSuite\CaptureSuite\build\windows-release\libs\cpp\capture_proto\generated\capture\v1\source.pb.cc for CXX dependencies
2026-10-08T20:49:00.0627213Z [26/163] Scanning D:\a\CaptureSuite\CaptureSuite\build\windows-release\libs\cpp\capture_proto\generated\capture\v1\common.pb.cc for CXX dependencies
2026-10-08T20:49:00.1507445Z [27/163] Scanning D:\a\CaptureSuite\CaptureSuite\libs\cpp\capture_core\src\logging.cpp for CXX dependencies
2026-10-08T20:49:00.3410445Z [28/163] Scanning D:\a\CaptureSuite\CaptureSuite\build\windows-release\libs\cpp\capture_proto\generated\capture\v1\presets.pb.cc for CXX dependencies
2026-10-08T20:49:00.3763431Z [29/163] Scanning D:\a\CaptureSuite\CaptureSuite\build\windows-release\libs\cpp\capture_proto\generated\capture\v1\project.pb.cc for CXX dependencies
2026-10-08T20:49:00.4337373Z [30/163] Scanning D:\a\CaptureSuite\CaptureSuite\build\windows-release\libs\cpp\capture_proto\generated\capture\v1\control.pb.cc for CXX dependencies
2026-10-08T20:49:00.5031215Z [31/163] Scanning D:\a\CaptureSuite\CaptureSuite\build\windows-release\libs\cpp\capture_proto\generated\capture\v1\health.pb.cc for CXX dependencies
2026-10-08T20:49:00.6590670Z [32/163] Scanning D:\a\CaptureSuite\CaptureSuite\build\windows-release\libs\cpp\capture_proto\generated\capture\v1\preview.pb.cc for CXX dependencies
2026-10-08T20:49:00.7277260Z [33/163] Scanning D:\a\CaptureSuite\CaptureSuite\build\windows-release\libs\cpp\capture_proto\generated\capture\v1\worker.pb.cc for CXX dependencies
2026-10-08T20:49:00.7675060Z [34/163] Scanning D:\a\CaptureSuite\CaptureSuite\build\windows-release\libs\cpp\capture_proto\generated\capture\v1\storage.pb.cc for CXX dependencies
2026-10-08T20:49:00.8193833Z [35/163] Scanning D:\a\CaptureSuite\CaptureSuite\build\windows-release\libs\cpp\capture_proto\generated\capture\v1\arrays.pb.cc for CXX dependencies
2026-10-08T20:49:00.9935843Z [36/163] Scanning D:\a\CaptureSuite\CaptureSuite\build\windows-release\libs\cpp\capture_proto\generated\capture\v1\data\emg_batch.pb.cc for CXX dependencies
2026-10-08T20:49:01.0364899Z [37/163] Scanning D:\a\CaptureSuite\CaptureSuite\build\windows-release\libs\cpp\capture_proto\generated\capture\v1\data\imu_frame.pb.cc for CXX dependencies
2026-10-08T20:49:01.0732203Z [38/163] Scanning D:\a\CaptureSuite\CaptureSuite\build\windows-release\libs\cpp\capture_proto\generated\capture\v1\data\numeric_batch.pb.cc for CXX dependencies
2026-10-08T20:49:01.1069352Z [39/163] Generating CXX dyndep file libs\cpp\capture_core\CMakeFiles\capture_core.dir\CXX.dd
2026-10-08T20:49:01.1458885Z [40/163] Scanning D:\a\CaptureSuite\CaptureSuite\build\windows-release\libs\cpp\capture_proto\generated\capture\v1\data\radar_frame.pb.cc for CXX dependencies
2026-10-08T20:49:01.1814749Z [41/163] Building CXX object libs\cpp\capture_core\CMakeFiles\capture_core.dir\src\version.cpp.obj
2026-10-08T20:49:01.3275594Z [42/163] Scanning D:\a\CaptureSuite\CaptureSuite\build\windows-release\libs\cpp\capture_proto\generated\capture\v1\data\radar_doppler.pb.cc for CXX dependencies
2026-10-08T20:49:01.3603965Z [43/163] Scanning D:\a\CaptureSuite\CaptureSuite\build\windows-release\libs\cpp\capture_proto\generated\capture\v1\data\video_timing.pb.cc for CXX dependencies
2026-10-08T20:49:01.3856262Z [44/163] Generating CXX dyndep file libs\cpp\capture_proto\CMakeFiles\capture_proto.dir\CXX.dd
2026-10-08T20:49:01.5618358Z [45/163] Scanning D:\a\CaptureSuite\CaptureSuite\workers\stub\main.cpp for CXX dependencies
2026-10-08T20:49:02.0213250Z [46/163] Building CXX object libs\cpp\capture_core\CMakeFiles\capture_core.dir\src\framing.cpp.obj
2026-10-08T20:49:02.1201333Z [47/163] Building CXX object libs\cpp\capture_core\CMakeFiles\capture_core.dir\src\session_fsm.cpp.obj
2026-10-08T20:49:02.4096994Z [48/163] Building CXX object libs\cpp\capture_core\CMakeFiles\capture_core.dir\src\source_fsm.cpp.obj
2026-10-08T20:49:02.4369481Z [49/163] Building CXX object libs\cpp\capture_core\CMakeFiles\capture_core.dir\src\clock.cpp.obj
2026-10-08T20:49:03.2993763Z [50/163] Building CXX object libs\cpp\capture_core\CMakeFiles\capture_core.dir\src\recording_buffer.cpp.obj
2026-10-08T20:49:06.9749950Z [51/163] Building CXX object libs\cpp\capture_core\CMakeFiles\capture_core.dir\src\logging.cpp.obj
2026-10-08T20:49:07.1283677Z [52/163] Building CXX object libs\cpp\capture_proto\CMakeFiles\capture_proto.dir\generated\capture\v1\common.pb.cc.obj
2026-10-08T20:49:08.1445209Z [53/163] Building CXX object libs\cpp\capture_proto\CMakeFiles\capture_proto.dir\generated\capture\v1\events.pb.cc.obj
2026-10-08T20:49:08.2845620Z [54/163] Building CXX object libs\cpp\capture_proto\CMakeFiles\capture_proto.dir\generated\capture\v1\source.pb.cc.obj
2026-10-08T20:49:11.3897424Z [55/163] Building CXX object libs\cpp\capture_proto\CMakeFiles\capture_proto.dir\generated\capture\v1\project.pb.cc.obj
2026-10-08T20:49:12.1169747Z [56/163] Building CXX object libs\cpp\capture_proto\CMakeFiles\capture_proto.dir\generated\capture\v1\presets.pb.cc.obj
2026-10-08T20:49:12.5788817Z [57/163] Building CXX object libs\cpp\capture_proto\CMakeFiles\capture_proto.dir\generated\capture\v1\health.pb.cc.obj
2026-10-08T20:49:16.3671379Z [58/163] Building CXX object libs\cpp\capture_proto\CMakeFiles\capture_proto.dir\generated\capture\v1\control.pb.cc.obj
2026-10-08T20:49:16.8344523Z [59/163] Building CXX object libs\cpp\capture_proto\CMakeFiles\capture_proto.dir\generated\capture\v1\preview.pb.cc.obj
2026-10-08T20:49:18.0247547Z [60/163] Building CXX object libs\cpp\capture_proto\CMakeFiles\capture_proto.dir\generated\capture\v1\storage.pb.cc.obj
2026-10-08T20:49:18.7366398Z [61/163] Building CXX object libs\cpp\capture_proto\CMakeFiles\capture_proto.dir\generated\capture\v1\worker.pb.cc.obj
2026-10-08T20:49:20.2511205Z [62/163] Building CXX object libs\cpp\capture_proto\CMakeFiles\capture_proto.dir\generated\capture\v1\arrays.pb.cc.obj
2026-10-08T20:49:20.9241599Z [63/163] Building CXX object libs\cpp\capture_proto\CMakeFiles\capture_proto.dir\generated\capture\v1\data\emg_batch.pb.cc.obj
2026-10-08T20:49:22.0619601Z [64/163] Building CXX object libs\cpp\capture_proto\CMakeFiles\capture_proto.dir\generated\capture\v1\data\imu_frame.pb.cc.obj
2026-10-08T20:49:22.4582756Z [65/163] Building CXX object libs\cpp\capture_proto\CMakeFiles\capture_proto.dir\generated\capture\v1\data\numeric_batch.pb.cc.obj
2026-10-08T20:49:22.4927183Z [66/163] Generating CXX dyndep file workers\stub\CMakeFiles\capture_worker_stub.dir\CXX.dd
2026-10-08T20:49:22.5855565Z [67/163] Linking CXX static library libs\cpp\capture_core\capture_core.lib
2026-10-08T20:49:23.8836598Z [68/163] Building CXX object libs\cpp\capture_proto\CMakeFiles\capture_proto.dir\generated\capture\v1\data\radar_frame.pb.cc.obj
2026-10-08T20:49:24.1460518Z [69/163] Scanning D:\a\CaptureSuite\CaptureSuite\libs\cpp\capture_storage\src\atomic_file.cpp for CXX dependencies
2026-10-08T20:49:24.3030872Z [70/163] Scanning D:\a\CaptureSuite\CaptureSuite\libs\cpp\capture_storage\src\hash.cpp for CXX dependencies
2026-10-08T20:49:24.4631601Z [71/163] Scanning D:\a\CaptureSuite\CaptureSuite\libs\cpp\capture_storage\src\journal.cpp for CXX dependencies
2026-10-08T20:49:24.7433325Z [72/163] Building CXX object libs\cpp\capture_proto\CMakeFiles\capture_proto.dir\generated\capture\v1\data\radar_doppler.pb.cc.obj
2026-10-08T20:49:24.7560121Z [73/163] Scanning D:\a\CaptureSuite\CaptureSuite\libs\cpp\capture_storage\src\disk_watchdog.cpp for CXX dependencies
2026-10-08T20:49:24.9028356Z [74/163] Scanning D:\a\CaptureSuite\CaptureSuite\libs\cpp\capture_storage\src\mcap_impl.cpp for CXX dependencies
2026-10-08T20:49:25.0996978Z [75/163] Scanning D:\a\CaptureSuite\CaptureSuite\libs\cpp\capture_storage\src\mcap_stream_writer.cpp for CXX dependencies
2026-10-08T20:49:25.2069271Z [76/163] Scanning D:\a\CaptureSuite\CaptureSuite\libs\cpp\capture_storage\src\session_package.cpp for CXX dependencies
2026-10-08T20:49:25.4146137Z [77/163] Scanning D:\a\CaptureSuite\CaptureSuite\libs\cpp\capture_storage\src\recovery.cpp for CXX dependencies
2026-10-08T20:49:25.4385063Z [78/163] Generating CXX dyndep file libs\cpp\capture_storage\CMakeFiles\capture_storage.dir\CXX.dd
2026-10-08T20:49:25.7853993Z [79/163] Scanning D:\a\CaptureSuite\CaptureSuite\daemon\src\main.cpp for CXX dependencies
2026-10-08T20:49:25.8114396Z [80/163] Building CXX object libs\cpp\capture_proto\CMakeFiles\capture_proto.dir\generated\capture\v1\data\video_timing.pb.cc.obj
2026-10-08T20:49:25.9129861Z [81/163] Linking CXX static library libs\cpp\capture_proto\capture_proto.lib
2026-10-08T20:49:25.9587569Z [82/163] Scanning D:\a\CaptureSuite\CaptureSuite\daemon\src\sim_engine.cpp for CXX dependencies
2026-10-08T20:49:26.2732477Z [83/163] Scanning D:\a\CaptureSuite\CaptureSuite\daemon\src\camera_capture.cpp for CXX dependencies
2026-10-08T20:49:26.3895989Z [84/163] Scanning D:\a\CaptureSuite\CaptureSuite\daemon\src\external_worker_bridge.cpp for CXX dependencies
2026-10-08T20:49:26.4301275Z [85/163] Scanning D:\a\CaptureSuite\CaptureSuite\daemon\src\camera_worker_bridge.cpp for CXX dependencies
2026-10-08T20:49:26.7890427Z [86/163] Scanning D:\a\CaptureSuite\CaptureSuite\daemon\src\handshake.cpp for CXX dependencies
2026-10-08T20:49:26.7959652Z [87/163] Scanning D:\a\CaptureSuite\CaptureSuite\daemon\src\radar_worker_bridge.cpp for CXX dependencies
2026-10-08T20:49:26.9313215Z [88/163] Scanning D:\a\CaptureSuite\CaptureSuite\daemon\src\plugin_registry.cpp for CXX dependencies
2026-10-08T20:49:27.0018133Z [89/163] Building CXX object workers\stub\CMakeFiles\capture_worker_stub.dir\main.cpp.obj
2026-10-08T20:49:27.0592937Z [90/163] Scanning D:\a\CaptureSuite\CaptureSuite\daemon\src\process_security.cpp for CXX dependencies
2026-10-08T20:49:27.2071756Z [91/163] Scanning D:\a\CaptureSuite\CaptureSuite\tools\session_doctor\main.cpp for CXX dependencies
2026-10-08T20:49:27.3211346Z [92/163] Scanning D:\a\CaptureSuite\CaptureSuite\daemon\src\control_server.cpp for CXX dependencies
2026-10-08T20:49:27.4089523Z [93/163] Scanning D:\a\CaptureSuite\CaptureSuite\daemon\src\worker_host.cpp for CXX dependencies
2026-10-08T20:49:28.0895876Z [94/163] Linking CXX executable workers\stub\capture_worker_stub.exe
2026-10-08T20:49:28.2616634Z [95/163] Scanning D:\a\CaptureSuite\CaptureSuite\tests\cpp\test_clock.cpp for CXX dependencies
2026-10-08T20:49:28.4150760Z [96/163] Scanning D:\a\CaptureSuite\CaptureSuite\tests\cpp\test_env.cpp for CXX dependencies
2026-10-08T20:49:28.5787960Z [97/163] Scanning D:\a\CaptureSuite\CaptureSuite\tests\cpp\test_framing.cpp for CXX dependencies
2026-10-08T20:49:28.7438467Z [98/163] Scanning D:\a\CaptureSuite\CaptureSuite\tests\cpp\test_session_fsm.cpp for CXX dependencies
2026-10-08T20:49:28.9125616Z [99/163] Scanning D:\a\CaptureSuite\CaptureSuite\tests\cpp\test_source_fsm.cpp for CXX dependencies
2026-10-08T20:49:29.2497503Z [100/163] Scanning D:\a\CaptureSuite\CaptureSuite\tests\cpp\test_logging.cpp for CXX dependencies
2026-10-08T20:49:29.2793866Z [101/163] Building CXX object libs\cpp\capture_storage\CMakeFiles\capture_storage.dir\src\hash.cpp.obj
2026-10-08T20:49:29.5051362Z [102/163] Building CXX object libs\cpp\capture_storage\CMakeFiles\capture_storage.dir\src\journal.cpp.obj
2026-10-08T20:49:29.6750278Z [103/163] Scanning D:\a\CaptureSuite\CaptureSuite\tests\cpp\test_storage_posix.cpp for CXX dependencies
2026-10-08T20:49:29.7703345Z [104/163] Scanning D:\a\CaptureSuite\CaptureSuite\tests\cpp\test_atomic_file_windows.cpp for CXX dependencies
2026-10-08T20:49:29.7947079Z [105/163] Building CXX object libs\cpp\capture_storage\CMakeFiles\capture_storage.dir\src\atomic_file.cpp.obj
2026-10-08T20:49:30.0744682Z [106/163] Scanning D:\a\CaptureSuite\CaptureSuite\tests\cpp\test_sim_engine.cpp for CXX dependencies
2026-10-08T20:49:30.2614273Z [107/163] Scanning D:\a\CaptureSuite\CaptureSuite\tests\cpp\test_session_package.cpp for CXX dependencies
2026-10-08T20:49:30.2676823Z [108/163] Scanning D:\a\CaptureSuite\CaptureSuite\tests\cpp\test_recovery.cpp for CXX dependencies
2026-10-08T20:49:30.3096100Z [109/163] Scanning D:\a\CaptureSuite\CaptureSuite\tests\cpp\test_worker_host.cpp for CXX dependencies
2026-10-08T20:49:30.5934826Z [110/163] Scanning D:\a\CaptureSuite\CaptureSuite\daemon\src\sim_engine.cpp for CXX dependencies
2026-10-08T20:49:30.6020228Z [111/163] Scanning D:\a\CaptureSuite\CaptureSuite\daemon\src\camera_capture.cpp for CXX dependencies
2026-10-08T20:49:30.7341431Z [112/163] Scanning D:\a\CaptureSuite\CaptureSuite\daemon\src\external_worker_bridge.cpp for CXX dependencies
2026-10-08T20:49:30.7613217Z [113/163] Scanning D:\a\CaptureSuite\CaptureSuite\daemon\src\camera_worker_bridge.cpp for CXX dependencies
2026-10-08T20:49:31.0083959Z [114/163] Scanning D:\a\CaptureSuite\CaptureSuite\daemon\src\process_security.cpp for CXX dependencies
2026-10-08T20:49:31.0693983Z [115/163] Scanning D:\a\CaptureSuite\CaptureSuite\daemon\src\radar_worker_bridge.cpp for CXX dependencies
2026-10-08T20:49:31.0725392Z [116/163] Scanning D:\a\CaptureSuite\CaptureSuite\daemon\src\handshake.cpp for CXX dependencies
2026-10-08T20:49:31.1093443Z [117/163] Scanning D:\a\CaptureSuite\CaptureSuite\daemon\src\plugin_registry.cpp for CXX dependencies
2026-10-08T20:49:31.5227700Z [118/163] Scanning D:\a\CaptureSuite\CaptureSuite\daemon\src\worker_host.cpp for CXX dependencies
2026-10-08T20:49:33.2348071Z [119/163] Building CXX object libs\cpp\capture_storage\CMakeFiles\capture_storage.dir\src\disk_watchdog.cpp.obj
2026-10-08T20:49:38.9222887Z [120/163] Building CXX object libs\cpp\capture_storage\CMakeFiles\capture_storage.dir\src\mcap_stream_writer.cpp.obj
2026-10-08T20:49:39.3305240Z [121/163] Building CXX object libs\cpp\capture_storage\CMakeFiles\capture_storage.dir\src\mcap_impl.cpp.obj
2026-10-08T20:49:42.0220429Z [122/163] Generating CXX dyndep file daemon\CMakeFiles\capture_daemon.dir\CXX.dd
2026-10-08T20:49:42.0587542Z [123/163] Generating CXX dyndep file tools\session_doctor\CMakeFiles\session_doctor.dir\CXX.dd
2026-10-08T20:49:42.1014990Z [124/163] Generating CXX dyndep file tests\cpp\CMakeFiles\capture_core_tests.dir\CXX.dd
2026-10-08T20:49:42.3725652Z [125/163] Building CXX object libs\cpp\capture_storage\CMakeFiles\capture_storage.dir\src\session_package.cpp.obj
2026-10-08T20:49:43.1106271Z [126/163] Building CXX object libs\cpp\capture_storage\CMakeFiles\capture_storage.dir\src\recovery.cpp.obj
2026-10-08T20:49:43.2411143Z [127/163] Linking CXX static library libs\cpp\capture_storage\capture_storage.lib
2026-10-08T20:49:45.0506079Z [128/163] Building CXX object daemon\CMakeFiles\capture_daemon.dir\src\camera_capture.cpp.obj
2026-10-08T20:49:47.6912951Z [129/163] Building CXX object daemon\CMakeFiles\capture_daemon.dir\src\main.cpp.obj
2026-10-08T20:49:50.3855193Z [130/163] Building CXX object daemon\CMakeFiles\capture_daemon.dir\src\external_worker_bridge.cpp.obj
2026-10-08T20:49:50.4109955Z [131/163] Building CXX object daemon\CMakeFiles\capture_daemon.dir\src\camera_worker_bridge.cpp.obj
2026-10-08T20:49:55.9609584Z [132/163] Building CXX object daemon\CMakeFiles\capture_daemon.dir\src\radar_worker_bridge.cpp.obj
2026-10-08T20:49:56.8050074Z [133/163] Building CXX object daemon\CMakeFiles\capture_daemon.dir\src\handshake.cpp.obj
2026-10-08T20:50:01.9238896Z [134/163] Building CXX object daemon\CMakeFiles\capture_daemon.dir\src\sim_engine.cpp.obj
2026-10-08T20:50:01.9294900Z [135/163] Building CXX object daemon\CMakeFiles\capture_daemon.dir\src\process_security.cpp.obj
2026-10-08T20:50:02.3760584Z [136/163] Building CXX object daemon\CMakeFiles\capture_daemon.dir\src\plugin_registry.cpp.obj
2026-10-08T20:50:04.0336359Z [137/163] Building CXX object tools\session_doctor\CMakeFiles\session_doctor.dir\main.cpp.obj
2026-10-08T20:50:04.0558296Z [138/163] Building CXX object tests\cpp\CMakeFiles\capture_core_tests.dir\test_clock.cpp.obj
2026-10-08T20:50:07.0591242Z [139/163] Building CXX object tests\cpp\CMakeFiles\capture_core_tests.dir\test_env.cpp.obj
2026-10-08T20:50:07.3030060Z [140/163] Building CXX object tests\cpp\CMakeFiles\capture_core_tests.dir\test_framing.cpp.obj
2026-10-08T20:50:08.9821844Z [141/163] Building CXX object daemon\CMakeFiles\capture_daemon.dir\src\worker_host.cpp.obj
2026-10-08T20:50:09.0056372Z [142/163] Building CXX object tests\cpp\CMakeFiles\capture_core_tests.dir\test_source_fsm.cpp.obj
2026-10-08T20:50:09.5036797Z [143/163] Building CXX object tests\cpp\CMakeFiles\capture_core_tests.dir\test_session_fsm.cpp.obj
2026-10-08T20:50:09.8419950Z [144/163] Building CXX object daemon\CMakeFiles\capture_daemon.dir\src\control_server.cpp.obj
2026-10-08T20:50:11.6829648Z [145/163] Building CXX object tests\cpp\CMakeFiles\capture_core_tests.dir\test_storage_posix.cpp.obj
2026-10-08T20:50:13.4924919Z [146/163] Building CXX object tests\cpp\CMakeFiles\capture_core_tests.dir\test_atomic_file_windows.cpp.obj
2026-10-08T20:50:16.9454211Z [147/163] Building CXX object tests\cpp\CMakeFiles\capture_core_tests.dir\test_logging.cpp.obj
2026-10-08T20:50:17.2805493Z [148/163] Building CXX object tests\cpp\CMakeFiles\capture_core_tests.dir\test_sim_engine.cpp.obj
2026-10-08T20:50:19.1607098Z [149/163] Building CXX object tests\cpp\CMakeFiles\capture_core_tests.dir\test_session_package.cpp.obj
2026-10-08T20:50:21.2136541Z [150/163] Building CXX object tests\cpp\CMakeFiles\capture_core_tests.dir\test_recovery.cpp.obj
2026-10-08T20:50:21.9439299Z [151/163] Building CXX object tests\cpp\CMakeFiles\capture_core_tests.dir\__\__\daemon\src\camera_capture.cpp.obj
2026-10-08T20:50:22.6808212Z [152/163] Building CXX object tests\cpp\CMakeFiles\capture_core_tests.dir\test_worker_host.cpp.obj
2026-10-08T20:50:27.9172011Z [153/163] Building CXX object tests\cpp\CMakeFiles\capture_core_tests.dir\__\__\daemon\src\camera_worker_bridge.cpp.obj
2026-10-08T20:50:29.9861776Z [154/163] Building CXX object tests\cpp\CMakeFiles\capture_core_tests.dir\__\__\daemon\src\external_worker_bridge.cpp.obj
2026-10-08T20:50:30.0182244Z [155/163] Building CXX object tests\cpp\CMakeFiles\capture_core_tests.dir\__\__\daemon\src\radar_worker_bridge.cpp.obj
2026-10-08T20:50:34.8525693Z [156/163] Building CXX object tests\cpp\CMakeFiles\capture_core_tests.dir\__\__\daemon\src\process_security.cpp.obj
2026-10-08T20:50:34.8759646Z [157/163] Building CXX object tests\cpp\CMakeFiles\capture_core_tests.dir\__\__\daemon\src\sim_engine.cpp.obj
2026-10-08T20:50:34.9965215Z [158/163] Building CXX object tests\cpp\CMakeFiles\capture_core_tests.dir\__\__\daemon\src\handshake.cpp.obj
2026-10-08T20:50:37.9472032Z [159/163] Linking CXX executable tools\session_doctor\session_doctor.exe
2026-10-08T20:50:38.0945113Z [160/163] Linking CXX executable daemon\capture_daemon.exe
2026-10-08T20:50:38.2498509Z [161/163] Building CXX object tests\cpp\CMakeFiles\capture_core_tests.dir\__\__\daemon\src\plugin_registry.cpp.obj
2026-10-08T20:50:39.8277180Z [162/163] Building CXX object tests\cpp\CMakeFiles\capture_core_tests.dir\__\__\daemon\src\worker_host.cpp.obj
2026-10-08T20:50:40.9320876Z [163/163] Linking CXX executable tests\cpp\capture_core_tests.exe
2026-10-08T20:50:41.0146837Z ##[group]Run ctest --test-dir build/windows-release --output-on-failure --no-tests=error --output-junit ctest-results.xml -C Release
2026-10-08T20:50:41.0147419Z [36;1mctest --test-dir build/windows-release --output-on-failure --no-tests=error --output-junit ctest-results.xml -C Release[0m
2026-10-08T20:50:41.0174568Z shell: C:\Program Files\PowerShell\7\pwsh.EXE -command ". '{0}'"
2026-10-08T20:50:41.0174774Z env:
2026-10-08T20:50:41.0174903Z   CommandPromptType: Native
2026-10-08T20:50:41.0175121Z   DevEnvDir: C:\Program Files\Microsoft Visual Studio\2022\Enterprise\Common7\IDE\
2026-10-08T20:50:41.0175441Z   ExtensionSdkDir: C:\Program Files (x86)\Microsoft SDKs\Windows Kits\10\ExtensionSDKs
2026-10-08T20:50:41.0176880Z   EXTERNAL_INCLUDE: C:\Program Files\Microsoft Visual Studio\2022\Enterprise\VC\Tools\MSVC\14.44.35207\include;C:\Program Files\Microsoft Visual Studio\2022\Enterprise\VC\Tools\MSVC\14.44.35207\ATLMFC\include;C:\Program Files\Microsoft Visual Studio\2022\Enterprise\VC\Auxiliary\VS\include;C:\Program Files (x86)\Windows Kits\10\include\10.0.26100.0\ucrt;C:\Program Files (x86)\Windows Kits\10\\include\10.0.26100.0\\um;C:\Program Files (x86)\Windows Kits\10\\include\10.0.26100.0\\shared;C:\Program Files (x86)\Windows Kits\10\\include\10.0.26100.0\\winrt;C:\Program Files (x86)\Windows Kits\10\\include\10.0.26100.0\\cppwinrt;C:\Program Files (x86)\Windows Kits\NETFXSDK\4.8\include\um
2026-10-08T20:50:41.0178091Z   Framework40Version: v4.0
2026-10-08T20:50:41.0178255Z   FrameworkDir: C:\Windows\Microsoft.NET\Framework64\
2026-10-08T20:50:41.0178459Z   FrameworkDir64: C:\Windows\Microsoft.NET\Framework64\
2026-10-08T20:50:41.0178637Z   FrameworkVersion: v4.0.30319
2026-10-08T20:50:41.0178784Z   FrameworkVersion64: v4.0.30319
2026-10-08T20:50:41.0179080Z   FSHARPINSTALLDIR: C:\Program Files\Microsoft Visual Studio\2022\Enterprise\Common7\IDE\CommonExtensions\Microsoft\FSharp\Tools
2026-10-08T20:50:41.0179421Z   HTMLHelpDir: C:\Program Files (x86)\HTML Help Workshop
2026-10-08T20:50:41.0179696Z   IFCPATH: C:\Program Files\Microsoft Visual Studio\2022\Enterprise\VC\Tools\MSVC\14.44.35207\ifc\x64
2026-10-08T20:50:41.0180962Z   INCLUDE: C:\Program Files\Microsoft Visual Studio\2022\Enterprise\VC\Tools\MSVC\14.44.35207\include;C:\Program Files\Microsoft Visual Studio\2022\Enterprise\VC\Tools\MSVC\14.44.35207\ATLMFC\include;C:\Program Files\Microsoft Visual Studio\2022\Enterprise\VC\Auxiliary\VS\include;C:\Program Files (x86)\Windows Kits\10\include\10.0.26100.0\ucrt;C:\Program Files (x86)\Windows Kits\10\\include\10.0.26100.0\\um;C:\Program Files (x86)\Windows Kits\10\\include\10.0.26100.0\\shared;C:\Program Files (x86)\Windows Kits\10\\include\10.0.26100.0\\winrt;C:\Program Files (x86)\Windows Kits\10\\include\10.0.26100.0\\cppwinrt;C:\Program Files (x86)\Windows Kits\NETFXSDK\4.8\include\um
2026-10-08T20:50:41.0182125Z   is_x64_arch: true
2026-10-08T20:50:41.0182799Z   LIB: C:\Program Files\Microsoft Visual Studio\2022\Enterprise\VC\Tools\MSVC\14.44.35207\ATLMFC\lib\x64;C:\Program Files\Microsoft Visual Studio\2022\Enterprise\VC\Tools\MSVC\14.44.35207\lib\x64;C:\Program Files (x86)\Windows Kits\NETFXSDK\4.8\lib\um\x64;C:\Program Files (x86)\Windows Kits\10\lib\10.0.26100.0\ucrt\x64;C:\Program Files (x86)\Windows Kits\10\\lib\10.0.26100.0\\um\x64
2026-10-08T20:50:41.0184207Z   LIBPATH: C:\Program Files\Microsoft Visual Studio\2022\Enterprise\VC\Tools\MSVC\14.44.35207\ATLMFC\lib\x64;C:\Program Files\Microsoft Visual Studio\2022\Enterprise\VC\Tools\MSVC\14.44.35207\lib\x64;C:\Program Files\Microsoft Visual Studio\2022\Enterprise\VC\Tools\MSVC\14.44.35207\lib\x86\store\references;C:\Program Files (x86)\Windows Kits\10\UnionMetadata\10.0.26100.0;C:\Program Files (x86)\Windows Kits\10\References\10.0.26100.0;C:\Windows\Microsoft.NET\Framework64\v4.0.30319
2026-10-08T20:50:41.0185255Z   NETFXSDKDir: C:\Program Files (x86)\Windows Kits\NETFXSDK\4.8\
2026-10-08T20:50:41.0194847Z   Path: C:\Program Files\Microsoft Visual Studio\2022\Enterprise\VC\Tools\MSVC\14.44.35207\bin\HostX64\x64;C:\Program Files\Microsoft Visual Studio\2022\Enterprise\Common7\IDE\VC\VCPackages;C:\Program Files\Microsoft Visual Studio\2022\Enterprise\Common7\IDE\CommonExtensions\Microsoft\TestWindow;C:\Program Files\Microsoft Visual Studio\2022\Enterprise\Common7\IDE\CommonExtensions\Microsoft\TeamFoundation\Team Explorer;C:\Program Files\Microsoft Visual Studio\2022\Enterprise\MSBuild\Current\bin\Roslyn;C:\Program Files (x86)\Microsoft SDKs\Windows\v10.0A\bin\NETFX 4.8 Tools\x64\;C:\Program Files (x86)\HTML Help Workshop;C:\Program Files\Microsoft Visual Studio\2022\Enterprise\Common7\IDE\CommonExtensions\Microsoft\FSharp\Tools;C:\Program Files\Microsoft Visual Studio\2022\Enterprise\Team Tools\DiagnosticsHub\Collector;C:\Program Files\Microsoft Visual Studio\2022\Enterprise\Common7\IDE\Extensions\Microsoft\CodeCoverage.Console;C:\Program Files\Microsoft Visual Studio\2022\Enterprise\VC\Tools\Llvm\x64\bin;C:\Program Files (x86)\Windows Kits\10\bin\10.0.26100.0\\x64;C:\Program Files (x86)\Windows Kits\10\bin\\x64;C:\Program Files\Microsoft Visual Studio\2022\Enterprise\\MSBuild\Current\Bin\amd64;C:\Windows\Microsoft.NET\Framework64\v4.0.30319;C:\Program Files\Microsoft Visual Studio\2022\Enterprise\Common7\IDE\;C:\Program Files\Microsoft Visual Studio\2022\Enterprise\Common7\Tools\;C:\Program Files\MongoDB\Server\7.0\bin;C:\aliyun-cli;C:\vcpkg;C:\Program Files (x86)\NSIS\;C:\tools\zstd;C:\Program Files\Mercurial\;C:\hostedtoolcache\windows\stack\3.11.1\x64;C:\cabal\bin;C:\\ghcup\bin;C:\mingw64\bin;C:\Program Files\dotnet;C:\Program Files\MySQL\MySQL Server 8.0\bin;C:\Program Files\R\R-4.6.1\bin\x64;C:\SeleniumWebDrivers\GeckoDriver;C:\SeleniumWebDrivers\EdgeDriver\;C:\SeleniumWebDrivers\ChromeDriver;C:\Program Files (x86)\sbt\bin;C:\Program Files (x86)\GitHub CLI;C:\Program Files\Git\bin;C:\Program Files (x86)\pipx_bin;C:\npm\prefix;C:\hostedtoolcache\windows\go\1.24.13\x64\bin;C:\hostedtoolcache\windows\Python\3.12.10\x64\Scripts;C:\hostedtoolcache\windows\Python\3.12.10\x64;C:\hostedtoolcache\windows\Ruby\3.3.12\x64\bin;C:\Program Files\OpenSSL\bin;C:\tools\kotlinc\bin;C:\hostedtoolcache\windows\Java_Temurin-Hotspot_jdk\8.0.504-1\x64\bin;C:\Program Files\ImageMagick-7.1.2-Q16-HDRI;C:\Program Files\Microsoft SDKs\Azure\CLI2\wbin;C:\ProgramData\kind;C:\ProgramData\Chocolatey\bin;C:\Windows\system32;C:\Windows;C:\Windows\System32\Wbem;C:\Windows\System32\WindowsPowerShell\v1.0\;C:\Windows\System32\OpenSSH\;C:\Program Files\dotnet\;C:\Program Files\PowerShell\7\;C:\Program Files\Microsoft\Web Platform Installer\;C:\Program Files\TortoiseSVN\bin;C:\Program Files\Microsoft SQL Server\Client SDK\ODBC\170\Tools\Binn\;C:\Program Files\Microsoft SQL Server\150\Tools\Binn\;C:\Program Files (x86)\Windows Kits\10\Windows Performance Toolkit\;C:\Program Files (x86)\WiX Toolset v3.14\bin;C:\Program Files\Microsoft SQL Server\130\DTS\Binn\;C:\Program Files\Microsoft SQL Server\140\DTS\Binn\;C:\Program Files\Microsoft SQL Server\150\DTS\Binn\;C:\Program Files\Microsoft SQL Server\160\DTS\Binn\;C:\Program Files\Microsoft SQL Server\170\DTS\Binn\;C:\Strawberry\c\bin;C:\Strawberry\perl\site\bin;C:\Strawberry\perl\bin;C:\ProgramData\chocolatey\lib\pulumi\tools\Pulumi\bin;C:\Program Files\CMake\bin;C:\ProgramData\chocolatey\lib\maven\apache-maven-3.9.16\bin;C:\Program Files\Microsoft Service Fabric\bin\Fabric\Fabric.Code;C:\Program Files\Microsoft SDKs\Service Fabric\Tools\ServiceFabricLocalClusterManager;C:\Program Files\nodejs\;C:\Program Files\Git\cmd;C:\Program Files\Git\ucrt64\bin;C:\Program Files\Git\usr\bin;C:\Program Files\GitHub CLI\;c:\tools\php;C:\Program Files\Amazon\AWSCLIV2\;C:\Program Files\Amazon\SessionManagerPlugin\bin\;C:\Program Files\Amazon\AWSSAMCLI\bin\;C:\Program Files\Microsoft SQL Server\130\Tools\Binn\;C:\Program Files\mongosh\;C:\Program Files\LLVM\bin;C:\Program Files (x86)\LLVM\bin;C:\Users\runneradmin\.dotnet\tools;C:\Users\runneradmin\.cargo\bin;C:\Users\runneradmin\AppData\Local\Microsoft\WindowsApps;C:\Program Files (x86)\Microsoft Visual Studio\Installer;C:\Program Files\Microsoft Visual Studio\2022\Enterprise\Common7\IDE\CommonExtensions\Microsoft\CMake\CMake\bin;C:\Program Files\Microsoft Visual Studio\2022\Enterprise\Common7\IDE\CommonExtensions\Microsoft\CMake\Ninja;C:\Program Files\Microsoft Visual Studio\2022\Enterprise\Common7\IDE\VC\Linux\bin\ConnectionManagerExe;C:\Program Files\Microsoft Visual Studio\2022\Enterprise\VC\vcpkg
2026-10-08T20:50:41.0202848Z   Platform: x64
2026-10-08T20:50:41.0202963Z   UCRTVersion: 10.0.26100.0
2026-10-08T20:50:41.0203133Z   UniversalCRTSdkDir: C:\Program Files (x86)\Windows Kits\10\
2026-10-08T20:50:41.0203412Z   VCIDEInstallDir: C:\Program Files\Microsoft Visual Studio\2022\Enterprise\Common7\IDE\VC\
2026-10-08T20:50:41.0203714Z   VCINSTALLDIR: C:\Program Files\Microsoft Visual Studio\2022\Enterprise\VC\
2026-10-08T20:50:41.0203947Z   VCPKG_ROOT: D:\a\CaptureSuite\CaptureSuite\vcpkg
2026-10-08T20:50:41.0204226Z   VCToolsInstallDir: C:\Program Files\Microsoft Visual Studio\2022\Enterprise\VC\Tools\MSVC\14.44.35207\
2026-10-08T20:50:41.0204589Z   VCToolsRedistDir: C:\Program Files\Microsoft Visual Studio\2022\Enterprise\VC\Redist\MSVC\14.44.35112\
2026-10-08T20:50:41.0204852Z   VCToolsVersion: 14.44.35207
2026-10-08T20:50:41.0204991Z   VisualStudioVersion: 17.0
2026-10-08T20:50:41.0205202Z   VS170COMNTOOLS: C:\Program Files\Microsoft Visual Studio\2022\Enterprise\Common7\Tools\
2026-10-08T20:50:41.0205438Z   VSCMD_ARG_app_plat: Desktop
2026-10-08T20:50:41.0205576Z   VSCMD_ARG_HOST_ARCH: x64
2026-10-08T20:50:41.0205703Z   VSCMD_ARG_TGT_ARCH: x64
2026-10-08T20:50:41.0205826Z   VSCMD_VER: 17.14.41
2026-10-08T20:50:41.0206000Z   VSINSTALLDIR: C:\Program Files\Microsoft Visual Studio\2022\Enterprise\
2026-10-08T20:50:41.0206280Z   VSSDK150INSTALL: C:\Program Files\Microsoft Visual Studio\2022\Enterprise\VSSDK
2026-10-08T20:50:41.0206561Z   VSSDKINSTALL: C:\Program Files\Microsoft Visual Studio\2022\Enterprise\VSSDK
2026-10-08T20:50:41.0206941Z   WindowsLibPath: C:\Program Files (x86)\Windows Kits\10\UnionMetadata\10.0.26100.0;C:\Program Files (x86)\Windows Kits\10\References\10.0.26100.0
2026-10-08T20:50:41.0207300Z   WindowsSdkBinPath: C:\Program Files (x86)\Windows Kits\10\bin\
2026-10-08T20:50:41.0207521Z   WindowsSdkDir: C:\Program Files (x86)\Windows Kits\10\
2026-10-08T20:50:41.0207700Z   WindowsSDKLibVersion: 10.0.26100.0\
2026-10-08T20:50:41.0207913Z   WindowsSdkVerBinPath: C:\Program Files (x86)\Windows Kits\10\bin\10.0.26100.0\
2026-10-08T20:50:41.0208132Z   WindowsSDKVersion: 10.0.26100.0\
2026-10-08T20:50:41.0208393Z   WindowsSDK_ExecutablePath_x64: C:\Program Files (x86)\Microsoft SDKs\Windows\v10.0A\bin\NETFX 4.8 Tools\x64\
2026-10-08T20:50:41.0208761Z   WindowsSDK_ExecutablePath_x86: C:\Program Files (x86)\Microsoft SDKs\Windows\v10.0A\bin\NETFX 4.8 Tools\
2026-10-08T20:50:41.0209025Z   __DOTNET_ADD_64BIT: 1
2026-10-08T20:50:41.0209151Z   __DOTNET_PREFERRED_BITNESS: 64
2026-10-08T20:50:41.0214028Z   __VSCMD_PREINIT_PATH: C:\Program Files\MongoDB\Server\7.0\bin;C:\aliyun-cli;C:\vcpkg;C:\Program Files (x86)\NSIS\;C:\tools\zstd;C:\Program Files\Mercurial\;C:\hostedtoolcache\windows\stack\3.11.1\x64;C:\cabal\bin;C:\\ghcup\bin;C:\mingw64\bin;C:\Program Files\dotnet;C:\Program Files\MySQL\MySQL Server 8.0\bin;C:\Program Files\R\R-4.6.1\bin\x64;C:\SeleniumWebDrivers\GeckoDriver;C:\SeleniumWebDrivers\EdgeDriver\;C:\SeleniumWebDrivers\ChromeDriver;C:\Program Files (x86)\sbt\bin;C:\Program Files (x86)\GitHub CLI;C:\Program Files\Git\bin;C:\Program Files (x86)\pipx_bin;C:\npm\prefix;C:\hostedtoolcache\windows\go\1.24.13\x64\bin;C:\hostedtoolcache\windows\Python\3.12.10\x64\Scripts;C:\hostedtoolcache\windows\Python\3.12.10\x64;C:\hostedtoolcache\windows\Ruby\3.3.12\x64\bin;C:\Program Files\OpenSSL\bin;C:\tools\kotlinc\bin;C:\hostedtoolcache\windows\Java_Temurin-Hotspot_jdk\8.0.504-1\x64\bin;C:\Program Files\ImageMagick-7.1.2-Q16-HDRI;C:\Program Files\Microsoft SDKs\Azure\CLI2\wbin;C:\ProgramData\kind;C:\ProgramData\Chocolatey\bin;C:\Windows\system32;C:\Windows;C:\Windows\System32\Wbem;C:\Windows\System32\WindowsPowerShell\v1.0\;C:\Windows\System32\OpenSSH\;C:\Program Files\dotnet\;C:\Program Files\PowerShell\7\;C:\Program Files\Microsoft\Web Platform Installer\;C:\Program Files\TortoiseSVN\bin;C:\Program Files\Microsoft SQL Server\Client SDK\ODBC\170\Tools\Binn\;C:\Program Files\Microsoft SQL Server\150\Tools\Binn\;C:\Program Files (x86)\Windows Kits\10\Windows Performance Toolkit\;C:\Program Files (x86)\WiX Toolset v3.14\bin;C:\Program Files\Microsoft SQL Server\130\DTS\Binn\;C:\Program Files\Microsoft SQL Server\140\DTS\Binn\;C:\Program Files\Microsoft SQL Server\150\DTS\Binn\;C:\Program Files\Microsoft SQL Server\160\DTS\Binn\;C:\Program Files\Microsoft SQL Server\170\DTS\Binn\;C:\Strawberry\c\bin;C:\Strawberry\perl\site\bin;C:\Strawberry\perl\bin;C:\ProgramData\chocolatey\lib\pulumi\tools\Pulumi\bin;C:\Program Files\CMake\bin;C:\ProgramData\chocolatey\lib\maven\apache-maven-3.9.16\bin;C:\Program Files\Microsoft Service Fabric\bin\Fabric\Fabric.Code;C:\Program Files\Microsoft SDKs\Service Fabric\Tools\ServiceFabricLocalClusterManager;C:\Program Files\nodejs\;C:\Program Files\Git\cmd;C:\Program Files\Git\ucrt64\bin;C:\Program Files\Git\usr\bin;C:\Program Files\GitHub CLI\;c:\tools\php;C:\Program Files (x86)\sbt\bin;C:\Program Files\Amazon\AWSCLIV2\;C:\Program Files\Amazon\SessionManagerPlugin\bin\;C:\Program Files\Amazon\AWSSAMCLI\bin\;C:\Program Files\Microsoft SQL Server\130\Tools\Binn\;C:\Program Files\mongosh\;C:\Program Files\LLVM\bin;C:\Program Files (x86)\LLVM\bin;C:\Users\runneradmin\.dotnet\tools;C:\Users\runneradmin\.cargo\bin;C:\Users\runneradmin\AppData\Local\Microsoft\WindowsApps;C:\Program Files (x86)\Microsoft Visual Studio\Installer
2026-10-08T20:50:41.0219103Z   VCPKG_DEFAULT_BINARY_CACHE: D:/a/CaptureSuite/CaptureSuite/969f6665-88a2-4c98-938e-ca9259871fec/vcpkg_cache
2026-10-08T20:50:41.0219392Z   VCPKG_BINARY_SOURCES: clear;x-gha,readwrite
2026-10-08T20:50:41.0219592Z   RUNVCPKG_VCPKG_ROOT: D:\a\CaptureSuite\CaptureSuite\vcpkg
2026-10-08T20:50:41.0219778Z ##[endgroup]
2026-10-08T20:50:41.6203353Z Internal ctest changing into directory: D:/a/CaptureSuite/CaptureSuite/build/windows-release
2026-10-08T20:50:41.7020230Z Test project D:/a/CaptureSuite/CaptureSuite/build/windows-release
2026-10-08T20:50:41.7336844Z       Start  1: Windows atomic write preserves a raw-file hardlink at the old temp name
2026-10-08T20:50:41.7650825Z  1/30 Test  #1: Windows atomic write preserves a raw-file hardlink at the old temp name .....   Passed    0.03 sec
2026-10-08T20:50:41.7653698Z       Start  2: worker host spawns stub with Hello and Identify
2026-10-08T20:50:41.8265225Z  2/30 Test  #2: worker host spawns stub with Hello and Identify .............................   Passed    0.06 sec
2026-10-08T20:50:41.8266923Z       Start  3: job object kills worker on close
2026-10-08T20:50:41.8727298Z  3/30 Test  #3: job object kills worker on close ............................................   Passed    0.05 sec
2026-10-08T20:50:41.8729002Z       Start  4: bad magic rejects frame
2026-10-08T20:50:41.8853832Z  4/30 Test  #4: bad magic rejects frame .....................................................   Passed    0.01 sec
2026-10-08T20:50:41.8855890Z       Start  5: preflight and rehearsal against selected sim sources
2026-10-08T20:50:42.1352869Z  5/30 Test  #5: preflight and rehearsal against selected sim sources ........................   Passed    0.25 sec
2026-10-08T20:50:42.1354471Z       Start  6: preview descriptors cover contract kinds
2026-10-08T20:50:42.1512606Z  6/30 Test  #6: preview descriptors cover contract kinds ....................................   Passed    0.02 sec
2026-10-08T20:50:42.1514067Z       Start  7: multi-family sim records together with fault isolation
2026-10-08T20:50:42.9364932Z  7/30 Test  #7: multi-family sim records together with fault isolation ......................   Passed    0.78 sec
2026-10-08T20:50:42.9366588Z       Start  8: disk watchdog reports free bytes and honours override
2026-10-08T20:50:42.9489896Z  8/30 Test  #8: disk watchdog reports free bytes and honours override .......................   Passed    0.01 sec
2026-10-08T20:50:42.9490757Z       Start  9: SessionClock QPC frequency is positive
2026-10-08T20:50:42.9612545Z  9/30 Test  #9: SessionClock QPC frequency is positive ......................................   Passed    0.01 sec
2026-10-08T20:50:42.9613969Z       Start 10: session happy path to finalized
2026-10-08T20:50:42.9733674Z 10/30 Test #10: session happy path to finalized .............................................   Passed    0.01 sec
2026-10-08T20:50:42.9735230Z       Start 11: encode/decode CSP1 frame round-trip
2026-10-08T20:50:42.9862879Z 11/30 Test #11: encode/decode CSP1 frame round-trip .........................................   Passed    0.01 sec
2026-10-08T20:50:42.9864394Z       Start 12: Windows atomic publication failure preserves a prior-target temp hardlink
2026-10-08T20:50:43.0104658Z 12/30 Test #12: Windows atomic publication failure preserves a prior-target temp hardlink ...   Passed    0.02 sec
2026-10-08T20:50:43.0106124Z       Start 13: source path to ready and record
2026-10-08T20:50:43.0234442Z 13/30 Test #13: source path to ready and record .............................................   Passed    0.01 sec
2026-10-08T20:50:43.0235913Z       Start 14: FrameDecoder reassembles split reads
2026-10-08T20:50:43.0360739Z 14/30 Test #14: FrameDecoder reassembles split reads ........................................   Passed    0.01 sec
2026-10-08T20:50:43.0362412Z       Start 15: Windows atomic write preserves a raw-file symlink at the old temp name
2026-10-08T20:50:43.0660690Z 15/30 Test #15: Windows atomic write preserves a raw-file symlink at the old temp name ......   Passed    0.03 sec
2026-10-08T20:50:43.0662552Z       Start 16: recovery repairs truncated mcap tail
2026-10-08T20:50:43.9127993Z 16/30 Test #16: recovery repairs truncated mcap tail ........................................   Passed    0.85 sec
2026-10-08T20:50:43.9129585Z       Start 17: illegal session transitions rejected
2026-10-08T20:50:43.9251287Z 17/30 Test #17: illegal session transitions rejected ........................................   Passed    0.01 sec
2026-10-08T20:50:43.9252815Z       Start 18: disconnect during recording stays recording with error
2026-10-08T20:50:43.9376119Z 18/30 Test #18: disconnect during recording stays recording with error ......................   Passed    0.01 sec
2026-10-08T20:50:43.9377578Z       Start 19: Windows atomic write preserves an ordinary file at the old temp name
2026-10-08T20:50:43.9654517Z 19/30 Test #19: Windows atomic write preserves an ordinary file at the old temp name ........   Passed    0.03 sec
2026-10-08T20:50:43.9656058Z       Start 20: arm timeout none returns to preparing
2026-10-08T20:50:43.9782691Z 20/30 Test #20: arm timeout none returns to preparing .......................................   Passed    0.01 sec
2026-10-08T20:50:43.9784542Z       Start 21: sim imu/emg mcap messages decode as schema protos
2026-10-08T20:50:44.7718759Z 21/30 Test #21: sim imu/emg mcap messages decode as schema protos ...........................   Passed    0.79 sec
2026-10-08T20:50:44.7720335Z       Start 22: atomic_write_text replaces existing file and leaves no temp
2026-10-08T20:50:44.8033323Z 22/30 Test #22: atomic_write_text replaces existing file and leaves no temp .................   Passed    0.03 sec
2026-10-08T20:50:44.8034889Z       Start 23: environment helper preserves values and absence
2026-10-08T20:50:44.8166150Z 23/30 Test #23: environment helper preserves values and absence .............................   Passed    0.01 sec
2026-10-08T20:50:44.8167763Z       Start 24: SessionClock establish_t0 and session time advances
2026-10-08T20:50:44.8427174Z 24/30 Test #24: SessionClock establish_t0 and session time advances .........................   Passed    0.03 sec
2026-10-08T20:50:44.8429130Z       Start 25: structured log emits required JSON fields
2026-10-08T20:50:44.8576688Z 25/30 Test #25: structured log emits required JSON fields ...................................   Passed    0.01 sec
2026-10-08T20:50:44.8578906Z       Start 26: session package persists multi-stream recording
2026-10-08T20:50:45.6070294Z 26/30 Test #26: session package persists multi-stream recording .............................   Passed    0.75 sec
2026-10-08T20:50:45.6071895Z       Start 27: qpc_delta_to_ns round-trip sanity
2026-10-08T20:50:45.6195063Z 27/30 Test #27: qpc_delta_to_ns round-trip sanity ...........................................   Passed    0.01 sec
2026-10-08T20:50:45.6196518Z       Start 28: sim-only environment never exposes a physical camera source
2026-10-08T20:50:45.6337719Z 28/30 Test #28: sim-only environment never exposes a physical camera source .................   Passed    0.01 sec
2026-10-08T20:50:45.6338995Z       Start 29: capture_storage_fixture_isolation
2026-10-08T20:50:45.6779660Z 29/30 Test #29: capture_storage_fixture_isolation ...........................................   Passed    0.04 sec
2026-10-08T20:50:45.6780842Z       Start 30: capture_session_doctor_portable
2026-10-08T20:50:45.8710769Z 30/30 Test #30: capture_session_doctor_portable .............................................   Passed    0.19 sec
2026-10-08T20:50:45.8716276Z 
2026-10-08T20:50:45.8716471Z 100% tests passed, 0 tests failed out of 30
2026-10-08T20:50:45.8716743Z 
2026-10-08T20:50:45.8717310Z Total Test time (real) =   4.17 sec
2026-10-08T20:50:45.9770178Z ##[group]Run actions/setup-python@v5
2026-10-08T20:50:45.9770393Z with:
2026-10-08T20:50:45.9770510Z   python-version: 3.12
2026-10-08T20:50:45.9770638Z   check-latest: false
2026-10-08T20:50:45.9772094Z   token: ***
2026-10-08T20:50:45.9772212Z   update-environment: true
2026-10-08T20:50:45.9772365Z   allow-prereleases: false
2026-10-08T20:50:45.9772505Z   freethreaded: false
2026-10-08T20:50:45.9772621Z env:
2026-10-08T20:50:45.9772730Z   CommandPromptType: Native
2026-10-08T20:50:45.9772936Z   DevEnvDir: C:\Program Files\Microsoft Visual Studio\2022\Enterprise\Common7\IDE\
2026-10-08T20:50:45.9773233Z   ExtensionSdkDir: C:\Program Files (x86)\Microsoft SDKs\Windows Kits\10\ExtensionSDKs
2026-10-08T20:50:45.9774552Z   EXTERNAL_INCLUDE: C:\Program Files\Microsoft Visual Studio\2022\Enterprise\VC\Tools\MSVC\14.44.35207\include;C:\Program Files\Microsoft Visual Studio\2022\Enterprise\VC\Tools\MSVC\14.44.35207\ATLMFC\include;C:\Program Files\Microsoft Visual Studio\2022\Enterprise\VC\Auxiliary\VS\include;C:\Program Files (x86)\Windows Kits\10\include\10.0.26100.0\ucrt;C:\Program Files (x86)\Windows Kits\10\\include\10.0.26100.0\\um;C:\Program Files (x86)\Windows Kits\10\\include\10.0.26100.0\\shared;C:\Program Files (x86)\Windows Kits\10\\include\10.0.26100.0\\winrt;C:\Program Files (x86)\Windows Kits\10\\include\10.0.26100.0\\cppwinrt;C:\Program Files (x86)\Windows Kits\NETFXSDK\4.8\include\um
2026-10-08T20:50:45.9775754Z   Framework40Version: v4.0
2026-10-08T20:50:45.9775914Z   FrameworkDir: C:\Windows\Microsoft.NET\Framework64\
2026-10-08T20:50:45.9776110Z   FrameworkDir64: C:\Windows\Microsoft.NET\Framework64\
2026-10-08T20:50:45.9776283Z   FrameworkVersion: v4.0.30319
2026-10-08T20:50:45.9776420Z   FrameworkVersion64: v4.0.30319
2026-10-08T20:50:45.9776709Z   FSHARPINSTALLDIR: C:\Program Files\Microsoft Visual Studio\2022\Enterprise\Common7\IDE\CommonExtensions\Microsoft\FSharp\Tools
2026-10-08T20:50:45.9777043Z   HTMLHelpDir: C:\Program Files (x86)\HTML Help Workshop
2026-10-08T20:50:45.9777314Z   IFCPATH: C:\Program Files\Microsoft Visual Studio\2022\Enterprise\VC\Tools\MSVC\14.44.35207\ifc\x64
2026-10-08T20:50:45.9778593Z   INCLUDE: C:\Program Files\Microsoft Visual Studio\2022\Enterprise\VC\Tools\MSVC\14.44.35207\include;C:\Program Files\Microsoft Visual Studio\2022\Enterprise\VC\Tools\MSVC\14.44.35207\ATLMFC\include;C:\Program Files\Microsoft Visual Studio\2022\Enterprise\VC\Auxiliary\VS\include;C:\Program Files (x86)\Windows Kits\10\include\10.0.26100.0\ucrt;C:\Program Files (x86)\Windows Kits\10\\include\10.0.26100.0\\um;C:\Program Files (x86)\Windows Kits\10\\include\10.0.26100.0\\shared;C:\Program Files (x86)\Windows Kits\10\\include\10.0.26100.0\\winrt;C:\Program Files (x86)\Windows Kits\10\\include\10.0.26100.0\\cppwinrt;C:\Program Files (x86)\Windows Kits\NETFXSDK\4.8\include\um
2026-10-08T20:50:45.9779916Z   is_x64_arch: true
2026-10-08T20:50:45.9780585Z   LIB: C:\Program Files\Microsoft Visual Studio\2022\Enterprise\VC\Tools\MSVC\14.44.35207\ATLMFC\lib\x64;C:\Program Files\Microsoft Visual Studio\2022\Enterprise\VC\Tools\MSVC\14.44.35207\lib\x64;C:\Program Files (x86)\Windows Kits\NETFXSDK\4.8\lib\um\x64;C:\Program Files (x86)\Windows Kits\10\lib\10.0.26100.0\ucrt\x64;C:\Program Files (x86)\Windows Kits\10\\lib\10.0.26100.0\\um\x64
2026-10-08T20:50:45.9782023Z   LIBPATH: C:\Program Files\Microsoft Visual Studio\2022\Enterprise\VC\Tools\MSVC\14.44.35207\ATLMFC\lib\x64;C:\Program Files\Microsoft Visual Studio\2022\Enterprise\VC\Tools\MSVC\14.44.35207\lib\x64;C:\Program Files\Microsoft Visual Studio\2022\Enterprise\VC\Tools\MSVC\14.44.35207\lib\x86\store\references;C:\Program Files (x86)\Windows Kits\10\UnionMetadata\10.0.26100.0;C:\Program Files (x86)\Windows Kits\10\References\10.0.26100.0;C:\Windows\Microsoft.NET\Framework64\v4.0.30319
2026-10-08T20:50:45.9782939Z   NETFXSDKDir: C:\Program Files (x86)\Windows Kits\NETFXSDK\4.8\
2026-10-08T20:50:45.9792568Z   Path: C:\Program Files\Microsoft Visual Studio\2022\Enterprise\VC\Tools\MSVC\14.44.35207\bin\HostX64\x64;C:\Program Files\Microsoft Visual Studio\2022\Enterprise\Common7\IDE\VC\VCPackages;C:\Program Files\Microsoft Visual Studio\2022\Enterprise\Common7\IDE\CommonExtensions\Microsoft\TestWindow;C:\Program Files\Microsoft Visual Studio\2022\Enterprise\Common7\IDE\CommonExtensions\Microsoft\TeamFoundation\Team Explorer;C:\Program Files\Microsoft Visual Studio\2022\Enterprise\MSBuild\Current\bin\Roslyn;C:\Program Files (x86)\Microsoft SDKs\Windows\v10.0A\bin\NETFX 4.8 Tools\x64\;C:\Program Files (x86)\HTML Help Workshop;C:\Program Files\Microsoft Visual Studio\2022\Enterprise\Common7\IDE\CommonExtensions\Microsoft\FSharp\Tools;C:\Program Files\Microsoft Visual Studio\2022\Enterprise\Team Tools\DiagnosticsHub\Collector;C:\Program Files\Microsoft Visual Studio\2022\Enterprise\Common7\IDE\Extensions\Microsoft\CodeCoverage.Console;C:\Program Files\Microsoft Visual Studio\2022\Enterprise\VC\Tools\Llvm\x64\bin;C:\Program Files (x86)\Windows Kits\10\bin\10.0.26100.0\\x64;C:\Program Files (x86)\Windows Kits\10\bin\\x64;C:\Program Files\Microsoft Visual Studio\2022\Enterprise\\MSBuild\Current\Bin\amd64;C:\Windows\Microsoft.NET\Framework64\v4.0.30319;C:\Program Files\Microsoft Visual Studio\2022\Enterprise\Common7\IDE\;C:\Program Files\Microsoft Visual Studio\2022\Enterprise\Common7\Tools\;C:\Program Files\MongoDB\Server\7.0\bin;C:\aliyun-cli;C:\vcpkg;C:\Program Files (x86)\NSIS\;C:\tools\zstd;C:\Program Files\Mercurial\;C:\hostedtoolcache\windows\stack\3.11.1\x64;C:\cabal\bin;C:\\ghcup\bin;C:\mingw64\bin;C:\Program Files\dotnet;C:\Program Files\MySQL\MySQL Server 8.0\bin;C:\Program Files\R\R-4.6.1\bin\x64;C:\SeleniumWebDrivers\GeckoDriver;C:\SeleniumWebDrivers\EdgeDriver\;C:\SeleniumWebDrivers\ChromeDriver;C:\Program Files (x86)\sbt\bin;C:\Program Files (x86)\GitHub CLI;C:\Program Files\Git\bin;C:\Program Files (x86)\pipx_bin;C:\npm\prefix;C:\hostedtoolcache\windows\go\1.24.13\x64\bin;C:\hostedtoolcache\windows\Python\3.12.10\x64\Scripts;C:\hostedtoolcache\windows\Python\3.12.10\x64;C:\hostedtoolcache\windows\Ruby\3.3.12\x64\bin;C:\Program Files\OpenSSL\bin;C:\tools\kotlinc\bin;C:\hostedtoolcache\windows\Java_Temurin-Hotspot_jdk\8.0.504-1\x64\bin;C:\Program Files\ImageMagick-7.1.2-Q16-HDRI;C:\Program Files\Microsoft SDKs\Azure\CLI2\wbin;C:\ProgramData\kind;C:\ProgramData\Chocolatey\bin;C:\Windows\system32;C:\Windows;C:\Windows\System32\Wbem;C:\Windows\System32\WindowsPowerShell\v1.0\;C:\Windows\System32\OpenSSH\;C:\Program Files\dotnet\;C:\Program Files\PowerShell\7\;C:\Program Files\Microsoft\Web Platform Installer\;C:\Program Files\TortoiseSVN\bin;C:\Program Files\Microsoft SQL Server\Client SDK\ODBC\170\Tools\Binn\;C:\Program Files\Microsoft SQL Server\150\Tools\Binn\;C:\Program Files (x86)\Windows Kits\10\Windows Performance Toolkit\;C:\Program Files (x86)\WiX Toolset v3.14\bin;C:\Program Files\Microsoft SQL Server\130\DTS\Binn\;C:\Program Files\Microsoft SQL Server\140\DTS\Binn\;C:\Program Files\Microsoft SQL Server\150\DTS\Binn\;C:\Program Files\Microsoft SQL Server\160\DTS\Binn\;C:\Program Files\Microsoft SQL Server\170\DTS\Binn\;C:\Strawberry\c\bin;C:\Strawberry\perl\site\bin;C:\Strawberry\perl\bin;C:\ProgramData\chocolatey\lib\pulumi\tools\Pulumi\bin;C:\Program Files\CMake\bin;C:\ProgramData\chocolatey\lib\maven\apache-maven-3.9.16\bin;C:\Program Files\Microsoft Service Fabric\bin\Fabric\Fabric.Code;C:\Program Files\Microsoft SDKs\Service Fabric\Tools\ServiceFabricLocalClusterManager;C:\Program Files\nodejs\;C:\Program Files\Git\cmd;C:\Program Files\Git\ucrt64\bin;C:\Program Files\Git\usr\bin;C:\Program Files\GitHub CLI\;c:\tools\php;C:\Program Files\Amazon\AWSCLIV2\;C:\Program Files\Amazon\SessionManagerPlugin\bin\;C:\Program Files\Amazon\AWSSAMCLI\bin\;C:\Program Files\Microsoft SQL Server\130\Tools\Binn\;C:\Program Files\mongosh\;C:\Program Files\LLVM\bin;C:\Program Files (x86)\LLVM\bin;C:\Users\runneradmin\.dotnet\tools;C:\Users\runneradmin\.cargo\bin;C:\Users\runneradmin\AppData\Local\Microsoft\WindowsApps;C:\Program Files (x86)\Microsoft Visual Studio\Installer;C:\Program Files\Microsoft Visual Studio\2022\Enterprise\Common7\IDE\CommonExtensions\Microsoft\CMake\CMake\bin;C:\Program Files\Microsoft Visual Studio\2022\Enterprise\Common7\IDE\CommonExtensions\Microsoft\CMake\Ninja;C:\Program Files\Microsoft Visual Studio\2022\Enterprise\Common7\IDE\VC\Linux\bin\ConnectionManagerExe;C:\Program Files\Microsoft Visual Studio\2022\Enterprise\VC\vcpkg
2026-10-08T20:50:45.9800649Z   Platform: x64
2026-10-08T20:50:45.9800770Z   UCRTVersion: 10.0.26100.0
2026-10-08T20:50:45.9800938Z   UniversalCRTSdkDir: C:\Program Files (x86)\Windows Kits\10\
2026-10-08T20:50:45.9801207Z   VCIDEInstallDir: C:\Program Files\Microsoft Visual Studio\2022\Enterprise\Common7\IDE\VC\
2026-10-08T20:50:45.9801501Z   VCINSTALLDIR: C:\Program Files\Microsoft Visual Studio\2022\Enterprise\VC\
2026-10-08T20:50:45.9801728Z   VCPKG_ROOT: D:\a\CaptureSuite\CaptureSuite\vcpkg
2026-10-08T20:50:45.9802017Z   VCToolsInstallDir: C:\Program Files\Microsoft Visual Studio\2022\Enterprise\VC\Tools\MSVC\14.44.35207\
2026-10-08T20:50:45.9802379Z   VCToolsRedistDir: C:\Program Files\Microsoft Visual Studio\2022\Enterprise\VC\Redist\MSVC\14.44.35112\
2026-10-08T20:50:45.9802647Z   VCToolsVersion: 14.44.35207
2026-10-08T20:50:45.9802785Z   VisualStudioVersion: 17.0
2026-10-08T20:50:45.9802999Z   VS170COMNTOOLS: C:\Program Files\Microsoft Visual Studio\2022\Enterprise\Common7\Tools\
2026-10-08T20:50:45.9803240Z   VSCMD_ARG_app_plat: Desktop
2026-10-08T20:50:45.9803375Z   VSCMD_ARG_HOST_ARCH: x64
2026-10-08T20:50:45.9803499Z   VSCMD_ARG_TGT_ARCH: x64
2026-10-08T20:50:45.9803619Z   VSCMD_VER: 17.14.41
2026-10-08T20:50:45.9803793Z   VSINSTALLDIR: C:\Program Files\Microsoft Visual Studio\2022\Enterprise\
2026-10-08T20:50:45.9804070Z   VSSDK150INSTALL: C:\Program Files\Microsoft Visual Studio\2022\Enterprise\VSSDK
2026-10-08T20:50:45.9804349Z   VSSDKINSTALL: C:\Program Files\Microsoft Visual Studio\2022\Enterprise\VSSDK
2026-10-08T20:50:45.9804738Z   WindowsLibPath: C:\Program Files (x86)\Windows Kits\10\UnionMetadata\10.0.26100.0;C:\Program Files (x86)\Windows Kits\10\References\10.0.26100.0
2026-10-08T20:50:45.9805100Z   WindowsSdkBinPath: C:\Program Files (x86)\Windows Kits\10\bin\
2026-10-08T20:50:45.9805325Z   WindowsSdkDir: C:\Program Files (x86)\Windows Kits\10\
2026-10-08T20:50:45.9805506Z   WindowsSDKLibVersion: 10.0.26100.0\
2026-10-08T20:50:45.9805784Z   WindowsSdkVerBinPath: C:\Program Files (x86)\Windows Kits\10\bin\10.0.26100.0\
2026-10-08T20:50:45.9806015Z   WindowsSDKVersion: 10.0.26100.0\
2026-10-08T20:50:45.9806274Z   WindowsSDK_ExecutablePath_x64: C:\Program Files (x86)\Microsoft SDKs\Windows\v10.0A\bin\NETFX 4.8 Tools\x64\
2026-10-08T20:50:45.9806644Z   WindowsSDK_ExecutablePath_x86: C:\Program Files (x86)\Microsoft SDKs\Windows\v10.0A\bin\NETFX 4.8 Tools\
2026-10-08T20:50:45.9806898Z   __DOTNET_ADD_64BIT: 1
2026-10-08T20:50:45.9807027Z   __DOTNET_PREFERRED_BITNESS: 64
2026-10-08T20:50:45.9811948Z   __VSCMD_PREINIT_PATH: C:\Program Files\MongoDB\Server\7.0\bin;C:\aliyun-cli;C:\vcpkg;C:\Program Files (x86)\NSIS\;C:\tools\zstd;C:\Program Files\Mercurial\;C:\hostedtoolcache\windows\stack\3.11.1\x64;C:\cabal\bin;C:\\ghcup\bin;C:\mingw64\bin;C:\Program Files\dotnet;C:\Program Files\MySQL\MySQL Server 8.0\bin;C:\Program Files\R\R-4.6.1\bin\x64;C:\SeleniumWebDrivers\GeckoDriver;C:\SeleniumWebDrivers\EdgeDriver\;C:\SeleniumWebDrivers\ChromeDriver;C:\Program Files (x86)\sbt\bin;C:\Program Files (x86)\GitHub CLI;C:\Program Files\Git\bin;C:\Program Files (x86)\pipx_bin;C:\npm\prefix;C:\hostedtoolcache\windows\go\1.24.13\x64\bin;C:\hostedtoolcache\windows\Python\3.12.10\x64\Scripts;C:\hostedtoolcache\windows\Python\3.12.10\x64;C:\hostedtoolcache\windows\Ruby\3.3.12\x64\bin;C:\Program Files\OpenSSL\bin;C:\tools\kotlinc\bin;C:\hostedtoolcache\windows\Java_Temurin-Hotspot_jdk\8.0.504-1\x64\bin;C:\Program Files\ImageMagick-7.1.2-Q16-HDRI;C:\Program Files\Microsoft SDKs\Azure\CLI2\wbin;C:\ProgramData\kind;C:\ProgramData\Chocolatey\bin;C:\Windows\system32;C:\Windows;C:\Windows\System32\Wbem;C:\Windows\System32\WindowsPowerShell\v1.0\;C:\Windows\System32\OpenSSH\;C:\Program Files\dotnet\;C:\Program Files\PowerShell\7\;C:\Program Files\Microsoft\Web Platform Installer\;C:\Program Files\TortoiseSVN\bin;C:\Program Files\Microsoft SQL Server\Client SDK\ODBC\170\Tools\Binn\;C:\Program Files\Microsoft SQL Server\150\Tools\Binn\;C:\Program Files (x86)\Windows Kits\10\Windows Performance Toolkit\;C:\Program Files (x86)\WiX Toolset v3.14\bin;C:\Program Files\Microsoft SQL Server\130\DTS\Binn\;C:\Program Files\Microsoft SQL Server\140\DTS\Binn\;C:\Program Files\Microsoft SQL Server\150\DTS\Binn\;C:\Program Files\Microsoft SQL Server\160\DTS\Binn\;C:\Program Files\Microsoft SQL Server\170\DTS\Binn\;C:\Strawberry\c\bin;C:\Strawberry\perl\site\bin;C:\Strawberry\perl\bin;C:\ProgramData\chocolatey\lib\pulumi\tools\Pulumi\bin;C:\Program Files\CMake\bin;C:\ProgramData\chocolatey\lib\maven\apache-maven-3.9.16\bin;C:\Program Files\Microsoft Service Fabric\bin\Fabric\Fabric.Code;C:\Program Files\Microsoft SDKs\Service Fabric\Tools\ServiceFabricLocalClusterManager;C:\Program Files\nodejs\;C:\Program Files\Git\cmd;C:\Program Files\Git\ucrt64\bin;C:\Program Files\Git\usr\bin;C:\Program Files\GitHub CLI\;c:\tools\php;C:\Program Files (x86)\sbt\bin;C:\Program Files\Amazon\AWSCLIV2\;C:\Program Files\Amazon\SessionManagerPlugin\bin\;C:\Program Files\Amazon\AWSSAMCLI\bin\;C:\Program Files\Microsoft SQL Server\130\Tools\Binn\;C:\Program Files\mongosh\;C:\Program Files\LLVM\bin;C:\Program Files (x86)\LLVM\bin;C:\Users\runneradmin\.dotnet\tools;C:\Users\runneradmin\.cargo\bin;C:\Users\runneradmin\AppData\Local\Microsoft\WindowsApps;C:\Program Files (x86)\Microsoft Visual Studio\Installer
2026-10-08T20:50:45.9817006Z   VCPKG_DEFAULT_BINARY_CACHE: D:/a/CaptureSuite/CaptureSuite/969f6665-88a2-4c98-938e-ca9259871fec/vcpkg_cache
2026-10-08T20:50:45.9817294Z   VCPKG_BINARY_SOURCES: clear;x-gha,readwrite
2026-10-08T20:50:45.9817496Z   RUNVCPKG_VCPKG_ROOT: D:\a\CaptureSuite\CaptureSuite\vcpkg
2026-10-08T20:50:45.9817676Z ##[endgroup]
2026-10-08T20:50:46.0952388Z ##[group]Installed versions
2026-10-08T20:50:46.1161345Z (node:2556) [DEP0040] DeprecationWarning: The `punycode` module is deprecated. Please use a userland alternative instead.
2026-10-08T20:50:46.1161923Z (Use `node --trace-deprecation ...` to show where the warning was created)
2026-10-08T20:50:46.1162500Z Successfully set up CPython (3.12.10)
2026-10-08T20:50:46.1163295Z ##[endgroup]
2026-10-08T20:50:46.1373226Z ##[group]Run python -m pip install -r requirements-native-ci.txt
2026-10-08T20:50:46.1373575Z [36;1mpython -m pip install -r requirements-native-ci.txt[0m
2026-10-08T20:50:46.1400366Z shell: C:\Program Files\PowerShell\7\pwsh.EXE -command ". '{0}'"
2026-10-08T20:50:46.1400569Z env:
2026-10-08T20:50:46.1400696Z   CommandPromptType: Native
2026-10-08T20:50:46.1400912Z   DevEnvDir: C:\Program Files\Microsoft Visual Studio\2022\Enterprise\Common7\IDE\
2026-10-08T20:50:46.1401217Z   ExtensionSdkDir: C:\Program Files (x86)\Microsoft SDKs\Windows Kits\10\ExtensionSDKs
2026-10-08T20:50:46.1402543Z   EXTERNAL_INCLUDE: C:\Program Files\Microsoft Visual Studio\2022\Enterprise\VC\Tools\MSVC\14.44.35207\include;C:\Program Files\Microsoft Visual Studio\2022\Enterprise\VC\Tools\MSVC\14.44.35207\ATLMFC\include;C:\Program Files\Microsoft Visual Studio\2022\Enterprise\VC\Auxiliary\VS\include;C:\Program Files (x86)\Windows Kits\10\include\10.0.26100.0\ucrt;C:\Program Files (x86)\Windows Kits\10\\include\10.0.26100.0\\um;C:\Program Files (x86)\Windows Kits\10\\include\10.0.26100.0\\shared;C:\Program Files (x86)\Windows Kits\10\\include\10.0.26100.0\\winrt;C:\Program Files (x86)\Windows Kits\10\\include\10.0.26100.0\\cppwinrt;C:\Program Files (x86)\Windows Kits\NETFXSDK\4.8\include\um
2026-10-08T20:50:46.1403752Z   Framework40Version: v4.0
2026-10-08T20:50:46.1403916Z   FrameworkDir: C:\Windows\Microsoft.NET\Framework64\
2026-10-08T20:50:46.1404116Z   FrameworkDir64: C:\Windows\Microsoft.NET\Framework64\
2026-10-08T20:50:46.1404299Z   FrameworkVersion: v4.0.30319
2026-10-08T20:50:46.1404445Z   FrameworkVersion64: v4.0.30319
2026-10-08T20:50:46.1404756Z   FSHARPINSTALLDIR: C:\Program Files\Microsoft Visual Studio\2022\Enterprise\Common7\IDE\CommonExtensions\Microsoft\FSharp\Tools
2026-10-08T20:50:46.1405092Z   HTMLHelpDir: C:\Program Files (x86)\HTML Help Workshop
2026-10-08T20:50:46.1405369Z   IFCPATH: C:\Program Files\Microsoft Visual Studio\2022\Enterprise\VC\Tools\MSVC\14.44.35207\ifc\x64
2026-10-08T20:50:46.1406637Z   INCLUDE: C:\Program Files\Microsoft Visual Studio\2022\Enterprise\VC\Tools\MSVC\14.44.35207\include;C:\Program Files\Microsoft Visual Studio\2022\Enterprise\VC\Tools\MSVC\14.44.35207\ATLMFC\include;C:\Program Files\Microsoft Visual Studio\2022\Enterprise\VC\Auxiliary\VS\include;C:\Program Files (x86)\Windows Kits\10\include\10.0.26100.0\ucrt;C:\Program Files (x86)\Windows Kits\10\\include\10.0.26100.0\\um;C:\Program Files (x86)\Windows Kits\10\\include\10.0.26100.0\\shared;C:\Program Files (x86)\Windows Kits\10\\include\10.0.26100.0\\winrt;C:\Program Files (x86)\Windows Kits\10\\include\10.0.26100.0\\cppwinrt;C:\Program Files (x86)\Windows Kits\NETFXSDK\4.8\include\um
2026-10-08T20:50:46.1407816Z   is_x64_arch: true
2026-10-08T20:50:46.1408491Z   LIB: C:\Program Files\Microsoft Visual Studio\2022\Enterprise\VC\Tools\MSVC\14.44.35207\ATLMFC\lib\x64;C:\Program Files\Microsoft Visual Studio\2022\Enterprise\VC\Tools\MSVC\14.44.35207\lib\x64;C:\Program Files (x86)\Windows Kits\NETFXSDK\4.8\lib\um\x64;C:\Program Files (x86)\Windows Kits\10\lib\10.0.26100.0\ucrt\x64;C:\Program Files (x86)\Windows Kits\10\\lib\10.0.26100.0\\um\x64
2026-10-08T20:50:46.1409914Z   LIBPATH: C:\Program Files\Microsoft Visual Studio\2022\Enterprise\VC\Tools\MSVC\14.44.35207\ATLMFC\lib\x64;C:\Program Files\Microsoft Visual Studio\2022\Enterprise\VC\Tools\MSVC\14.44.35207\lib\x64;C:\Program Files\Microsoft Visual Studio\2022\Enterprise\VC\Tools\MSVC\14.44.35207\lib\x86\store\references;C:\Program Files (x86)\Windows Kits\10\UnionMetadata\10.0.26100.0;C:\Program Files (x86)\Windows Kits\10\References\10.0.26100.0;C:\Windows\Microsoft.NET\Framework64\v4.0.30319
2026-10-08T20:50:46.1410824Z   NETFXSDKDir: C:\Program Files (x86)\Windows Kits\NETFXSDK\4.8\
2026-10-08T20:50:46.1421217Z   Path: C:\Program Files\Microsoft Visual Studio\2022\Enterprise\VC\Tools\MSVC\14.44.35207\bin\HostX64\x64;C:\Program Files\Microsoft Visual Studio\2022\Enterprise\Common7\IDE\VC\VCPackages;C:\Program Files\Microsoft Visual Studio\2022\Enterprise\Common7\IDE\CommonExtensions\Microsoft\TestWindow;C:\Program Files\Microsoft Visual Studio\2022\Enterprise\Common7\IDE\CommonExtensions\Microsoft\TeamFoundation\Team Explorer;C:\Program Files\Microsoft Visual Studio\2022\Enterprise\MSBuild\Current\bin\Roslyn;C:\Program Files (x86)\Microsoft SDKs\Windows\v10.0A\bin\NETFX 4.8 Tools\x64\;C:\Program Files (x86)\HTML Help Workshop;C:\Program Files\Microsoft Visual Studio\2022\Enterprise\Common7\IDE\CommonExtensions\Microsoft\FSharp\Tools;C:\Program Files\Microsoft Visual Studio\2022\Enterprise\Team Tools\DiagnosticsHub\Collector;C:\Program Files\Microsoft Visual Studio\2022\Enterprise\Common7\IDE\Extensions\Microsoft\CodeCoverage.Console;C:\Program Files\Microsoft Visual Studio\2022\Enterprise\VC\Tools\Llvm\x64\bin;C:\Program Files (x86)\Windows Kits\10\bin\10.0.26100.0\\x64;C:\Program Files (x86)\Windows Kits\10\bin\\x64;C:\Program Files\Microsoft Visual Studio\2022\Enterprise\\MSBuild\Current\Bin\amd64;C:\Windows\Microsoft.NET\Framework64\v4.0.30319;C:\Program Files\Microsoft Visual Studio\2022\Enterprise\Common7\IDE\;C:\Program Files\Microsoft Visual Studio\2022\Enterprise\Common7\Tools\;C:\Program Files\MongoDB\Server\7.0\bin;C:\aliyun-cli;C:\vcpkg;C:\Program Files (x86)\NSIS\;C:\tools\zstd;C:\Program Files\Mercurial\;C:\hostedtoolcache\windows\stack\3.11.1\x64;C:\cabal\bin;C:\\ghcup\bin;C:\mingw64\bin;C:\Program Files\dotnet;C:\Program Files\MySQL\MySQL Server 8.0\bin;C:\Program Files\R\R-4.6.1\bin\x64;C:\SeleniumWebDrivers\GeckoDriver;C:\SeleniumWebDrivers\EdgeDriver\;C:\SeleniumWebDrivers\ChromeDriver;C:\Program Files (x86)\sbt\bin;C:\Program Files (x86)\GitHub CLI;C:\Program Files\Git\bin;C:\Program Files (x86)\pipx_bin;C:\npm\prefix;C:\hostedtoolcache\windows\go\1.24.13\x64\bin;C:\hostedtoolcache\windows\Python\3.12.10\x64\Scripts;C:\hostedtoolcache\windows\Python\3.12.10\x64;C:\hostedtoolcache\windows\Ruby\3.3.12\x64\bin;C:\Program Files\OpenSSL\bin;C:\tools\kotlinc\bin;C:\hostedtoolcache\windows\Java_Temurin-Hotspot_jdk\8.0.504-1\x64\bin;C:\Program Files\ImageMagick-7.1.2-Q16-HDRI;C:\Program Files\Microsoft SDKs\Azure\CLI2\wbin;C:\ProgramData\kind;C:\ProgramData\Chocolatey\bin;C:\Windows\system32;C:\Windows;C:\Windows\System32\Wbem;C:\Windows\System32\WindowsPowerShell\v1.0\;C:\Windows\System32\OpenSSH\;C:\Program Files\dotnet\;C:\Program Files\PowerShell\7\;C:\Program Files\Microsoft\Web Platform Installer\;C:\Program Files\TortoiseSVN\bin;C:\Program Files\Microsoft SQL Server\Client SDK\ODBC\170\Tools\Binn\;C:\Program Files\Microsoft SQL Server\150\Tools\Binn\;C:\Program Files (x86)\Windows Kits\10\Windows Performance Toolkit\;C:\Program Files (x86)\WiX Toolset v3.14\bin;C:\Program Files\Microsoft SQL Server\130\DTS\Binn\;C:\Program Files\Microsoft SQL Server\140\DTS\Binn\;C:\Program Files\Microsoft SQL Server\150\DTS\Binn\;C:\Program Files\Microsoft SQL Server\160\DTS\Binn\;C:\Program Files\Microsoft SQL Server\170\DTS\Binn\;C:\Strawberry\c\bin;C:\Strawberry\perl\site\bin;C:\Strawberry\perl\bin;C:\ProgramData\chocolatey\lib\pulumi\tools\Pulumi\bin;C:\Program Files\CMake\bin;C:\ProgramData\chocolatey\lib\maven\apache-maven-3.9.16\bin;C:\Program Files\Microsoft Service Fabric\bin\Fabric\Fabric.Code;C:\Program Files\Microsoft SDKs\Service Fabric\Tools\ServiceFabricLocalClusterManager;C:\Program Files\nodejs\;C:\Program Files\Git\cmd;C:\Program Files\Git\ucrt64\bin;C:\Program Files\Git\usr\bin;C:\Program Files\GitHub CLI\;c:\tools\php;C:\Program Files\Amazon\AWSCLIV2\;C:\Program Files\Amazon\SessionManagerPlugin\bin\;C:\Program Files\Amazon\AWSSAMCLI\bin\;C:\Program Files\Microsoft SQL Server\130\Tools\Binn\;C:\Program Files\mongosh\;C:\Program Files\LLVM\bin;C:\Program Files (x86)\LLVM\bin;C:\Users\runneradmin\.dotnet\tools;C:\Users\runneradmin\.cargo\bin;C:\Users\runneradmin\AppData\Local\Microsoft\WindowsApps;C:\Program Files (x86)\Microsoft Visual Studio\Installer;C:\Program Files\Microsoft Visual Studio\2022\Enterprise\Common7\IDE\CommonExtensions\Microsoft\CMake\CMake\bin;C:\Program Files\Microsoft Visual Studio\2022\Enterprise\Common7\IDE\CommonExtensions\Microsoft\CMake\Ninja;C:\Program Files\Microsoft Visual Studio\2022\Enterprise\Common7\IDE\VC\Linux\bin\ConnectionManagerExe;C:\Program Files\Microsoft Visual Studio\2022\Enterprise\VC\vcpkg
2026-10-08T20:50:46.1429343Z   Platform: x64
2026-10-08T20:50:46.1429465Z   UCRTVersion: 10.0.26100.0
2026-10-08T20:50:46.1429634Z   UniversalCRTSdkDir: C:\Program Files (x86)\Windows Kits\10\
2026-10-08T20:50:46.1429905Z   VCIDEInstallDir: C:\Program Files\Microsoft Visual Studio\2022\Enterprise\Common7\IDE\VC\
2026-10-08T20:50:46.1430208Z   VCINSTALLDIR: C:\Program Files\Microsoft Visual Studio\2022\Enterprise\VC\
2026-10-08T20:50:46.1430439Z   VCPKG_ROOT: D:\a\CaptureSuite\CaptureSuite\vcpkg
2026-10-08T20:50:46.1430712Z   VCToolsInstallDir: C:\Program Files\Microsoft Visual Studio\2022\Enterprise\VC\Tools\MSVC\14.44.35207\
2026-10-08T20:50:46.1431071Z   VCToolsRedistDir: C:\Program Files\Microsoft Visual Studio\2022\Enterprise\VC\Redist\MSVC\14.44.35112\
2026-10-08T20:50:46.1431337Z   VCToolsVersion: 14.44.35207
2026-10-08T20:50:46.1431475Z   VisualStudioVersion: 17.0
2026-10-08T20:50:46.1431687Z   VS170COMNTOOLS: C:\Program Files\Microsoft Visual Studio\2022\Enterprise\Common7\Tools\
2026-10-08T20:50:46.1431922Z   VSCMD_ARG_app_plat: Desktop
2026-10-08T20:50:46.1432060Z   VSCMD_ARG_HOST_ARCH: x64
2026-10-08T20:50:46.1432184Z   VSCMD_ARG_TGT_ARCH: x64
2026-10-08T20:50:46.1432308Z   VSCMD_VER: 17.14.41
2026-10-08T20:50:46.1432482Z   VSINSTALLDIR: C:\Program Files\Microsoft Visual Studio\2022\Enterprise\
2026-10-08T20:50:46.1432753Z   VSSDK150INSTALL: C:\Program Files\Microsoft Visual Studio\2022\Enterprise\VSSDK
2026-10-08T20:50:46.1433028Z   VSSDKINSTALL: C:\Program Files\Microsoft Visual Studio\2022\Enterprise\VSSDK
2026-10-08T20:50:46.1433404Z   WindowsLibPath: C:\Program Files (x86)\Windows Kits\10\UnionMetadata\10.0.26100.0;C:\Program Files (x86)\Windows Kits\10\References\10.0.26100.0
2026-10-08T20:50:46.1433766Z   WindowsSdkBinPath: C:\Program Files (x86)\Windows Kits\10\bin\
2026-10-08T20:50:46.1433998Z   WindowsSdkDir: C:\Program Files (x86)\Windows Kits\10\
2026-10-08T20:50:46.1434179Z   WindowsSDKLibVersion: 10.0.26100.0\
2026-10-08T20:50:46.1434397Z   WindowsSdkVerBinPath: C:\Program Files (x86)\Windows Kits\10\bin\10.0.26100.0\
2026-10-08T20:50:46.1434621Z   WindowsSDKVersion: 10.0.26100.0\
2026-10-08T20:50:46.1434880Z   WindowsSDK_ExecutablePath_x64: C:\Program Files (x86)\Microsoft SDKs\Windows\v10.0A\bin\NETFX 4.8 Tools\x64\
2026-10-08T20:50:46.1435255Z   WindowsSDK_ExecutablePath_x86: C:\Program Files (x86)\Microsoft SDKs\Windows\v10.0A\bin\NETFX 4.8 Tools\
2026-10-08T20:50:46.1435514Z   __DOTNET_ADD_64BIT: 1
2026-10-08T20:50:46.1435651Z   __DOTNET_PREFERRED_BITNESS: 64
2026-10-08T20:50:46.1440529Z   __VSCMD_PREINIT_PATH: C:\Program Files\MongoDB\Server\7.0\bin;C:\aliyun-cli;C:\vcpkg;C:\Program Files (x86)\NSIS\;C:\tools\zstd;C:\Program Files\Mercurial\;C:\hostedtoolcache\windows\stack\3.11.1\x64;C:\cabal\bin;C:\\ghcup\bin;C:\mingw64\bin;C:\Program Files\dotnet;C:\Program Files\MySQL\MySQL Server 8.0\bin;C:\Program Files\R\R-4.6.1\bin\x64;C:\SeleniumWebDrivers\GeckoDriver;C:\SeleniumWebDrivers\EdgeDriver\;C:\SeleniumWebDrivers\ChromeDriver;C:\Program Files (x86)\sbt\bin;C:\Program Files (x86)\GitHub CLI;C:\Program Files\Git\bin;C:\Program Files (x86)\pipx_bin;C:\npm\prefix;C:\hostedtoolcache\windows\go\1.24.13\x64\bin;C:\hostedtoolcache\windows\Python\3.12.10\x64\Scripts;C:\hostedtoolcache\windows\Python\3.12.10\x64;C:\hostedtoolcache\windows\Ruby\3.3.12\x64\bin;C:\Program Files\OpenSSL\bin;C:\tools\kotlinc\bin;C:\hostedtoolcache\windows\Java_Temurin-Hotspot_jdk\8.0.504-1\x64\bin;C:\Program Files\ImageMagick-7.1.2-Q16-HDRI;C:\Program Files\Microsoft SDKs\Azure\CLI2\wbin;C:\ProgramData\kind;C:\ProgramData\Chocolatey\bin;C:\Windows\system32;C:\Windows;C:\Windows\System32\Wbem;C:\Windows\System32\WindowsPowerShell\v1.0\;C:\Windows\System32\OpenSSH\;C:\Program Files\dotnet\;C:\Program Files\PowerShell\7\;C:\Program Files\Microsoft\Web Platform Installer\;C:\Program Files\TortoiseSVN\bin;C:\Program Files\Microsoft SQL Server\Client SDK\ODBC\170\Tools\Binn\;C:\Program Files\Microsoft SQL Server\150\Tools\Binn\;C:\Program Files (x86)\Windows Kits\10\Windows Performance Toolkit\;C:\Program Files (x86)\WiX Toolset v3.14\bin;C:\Program Files\Microsoft SQL Server\130\DTS\Binn\;C:\Program Files\Microsoft SQL Server\140\DTS\Binn\;C:\Program Files\Microsoft SQL Server\150\DTS\Binn\;C:\Program Files\Microsoft SQL Server\160\DTS\Binn\;C:\Program Files\Microsoft SQL Server\170\DTS\Binn\;C:\Strawberry\c\bin;C:\Strawberry\perl\site\bin;C:\Strawberry\perl\bin;C:\ProgramData\chocolatey\lib\pulumi\tools\Pulumi\bin;C:\Program Files\CMake\bin;C:\ProgramData\chocolatey\lib\maven\apache-maven-3.9.16\bin;C:\Program Files\Microsoft Service Fabric\bin\Fabric\Fabric.Code;C:\Program Files\Microsoft SDKs\Service Fabric\Tools\ServiceFabricLocalClusterManager;C:\Program Files\nodejs\;C:\Program Files\Git\cmd;C:\Program Files\Git\ucrt64\bin;C:\Program Files\Git\usr\bin;C:\Program Files\GitHub CLI\;c:\tools\php;C:\Program Files (x86)\sbt\bin;C:\Program Files\Amazon\AWSCLIV2\;C:\Program Files\Amazon\SessionManagerPlugin\bin\;C:\Program Files\Amazon\AWSSAMCLI\bin\;C:\Program Files\Microsoft SQL Server\130\Tools\Binn\;C:\Program Files\mongosh\;C:\Program Files\LLVM\bin;C:\Program Files (x86)\LLVM\bin;C:\Users\runneradmin\.dotnet\tools;C:\Users\runneradmin\.cargo\bin;C:\Users\runneradmin\AppData\Local\Microsoft\WindowsApps;C:\Program Files (x86)\Microsoft Visual Studio\Installer
2026-10-08T20:50:46.1445691Z   VCPKG_DEFAULT_BINARY_CACHE: D:/a/CaptureSuite/CaptureSuite/969f6665-88a2-4c98-938e-ca9259871fec/vcpkg_cache
2026-10-08T20:50:46.1445986Z   VCPKG_BINARY_SOURCES: clear;x-gha,readwrite
2026-10-08T20:50:46.1446189Z   RUNVCPKG_VCPKG_ROOT: D:\a\CaptureSuite\CaptureSuite\vcpkg
2026-10-08T20:50:46.1446422Z   pythonLocation: C:\hostedtoolcache\windows\Python\3.12.10\x64
2026-10-08T20:50:46.1446684Z   PKG_CONFIG_PATH: C:\hostedtoolcache\windows\Python\3.12.10\x64/lib/pkgconfig
2026-10-08T20:50:46.1446946Z   Python_ROOT_DIR: C:\hostedtoolcache\windows\Python\3.12.10\x64
2026-10-08T20:50:46.1447174Z   Python2_ROOT_DIR: C:\hostedtoolcache\windows\Python\3.12.10\x64
2026-10-08T20:50:46.1447406Z   Python3_ROOT_DIR: C:\hostedtoolcache\windows\Python\3.12.10\x64
2026-10-08T20:50:46.1447591Z ##[endgroup]
2026-10-08T20:50:48.9789396Z Obtaining file:///D:/a/CaptureSuite/CaptureSuite/libs/python/capture_protocol (from -r requirements-native-ci.txt (line 2))
2026-10-08T20:50:48.9816310Z   Installing build dependencies: started
2026-10-08T20:50:50.9874304Z   Installing build dependencies: finished with status 'done'
2026-10-08T20:50:50.9888701Z   Checking if build backend supports build_editable: started
2026-10-08T20:50:51.3865842Z   Checking if build backend supports build_editable: finished with status 'done'
2026-10-08T20:50:51.3885103Z   Getting requirements to build editable: started
2026-10-08T20:50:51.7736449Z   Getting requirements to build editable: finished with status 'done'
2026-10-08T20:50:51.7759897Z   Preparing editable metadata (pyproject.toml): started
2026-10-08T20:50:52.0391604Z   Preparing editable metadata (pyproject.toml): finished with status 'done'
2026-10-08T20:50:52.0426237Z Obtaining file:///D:/a/CaptureSuite/CaptureSuite/libs/python/capture_session (from -r requirements-native-ci.txt (line 3))
2026-10-08T20:50:52.0444314Z   Installing build dependencies: started
2026-10-08T20:50:53.3795414Z   Installing build dependencies: finished with status 'done'
2026-10-08T20:50:53.3811342Z   Checking if build backend supports build_editable: started
2026-10-08T20:50:53.7413454Z   Checking if build backend supports build_editable: finished with status 'done'
2026-10-08T20:50:53.7431805Z   Getting requirements to build editable: started
2026-10-08T20:50:54.1277233Z   Getting requirements to build editable: finished with status 'done'
2026-10-08T20:50:54.1300447Z   Preparing editable metadata (pyproject.toml): started
2026-10-08T20:50:54.3685626Z   Preparing editable metadata (pyproject.toml): finished with status 'done'
2026-10-08T20:50:54.5474173Z Collecting pytest>=8 (from -r requirements-native-ci.txt (line 4))
2026-10-08T20:50:54.6739339Z   Downloading pytest-9.1.1-py3-none-any.whl.metadata (7.6 kB)
2026-10-08T20:50:54.8656802Z Collecting protobuf<5,>=4.25 (from capture-protocol==0.1.0->-r requirements-native-ci.txt (line 2))
2026-10-08T20:50:54.8812429Z   Downloading protobuf-4.25.9-cp310-abi3-win_amd64.whl.metadata (541 bytes)
2026-10-08T20:50:54.9338382Z Collecting jsonschema>=4.21 (from capture-session==0.1.0->-r requirements-native-ci.txt (line 3))
2026-10-08T20:50:54.9454329Z   Downloading jsonschema-4.26.0-py3-none-any.whl.metadata (7.6 kB)
2026-10-08T20:50:54.9656470Z Requirement already satisfied: colorama>=0.4 in C:\hostedtoolcache\windows\Python\3.12.10\x64\Lib\site-packages (from pytest>=8->-r requirements-native-ci.txt (line 4)) (0.4.6)
2026-10-08T20:50:54.9914263Z Collecting iniconfig>=1.0.1 (from pytest>=8->-r requirements-native-ci.txt (line 4))
2026-10-08T20:50:55.0029602Z   Downloading iniconfig-2.3.1-py3-none-any.whl.metadata (2.8 kB)
2026-10-08T20:50:55.0187353Z Requirement already satisfied: packaging>=22 in C:\hostedtoolcache\windows\Python\3.12.10\x64\Lib\site-packages (from pytest>=8->-r requirements-native-ci.txt (line 4)) (26.3)
2026-10-08T20:50:55.0460417Z Collecting pluggy<2,>=1.5 (from pytest>=8->-r requirements-native-ci.txt (line 4))
2026-10-08T20:50:55.0572557Z   Downloading pluggy-1.6.0-py3-none-any.whl.metadata (4.8 kB)
2026-10-08T20:50:55.1055450Z Collecting pygments>=2.7.2 (from pytest>=8->-r requirements-native-ci.txt (line 4))
2026-10-08T20:50:55.1174747Z   Downloading pygments-2.21.0-py3-none-any.whl.metadata (2.5 kB)
2026-10-08T20:50:55.1686517Z Collecting attrs>=22.2.0 (from jsonschema>=4.21->capture-session==0.1.0->-r requirements-native-ci.txt (line 3))
2026-10-08T20:50:55.1804691Z   Downloading attrs-26.1.0-py3-none-any.whl.metadata (8.8 kB)
2026-10-08T20:50:55.2280052Z Collecting jsonschema-specifications>=2023.03.6 (from jsonschema>=4.21->capture-session==0.1.0->-r requirements-native-ci.txt (line 3))
2026-10-08T20:50:55.2397979Z   Downloading jsonschema_specifications-2025.9.1-py3-none-any.whl.metadata (2.9 kB)
2026-10-08T20:50:55.2869876Z Collecting referencing>=0.28.4 (from jsonschema>=4.21->capture-session==0.1.0->-r requirements-native-ci.txt (line 3))
2026-10-08T20:50:55.2988377Z   Downloading referencing-0.37.0-py3-none-any.whl.metadata (2.8 kB)
2026-10-08T20:50:55.4857979Z Collecting rpds-py>=0.25.0 (from jsonschema>=4.21->capture-session==0.1.0->-r requirements-native-ci.txt (line 3))
2026-10-08T20:50:55.4991616Z   Downloading rpds_py-2026.9.1-cp312-cp312-win_amd64.whl.metadata (4.2 kB)
2026-10-08T20:50:55.5486404Z Collecting typing-extensions>=4.4.0 (from referencing>=0.28.4->jsonschema>=4.21->capture-session==0.1.0->-r requirements-native-ci.txt (line 3))
2026-10-08T20:50:55.5604198Z   Downloading typing_extensions-4.16.0-py3-none-any.whl.metadata (3.3 kB)
2026-10-08T20:50:55.5877009Z Downloading protobuf-4.25.9-cp310-abi3-win_amd64.whl (413 kB)
2026-10-08T20:50:55.6435649Z Downloading pytest-9.1.1-py3-none-any.whl (386 kB)
2026-10-08T20:50:55.6824853Z Downloading pluggy-1.6.0-py3-none-any.whl (20 kB)
2026-10-08T20:50:55.7126303Z Downloading iniconfig-2.3.1-py3-none-any.whl (7.6 kB)
2026-10-08T20:50:55.7387862Z Downloading jsonschema-4.26.0-py3-none-any.whl (90 kB)
2026-10-08T20:50:55.7633815Z Downloading attrs-26.1.0-py3-none-any.whl (67 kB)
2026-10-08T20:50:55.7876118Z Downloading jsonschema_specifications-2025.9.1-py3-none-any.whl (18 kB)
2026-10-08T20:50:55.8163863Z Downloading pygments-2.21.0-py3-none-any.whl (1.3 MB)
2026-10-08T20:50:55.8482343Z    ---------------------------------------- 1.3/1.3 MB 65.9 MB/s  0:00:00
2026-10-08T20:50:55.8596859Z Downloading referencing-0.37.0-py3-none-any.whl (26 kB)
2026-10-08T20:50:55.8853310Z Downloading rpds_py-2026.9.1-cp312-cp312-win_amd64.whl (222 kB)
2026-10-08T20:50:55.9099710Z Downloading typing_extensions-4.16.0-py3-none-any.whl (45 kB)
2026-10-08T20:50:55.9585798Z Building wheels for collected packages: capture-protocol, capture-session
2026-10-08T20:50:55.9622074Z   Building editable for capture-protocol (pyproject.toml): started
2026-10-08T20:50:56.2383530Z   Building editable for capture-protocol (pyproject.toml): finished with status 'done'
2026-10-08T20:50:56.2420198Z   Created wheel for capture-protocol: filename=capture_protocol-0.1.0-0.editable-py3-none-any.whl size=7398 sha256=68e8082d2d6af45ec0e143eaf955bdea7bb2cc39239ae73099854caf6ec1d3a1
2026-10-08T20:50:56.2421746Z   Stored in directory: C:\Users\runneradmin\AppData\Local\Temp\pip-ephem-wheel-cache-sfabgc6c\wheels\be\38\74\adf0f9a8f0ba8d26599b299cff33b892a58ed35959c9e09acd
2026-10-08T20:50:56.2458083Z   Building editable for capture-session (pyproject.toml): started
2026-10-08T20:50:56.4876868Z   Building editable for capture-session (pyproject.toml): finished with status 'done'
2026-10-08T20:50:56.4907431Z   Created wheel for capture-session: filename=capture_session-0.1.0-0.editable-py3-none-any.whl size=2863 sha256=c91a69ba64dde22f0f1534ac1354a7f2f1f0d2e37982f4691ba53825cbf12e8a
2026-10-08T20:50:56.4908888Z   Stored in directory: C:\Users\runneradmin\AppData\Local\Temp\pip-ephem-wheel-cache-sfabgc6c\wheels\49\8f\6e\163bd066522d89fdd0906cf22a1687ebc628821c7980903be9
2026-10-08T20:50:56.4926177Z Successfully built capture-protocol capture-session
2026-10-08T20:50:56.5165394Z Installing collected packages: typing-extensions, rpds-py, pygments, protobuf, pluggy, iniconfig, attrs, referencing, pytest, capture-protocol, jsonschema-specifications, jsonschema, capture-session
2026-10-08T20:50:59.1634451Z 
2026-10-08T20:50:59.1650526Z Successfully installed attrs-26.1.0 capture-protocol-0.1.0 capture-session-0.1.0 iniconfig-2.3.1 jsonschema-4.26.0 jsonschema-specifications-2025.9.1 pluggy-1.6.0 protobuf-4.25.9 pygments-2.21.0 pytest-9.1.1 referencing-0.37.0 rpds-py-2026.9.1 typing-extensions-4.16.0
2026-10-08T20:50:59.4288588Z ##[group]Run python tools/run_native_ci_tests.py
2026-10-08T20:50:59.4288884Z [36;1mpython tools/run_native_ci_tests.py[0m
2026-10-08T20:50:59.4315544Z shell: C:\Program Files\PowerShell\7\pwsh.EXE -command ". '{0}'"
2026-10-08T20:50:59.4315735Z env:
2026-10-08T20:50:59.4315854Z   CommandPromptType: Native
2026-10-08T20:50:59.4316058Z   DevEnvDir: C:\Program Files\Microsoft Visual Studio\2022\Enterprise\Common7\IDE\
2026-10-08T20:50:59.4316350Z   ExtensionSdkDir: C:\Program Files (x86)\Microsoft SDKs\Windows Kits\10\ExtensionSDKs
2026-10-08T20:50:59.4317639Z   EXTERNAL_INCLUDE: C:\Program Files\Microsoft Visual Studio\2022\Enterprise\VC\Tools\MSVC\14.44.35207\include;C:\Program Files\Microsoft Visual Studio\2022\Enterprise\VC\Tools\MSVC\14.44.35207\ATLMFC\include;C:\Program Files\Microsoft Visual Studio\2022\Enterprise\VC\Auxiliary\VS\include;C:\Program Files (x86)\Windows Kits\10\include\10.0.26100.0\ucrt;C:\Program Files (x86)\Windows Kits\10\\include\10.0.26100.0\\um;C:\Program Files (x86)\Windows Kits\10\\include\10.0.26100.0\\shared;C:\Program Files (x86)\Windows Kits\10\\include\10.0.26100.0\\winrt;C:\Program Files (x86)\Windows Kits\10\\include\10.0.26100.0\\cppwinrt;C:\Program Files (x86)\Windows Kits\NETFXSDK\4.8\include\um
2026-10-08T20:50:59.4318819Z   Framework40Version: v4.0
2026-10-08T20:50:59.4318973Z   FrameworkDir: C:\Windows\Microsoft.NET\Framework64\
2026-10-08T20:50:59.4319165Z   FrameworkDir64: C:\Windows\Microsoft.NET\Framework64\
2026-10-08T20:50:59.4319338Z   FrameworkVersion: v4.0.30319
2026-10-08T20:50:59.4319475Z   FrameworkVersion64: v4.0.30319
2026-10-08T20:50:59.4319760Z   FSHARPINSTALLDIR: C:\Program Files\Microsoft Visual Studio\2022\Enterprise\Common7\IDE\CommonExtensions\Microsoft\FSharp\Tools
2026-10-08T20:50:59.4320088Z   HTMLHelpDir: C:\Program Files (x86)\HTML Help Workshop
2026-10-08T20:50:59.4320351Z   IFCPATH: C:\Program Files\Microsoft Visual Studio\2022\Enterprise\VC\Tools\MSVC\14.44.35207\ifc\x64
2026-10-08T20:50:59.4321626Z   INCLUDE: C:\Program Files\Microsoft Visual Studio\2022\Enterprise\VC\Tools\MSVC\14.44.35207\include;C:\Program Files\Microsoft Visual Studio\2022\Enterprise\VC\Tools\MSVC\14.44.35207\ATLMFC\include;C:\Program Files\Microsoft Visual Studio\2022\Enterprise\VC\Auxiliary\VS\include;C:\Program Files (x86)\Windows Kits\10\include\10.0.26100.0\ucrt;C:\Program Files (x86)\Windows Kits\10\\include\10.0.26100.0\\um;C:\Program Files (x86)\Windows Kits\10\\include\10.0.26100.0\\shared;C:\Program Files (x86)\Windows Kits\10\\include\10.0.26100.0\\winrt;C:\Program Files (x86)\Windows Kits\10\\include\10.0.26100.0\\cppwinrt;C:\Program Files (x86)\Windows Kits\NETFXSDK\4.8\include\um
2026-10-08T20:50:59.4322973Z   is_x64_arch: true
2026-10-08T20:50:59.4323656Z   LIB: C:\Program Files\Microsoft Visual Studio\2022\Enterprise\VC\Tools\MSVC\14.44.35207\ATLMFC\lib\x64;C:\Program Files\Microsoft Visual Studio\2022\Enterprise\VC\Tools\MSVC\14.44.35207\lib\x64;C:\Program Files (x86)\Windows Kits\NETFXSDK\4.8\lib\um\x64;C:\Program Files (x86)\Windows Kits\10\lib\10.0.26100.0\ucrt\x64;C:\Program Files (x86)\Windows Kits\10\\lib\10.0.26100.0\\um\x64
2026-10-08T20:50:59.4325057Z   LIBPATH: C:\Program Files\Microsoft Visual Studio\2022\Enterprise\VC\Tools\MSVC\14.44.35207\ATLMFC\lib\x64;C:\Program Files\Microsoft Visual Studio\2022\Enterprise\VC\Tools\MSVC\14.44.35207\lib\x64;C:\Program Files\Microsoft Visual Studio\2022\Enterprise\VC\Tools\MSVC\14.44.35207\lib\x86\store\references;C:\Program Files (x86)\Windows Kits\10\UnionMetadata\10.0.26100.0;C:\Program Files (x86)\Windows Kits\10\References\10.0.26100.0;C:\Windows\Microsoft.NET\Framework64\v4.0.30319
2026-10-08T20:50:59.4325944Z   NETFXSDKDir: C:\Program Files (x86)\Windows Kits\NETFXSDK\4.8\
2026-10-08T20:50:59.4335599Z   Path: C:\Program Files\Microsoft Visual Studio\2022\Enterprise\VC\Tools\MSVC\14.44.35207\bin\HostX64\x64;C:\Program Files\Microsoft Visual Studio\2022\Enterprise\Common7\IDE\VC\VCPackages;C:\Program Files\Microsoft Visual Studio\2022\Enterprise\Common7\IDE\CommonExtensions\Microsoft\TestWindow;C:\Program Files\Microsoft Visual Studio\2022\Enterprise\Common7\IDE\CommonExtensions\Microsoft\TeamFoundation\Team Explorer;C:\Program Files\Microsoft Visual Studio\2022\Enterprise\MSBuild\Current\bin\Roslyn;C:\Program Files (x86)\Microsoft SDKs\Windows\v10.0A\bin\NETFX 4.8 Tools\x64\;C:\Program Files (x86)\HTML Help Workshop;C:\Program Files\Microsoft Visual Studio\2022\Enterprise\Common7\IDE\CommonExtensions\Microsoft\FSharp\Tools;C:\Program Files\Microsoft Visual Studio\2022\Enterprise\Team Tools\DiagnosticsHub\Collector;C:\Program Files\Microsoft Visual Studio\2022\Enterprise\Common7\IDE\Extensions\Microsoft\CodeCoverage.Console;C:\Program Files\Microsoft Visual Studio\2022\Enterprise\VC\Tools\Llvm\x64\bin;C:\Program Files (x86)\Windows Kits\10\bin\10.0.26100.0\\x64;C:\Program Files (x86)\Windows Kits\10\bin\\x64;C:\Program Files\Microsoft Visual Studio\2022\Enterprise\\MSBuild\Current\Bin\amd64;C:\Windows\Microsoft.NET\Framework64\v4.0.30319;C:\Program Files\Microsoft Visual Studio\2022\Enterprise\Common7\IDE\;C:\Program Files\Microsoft Visual Studio\2022\Enterprise\Common7\Tools\;C:\Program Files\MongoDB\Server\7.0\bin;C:\aliyun-cli;C:\vcpkg;C:\Program Files (x86)\NSIS\;C:\tools\zstd;C:\Program Files\Mercurial\;C:\hostedtoolcache\windows\stack\3.11.1\x64;C:\cabal\bin;C:\\ghcup\bin;C:\mingw64\bin;C:\Program Files\dotnet;C:\Program Files\MySQL\MySQL Server 8.0\bin;C:\Program Files\R\R-4.6.1\bin\x64;C:\SeleniumWebDrivers\GeckoDriver;C:\SeleniumWebDrivers\EdgeDriver\;C:\SeleniumWebDrivers\ChromeDriver;C:\Program Files (x86)\sbt\bin;C:\Program Files (x86)\GitHub CLI;C:\Program Files\Git\bin;C:\Program Files (x86)\pipx_bin;C:\npm\prefix;C:\hostedtoolcache\windows\go\1.24.13\x64\bin;C:\hostedtoolcache\windows\Python\3.12.10\x64\Scripts;C:\hostedtoolcache\windows\Python\3.12.10\x64;C:\hostedtoolcache\windows\Ruby\3.3.12\x64\bin;C:\Program Files\OpenSSL\bin;C:\tools\kotlinc\bin;C:\hostedtoolcache\windows\Java_Temurin-Hotspot_jdk\8.0.504-1\x64\bin;C:\Program Files\ImageMagick-7.1.2-Q16-HDRI;C:\Program Files\Microsoft SDKs\Azure\CLI2\wbin;C:\ProgramData\kind;C:\ProgramData\Chocolatey\bin;C:\Windows\system32;C:\Windows;C:\Windows\System32\Wbem;C:\Windows\System32\WindowsPowerShell\v1.0\;C:\Windows\System32\OpenSSH\;C:\Program Files\dotnet\;C:\Program Files\PowerShell\7\;C:\Program Files\Microsoft\Web Platform Installer\;C:\Program Files\TortoiseSVN\bin;C:\Program Files\Microsoft SQL Server\Client SDK\ODBC\170\Tools\Binn\;C:\Program Files\Microsoft SQL Server\150\Tools\Binn\;C:\Program Files (x86)\Windows Kits\10\Windows Performance Toolkit\;C:\Program Files (x86)\WiX Toolset v3.14\bin;C:\Program Files\Microsoft SQL Server\130\DTS\Binn\;C:\Program Files\Microsoft SQL Server\140\DTS\Binn\;C:\Program Files\Microsoft SQL Server\150\DTS\Binn\;C:\Program Files\Microsoft SQL Server\160\DTS\Binn\;C:\Program Files\Microsoft SQL Server\170\DTS\Binn\;C:\Strawberry\c\bin;C:\Strawberry\perl\site\bin;C:\Strawberry\perl\bin;C:\ProgramData\chocolatey\lib\pulumi\tools\Pulumi\bin;C:\Program Files\CMake\bin;C:\ProgramData\chocolatey\lib\maven\apache-maven-3.9.16\bin;C:\Program Files\Microsoft Service Fabric\bin\Fabric\Fabric.Code;C:\Program Files\Microsoft SDKs\Service Fabric\Tools\ServiceFabricLocalClusterManager;C:\Program Files\nodejs\;C:\Program Files\Git\cmd;C:\Program Files\Git\ucrt64\bin;C:\Program Files\Git\usr\bin;C:\Program Files\GitHub CLI\;c:\tools\php;C:\Program Files\Amazon\AWSCLIV2\;C:\Program Files\Amazon\SessionManagerPlugin\bin\;C:\Program Files\Amazon\AWSSAMCLI\bin\;C:\Program Files\Microsoft SQL Server\130\Tools\Binn\;C:\Program Files\mongosh\;C:\Program Files\LLVM\bin;C:\Program Files (x86)\LLVM\bin;C:\Users\runneradmin\.dotnet\tools;C:\Users\runneradmin\.cargo\bin;C:\Users\runneradmin\AppData\Local\Microsoft\WindowsApps;C:\Program Files (x86)\Microsoft Visual Studio\Installer;C:\Program Files\Microsoft Visual Studio\2022\Enterprise\Common7\IDE\CommonExtensions\Microsoft\CMake\CMake\bin;C:\Program Files\Microsoft Visual Studio\2022\Enterprise\Common7\IDE\CommonExtensions\Microsoft\CMake\Ninja;C:\Program Files\Microsoft Visual Studio\2022\Enterprise\Common7\IDE\VC\Linux\bin\ConnectionManagerExe;C:\Program Files\Microsoft Visual Studio\2022\Enterprise\VC\vcpkg
2026-10-08T20:50:59.4343881Z   Platform: x64
2026-10-08T20:50:59.4344002Z   UCRTVersion: 10.0.26100.0
2026-10-08T20:50:59.4344177Z   UniversalCRTSdkDir: C:\Program Files (x86)\Windows Kits\10\
2026-10-08T20:50:59.4344447Z   VCIDEInstallDir: C:\Program Files\Microsoft Visual Studio\2022\Enterprise\Common7\IDE\VC\
2026-10-08T20:50:59.4344743Z   VCINSTALLDIR: C:\Program Files\Microsoft Visual Studio\2022\Enterprise\VC\
2026-10-08T20:50:59.4344969Z   VCPKG_ROOT: D:\a\CaptureSuite\CaptureSuite\vcpkg
2026-10-08T20:50:59.4345233Z   VCToolsInstallDir: C:\Program Files\Microsoft Visual Studio\2022\Enterprise\VC\Tools\MSVC\14.44.35207\
2026-10-08T20:50:59.4345587Z   VCToolsRedistDir: C:\Program Files\Microsoft Visual Studio\2022\Enterprise\VC\Redist\MSVC\14.44.35112\
2026-10-08T20:50:59.4345841Z   VCToolsVersion: 14.44.35207
2026-10-08T20:50:59.4345981Z   VisualStudioVersion: 17.0
2026-10-08T20:50:59.4346199Z   VS170COMNTOOLS: C:\Program Files\Microsoft Visual Studio\2022\Enterprise\Common7\Tools\
2026-10-08T20:50:59.4346445Z   VSCMD_ARG_app_plat: Desktop
2026-10-08T20:50:59.4346577Z   VSCMD_ARG_HOST_ARCH: x64
2026-10-08T20:50:59.4346705Z   VSCMD_ARG_TGT_ARCH: x64
2026-10-08T20:50:59.4346832Z   VSCMD_VER: 17.14.41
2026-10-08T20:50:59.4347011Z   VSINSTALLDIR: C:\Program Files\Microsoft Visual Studio\2022\Enterprise\
2026-10-08T20:50:59.4347303Z   VSSDK150INSTALL: C:\Program Files\Microsoft Visual Studio\2022\Enterprise\VSSDK
2026-10-08T20:50:59.4347592Z   VSSDKINSTALL: C:\Program Files\Microsoft Visual Studio\2022\Enterprise\VSSDK
2026-10-08T20:50:59.4347985Z   WindowsLibPath: C:\Program Files (x86)\Windows Kits\10\UnionMetadata\10.0.26100.0;C:\Program Files (x86)\Windows Kits\10\References\10.0.26100.0
2026-10-08T20:50:59.4348354Z   WindowsSdkBinPath: C:\Program Files (x86)\Windows Kits\10\bin\
2026-10-08T20:50:59.4348571Z   WindowsSdkDir: C:\Program Files (x86)\Windows Kits\10\
2026-10-08T20:50:59.4348801Z   WindowsSDKLibVersion: 10.0.26100.0\
2026-10-08T20:50:59.4349014Z   WindowsSdkVerBinPath: C:\Program Files (x86)\Windows Kits\10\bin\10.0.26100.0\
2026-10-08T20:50:59.4349228Z   WindowsSDKVersion: 10.0.26100.0\
2026-10-08T20:50:59.4349485Z   WindowsSDK_ExecutablePath_x64: C:\Program Files (x86)\Microsoft SDKs\Windows\v10.0A\bin\NETFX 4.8 Tools\x64\
2026-10-08T20:50:59.4349872Z   WindowsSDK_ExecutablePath_x86: C:\Program Files (x86)\Microsoft SDKs\Windows\v10.0A\bin\NETFX 4.8 Tools\
2026-10-08T20:50:59.4350153Z   __DOTNET_ADD_64BIT: 1
2026-10-08T20:50:59.4350282Z   __DOTNET_PREFERRED_BITNESS: 64
2026-10-08T20:50:59.4355432Z   __VSCMD_PREINIT_PATH: C:\Program Files\MongoDB\Server\7.0\bin;C:\aliyun-cli;C:\vcpkg;C:\Program Files (x86)\NSIS\;C:\tools\zstd;C:\Program Files\Mercurial\;C:\hostedtoolcache\windows\stack\3.11.1\x64;C:\cabal\bin;C:\\ghcup\bin;C:\mingw64\bin;C:\Program Files\dotnet;C:\Program Files\MySQL\MySQL Server 8.0\bin;C:\Program Files\R\R-4.6.1\bin\x64;C:\SeleniumWebDrivers\GeckoDriver;C:\SeleniumWebDrivers\EdgeDriver\;C:\SeleniumWebDrivers\ChromeDriver;C:\Program Files (x86)\sbt\bin;C:\Program Files (x86)\GitHub CLI;C:\Program Files\Git\bin;C:\Program Files (x86)\pipx_bin;C:\npm\prefix;C:\hostedtoolcache\windows\go\1.24.13\x64\bin;C:\hostedtoolcache\windows\Python\3.12.10\x64\Scripts;C:\hostedtoolcache\windows\Python\3.12.10\x64;C:\hostedtoolcache\windows\Ruby\3.3.12\x64\bin;C:\Program Files\OpenSSL\bin;C:\tools\kotlinc\bin;C:\hostedtoolcache\windows\Java_Temurin-Hotspot_jdk\8.0.504-1\x64\bin;C:\Program Files\ImageMagick-7.1.2-Q16-HDRI;C:\Program Files\Microsoft SDKs\Azure\CLI2\wbin;C:\ProgramData\kind;C:\ProgramData\Chocolatey\bin;C:\Windows\system32;C:\Windows;C:\Windows\System32\Wbem;C:\Windows\System32\WindowsPowerShell\v1.0\;C:\Windows\System32\OpenSSH\;C:\Program Files\dotnet\;C:\Program Files\PowerShell\7\;C:\Program Files\Microsoft\Web Platform Installer\;C:\Program Files\TortoiseSVN\bin;C:\Program Files\Microsoft SQL Server\Client SDK\ODBC\170\Tools\Binn\;C:\Program Files\Microsoft SQL Server\150\Tools\Binn\;C:\Program Files (x86)\Windows Kits\10\Windows Performance Toolkit\;C:\Program Files (x86)\WiX Toolset v3.14\bin;C:\Program Files\Microsoft SQL Server\130\DTS\Binn\;C:\Program Files\Microsoft SQL Server\140\DTS\Binn\;C:\Program Files\Microsoft SQL Server\150\DTS\Binn\;C:\Program Files\Microsoft SQL Server\160\DTS\Binn\;C:\Program Files\Microsoft SQL Server\170\DTS\Binn\;C:\Strawberry\c\bin;C:\Strawberry\perl\site\bin;C:\Strawberry\perl\bin;C:\ProgramData\chocolatey\lib\pulumi\tools\Pulumi\bin;C:\Program Files\CMake\bin;C:\ProgramData\chocolatey\lib\maven\apache-maven-3.9.16\bin;C:\Program Files\Microsoft Service Fabric\bin\Fabric\Fabric.Code;C:\Program Files\Microsoft SDKs\Service Fabric\Tools\ServiceFabricLocalClusterManager;C:\Program Files\nodejs\;C:\Program Files\Git\cmd;C:\Program Files\Git\ucrt64\bin;C:\Program Files\Git\usr\bin;C:\Program Files\GitHub CLI\;c:\tools\php;C:\Program Files (x86)\sbt\bin;C:\Program Files\Amazon\AWSCLIV2\;C:\Program Files\Amazon\SessionManagerPlugin\bin\;C:\Program Files\Amazon\AWSSAMCLI\bin\;C:\Program Files\Microsoft SQL Server\130\Tools\Binn\;C:\Program Files\mongosh\;C:\Program Files\LLVM\bin;C:\Program Files (x86)\LLVM\bin;C:\Users\runneradmin\.dotnet\tools;C:\Users\runneradmin\.cargo\bin;C:\Users\runneradmin\AppData\Local\Microsoft\WindowsApps;C:\Program Files (x86)\Microsoft Visual Studio\Installer
2026-10-08T20:50:59.4360471Z   VCPKG_DEFAULT_BINARY_CACHE: D:/a/CaptureSuite/CaptureSuite/969f6665-88a2-4c98-938e-ca9259871fec/vcpkg_cache
2026-10-08T20:50:59.4360749Z   VCPKG_BINARY_SOURCES: clear;x-gha,readwrite
2026-10-08T20:50:59.4360941Z   RUNVCPKG_VCPKG_ROOT: D:\a\CaptureSuite\CaptureSuite\vcpkg
2026-10-08T20:50:59.4361165Z   pythonLocation: C:\hostedtoolcache\windows\Python\3.12.10\x64
2026-10-08T20:50:59.4361416Z   PKG_CONFIG_PATH: C:\hostedtoolcache\windows\Python\3.12.10\x64/lib/pkgconfig
2026-10-08T20:50:59.4361660Z   Python_ROOT_DIR: C:\hostedtoolcache\windows\Python\3.12.10\x64
2026-10-08T20:50:59.4361882Z   Python2_ROOT_DIR: C:\hostedtoolcache\windows\Python\3.12.10\x64
2026-10-08T20:50:59.4362155Z   Python3_ROOT_DIR: C:\hostedtoolcache\windows\Python\3.12.10\x64
2026-10-08T20:50:59.4362360Z   CAPTURE_TEST_BUILD_DIR: build/windows-release
2026-10-08T20:50:59.4362521Z ##[endgroup]
2026-10-08T20:51:04.5235364Z ......                                                                   [100%]
2026-10-08T20:51:04.5235766Z ============================== warnings summary ===============================
2026-10-08T20:51:04.5236027Z <frozen importlib._bootstrap>:488
2026-10-08T20:51:04.5236774Z   <frozen importlib._bootstrap>:488: DeprecationWarning: Type google._upb._message.MessageMapContainer uses PyType_Spec with a metaclass that has custom tp_new. This is deprecated and will no longer be allowed in Python 3.14.
2026-10-08T20:51:04.5237263Z 
2026-10-08T20:51:04.5237359Z <frozen importlib._bootstrap>:488
2026-10-08T20:51:04.5238073Z   <frozen importlib._bootstrap>:488: DeprecationWarning: Type google._upb._message.ScalarMapContainer uses PyType_Spec with a metaclass that has custom tp_new. This is deprecated and will no longer be allowed in Python 3.14.
2026-10-08T20:51:04.5238540Z 
2026-10-08T20:51:04.5238731Z -- Docs: https://docs.pytest.org/en/stable/how-to/capture-warnings.html
2026-10-08T20:51:04.5239022Z 6 passed, 2 warnings in 3.13s
2026-10-08T20:51:04.5239117Z 
2026-10-08T20:51:04.5239169Z {
2026-10-08T20:51:04.5239355Z   "schema": "capturesuite.native-test-receipt.v1",
2026-10-08T20:51:04.5239565Z   "accepted": true,
2026-10-08T20:51:04.5239712Z   "process_exit": 0,
2026-10-08T20:51:04.5239840Z   "counts": {
2026-10-08T20:51:04.5239955Z     "tests": 6,
2026-10-08T20:51:04.5240080Z     "passed": 6,
2026-10-08T20:51:04.5240213Z     "failures": 0,
2026-10-08T20:51:04.5240343Z     "errors": 0,
2026-10-08T20:51:04.5240466Z     "skipped": 0
2026-10-08T20:51:04.5240569Z   },
2026-10-08T20:51:04.5241645Z   "junit_sha256": "d448cd353db32d14db73e21c38ccb7145e9f8d48ac2c79b480ecf9cd6102de0c",
2026-10-08T20:51:04.5241910Z   "problems": [],
2026-10-08T20:51:04.5242168Z   "scope": "Process and test-evidence consistency, not clinical validation",
2026-10-08T20:51:04.5242453Z   "seconds": 3.9440285000000586,
2026-10-08T20:51:04.5242666Z   "created_at": "2026-10-08T20:51:04.128232+00:00",
2026-10-08T20:51:04.5242988Z   "run_directory": "build/evidence/native-20261008T205059Z-3ed2d628",
2026-10-08T20:51:04.5243247Z   "binary_build": "build/windows-release",
2026-10-08T20:51:04.5243418Z   "binaries": [
2026-10-08T20:51:04.5243527Z     {
2026-10-08T20:51:04.5243688Z       "path": "daemon/capture_daemon.exe",
2026-10-08T20:51:04.5243864Z       "bytes": 1605632,
2026-10-08T20:51:04.5244145Z       "sha256": "180794da1a2f3ad2d558efc7f4d2e91e3b8d4eb00f1ff78ed5c43172d41aab85"
2026-10-08T20:51:04.5244367Z     },
2026-10-08T20:51:04.5244468Z     {
2026-10-08T20:51:04.5244653Z       "path": "tools/session_doctor/session_doctor.exe",
2026-10-08T20:51:04.5244849Z       "bytes": 494080,
2026-10-08T20:51:04.5245115Z       "sha256": "23f5acb67190e6d0fce2ebcfa03345772357539466049e35647461a2a42e6dc7"
2026-10-08T20:51:04.5245331Z     }
2026-10-08T20:51:04.5245425Z   ],
2026-10-08T20:51:04.5245539Z   "test_scope": [
2026-10-08T20:51:04.5245859Z     "tests/protocol/test_daemon_e2e.py::test_multi_modality_record_with_disconnect",
2026-10-08T20:51:04.5246209Z     "tests/protocol/test_daemon_e2e.py::test_bad_stop_token_rejected",
2026-10-08T20:51:04.5246526Z     "tests/protocol/test_daemon_e2e.py::test_config_schema_and_apply",
2026-10-08T20:51:04.5246871Z     "tests/protocol/test_daemon_e2e.py::test_start_all_ready_and_acknowledge_alert",
2026-10-08T20:51:04.5247253Z     "tests/protocol/test_daemon_e2e.py::test_concurrent_clients_served",
2026-10-08T20:51:04.5247679Z     "tests/kill_tests/test_kill_preserves_sealed.py::test_kill_preserves_sealed_segment"
2026-10-08T20:51:04.5247966Z   ],
2026-10-08T20:51:04.5248288Z   "source_commit": "9e9204f76b105426b0affaa74733175c052f27ba",
2026-10-08T20:51:04.5248567Z   "source_worktree_dirty": true,
2026-10-08T20:51:04.5248905Z   "github": {
2026-10-08T20:51:04.5249109Z     "GITHUB_ACTIONS": "true",
2026-10-08T20:51:04.5249345Z     "GITHUB_EVENT_NAME": "push",
2026-10-08T20:51:04.5249638Z     "GITHUB_SHA": "9e9204f76b105426b0affaa74733175c052f27ba",
2026-10-08T20:51:04.5249913Z     "GITHUB_REF": "refs/heads/main",
2026-10-08T20:51:04.5250150Z     "GITHUB_RUN_ID": "37840896851",
2026-10-08T20:51:04.5250531Z     "GITHUB_WORKFLOW_REF": "Jacob-Met/CaptureSuite/.github/workflows/ci.yml@refs/heads/main"
2026-10-08T20:51:04.5250823Z   },
2026-10-08T20:51:04.5251166Z   "source_tree_sha256": "d7381e84fdc144fc36a82f8f9a05a76d3346d02df3afbe0e99db5dd7be397d21",
2026-10-08T20:51:04.5251538Z   "source_unchanged_during_test": true,
2026-10-08T20:51:04.5251889Z   "log_sha256": "3ebee96a1502b9cafbbc3b4db7c5572ae49c45c2bc03237f22e806cc82e52a30"
2026-10-08T20:51:04.5252176Z }
2026-10-08T20:51:04.6325010Z ##[group]Run actions/upload-artifact@043fb46d1a93c77aae656e7c1c64a875d1fc6a0a
2026-10-08T20:51:04.6325365Z with:
2026-10-08T20:51:04.6325554Z   name: cpp-test-evidence
2026-10-08T20:51:04.6326244Z   path: build/evidence/warning-boundary-*/
build/evidence/native-*/
build/windows-release/vcpkg-manifest-install.log
build/windows-release/CMakeFiles/CMakeConfigureLog.yaml
build/windows-release/Testing/Temporary/*.log
build/windows-release/ctest-results.xml

2026-10-08T20:51:04.6326936Z   if-no-files-found: warn
2026-10-08T20:51:04.6327126Z   retention-days: 7
2026-10-08T20:51:04.6327302Z   compression-level: 6
2026-10-08T20:51:04.6327477Z   overwrite: false
2026-10-08T20:51:04.6327652Z   include-hidden-files: false
2026-10-08T20:51:04.6327835Z   archive: true
2026-10-08T20:51:04.6328012Z env:
2026-10-08T20:51:04.6328176Z   CommandPromptType: Native
2026-10-08T20:51:04.6328479Z   DevEnvDir: C:\Program Files\Microsoft Visual Studio\2022\Enterprise\Common7\IDE\
2026-10-08T20:51:04.6328886Z   ExtensionSdkDir: C:\Program Files (x86)\Microsoft SDKs\Windows Kits\10\ExtensionSDKs
2026-10-08T20:51:04.6330340Z   EXTERNAL_INCLUDE: C:\Program Files\Microsoft Visual Studio\2022\Enterprise\VC\Tools\MSVC\14.44.35207\include;C:\Program Files\Microsoft Visual Studio\2022\Enterprise\VC\Tools\MSVC\14.44.35207\ATLMFC\include;C:\Program Files\Microsoft Visual Studio\2022\Enterprise\VC\Auxiliary\VS\include;C:\Program Files (x86)\Windows Kits\10\include\10.0.26100.0\ucrt;C:\Program Files (x86)\Windows Kits\10\\include\10.0.26100.0\\um;C:\Program Files (x86)\Windows Kits\10\\include\10.0.26100.0\\shared;C:\Program Files (x86)\Windows Kits\10\\include\10.0.26100.0\\winrt;C:\Program Files (x86)\Windows Kits\10\\include\10.0.26100.0\\cppwinrt;C:\Program Files (x86)\Windows Kits\NETFXSDK\4.8\include\um
2026-10-08T20:51:04.6331702Z   Framework40Version: v4.0
2026-10-08T20:51:04.6331906Z   FrameworkDir: C:\Windows\Microsoft.NET\Framework64\
2026-10-08T20:51:04.6332172Z   FrameworkDir64: C:\Windows\Microsoft.NET\Framework64\
2026-10-08T20:51:04.6332406Z   FrameworkVersion: v4.0.30319
2026-10-08T20:51:04.6332611Z   FrameworkVersion64: v4.0.30319
2026-10-08T20:51:04.6332971Z   FSHARPINSTALLDIR: C:\Program Files\Microsoft Visual Studio\2022\Enterprise\Common7\IDE\CommonExtensions\Microsoft\FSharp\Tools
2026-10-08T20:51:04.6333366Z   HTMLHelpDir: C:\Program Files (x86)\HTML Help Workshop
2026-10-08T20:51:04.6333737Z   IFCPATH: C:\Program Files\Microsoft Visual Studio\2022\Enterprise\VC\Tools\MSVC\14.44.35207\ifc\x64
2026-10-08T20:51:04.6335152Z   INCLUDE: C:\Program Files\Microsoft Visual Studio\2022\Enterprise\VC\Tools\MSVC\14.44.35207\include;C:\Program Files\Microsoft Visual Studio\2022\Enterprise\VC\Tools\MSVC\14.44.35207\ATLMFC\include;C:\Program Files\Microsoft Visual Studio\2022\Enterprise\VC\Auxiliary\VS\include;C:\Program Files (x86)\Windows Kits\10\include\10.0.26100.0\ucrt;C:\Program Files (x86)\Windows Kits\10\\include\10.0.26100.0\\um;C:\Program Files (x86)\Windows Kits\10\\include\10.0.26100.0\\shared;C:\Program Files (x86)\Windows Kits\10\\include\10.0.26100.0\\winrt;C:\Program Files (x86)\Windows Kits\10\\include\10.0.26100.0\\cppwinrt;C:\Program Files (x86)\Windows Kits\NETFXSDK\4.8\include\um
2026-10-08T20:51:04.6336614Z   is_x64_arch: true
2026-10-08T20:51:04.6337397Z   LIB: C:\Program Files\Microsoft Visual Studio\2022\Enterprise\VC\Tools\MSVC\14.44.35207\ATLMFC\lib\x64;C:\Program Files\Microsoft Visual Studio\2022\Enterprise\VC\Tools\MSVC\14.44.35207\lib\x64;C:\Program Files (x86)\Windows Kits\NETFXSDK\4.8\lib\um\x64;C:\Program Files (x86)\Windows Kits\10\lib\10.0.26100.0\ucrt\x64;C:\Program Files (x86)\Windows Kits\10\\lib\10.0.26100.0\\um\x64
2026-10-08T20:51:04.6339958Z   LIBPATH: C:\Program Files\Microsoft Visual Studio\2022\Enterprise\VC\Tools\MSVC\14.44.35207\ATLMFC\lib\x64;C:\Program Files\Microsoft Visual Studio\2022\Enterprise\VC\Tools\MSVC\14.44.35207\lib\x64;C:\Program Files\Microsoft Visual Studio\2022\Enterprise\VC\Tools\MSVC\14.44.35207\lib\x86\store\references;C:\Program Files (x86)\Windows Kits\10\UnionMetadata\10.0.26100.0;C:\Program Files (x86)\Windows Kits\10\References\10.0.26100.0;C:\Windows\Microsoft.NET\Framework64\v4.0.30319
2026-10-08T20:51:04.6341032Z   NETFXSDKDir: C:\Program Files (x86)\Windows Kits\NETFXSDK\4.8\
2026-10-08T20:51:04.6350005Z   Path: C:\Program Files\Microsoft Visual Studio\2022\Enterprise\VC\Tools\MSVC\14.44.35207\bin\HostX64\x64;C:\Program Files\Microsoft Visual Studio\2022\Enterprise\Common7\IDE\VC\VCPackages;C:\Program Files\Microsoft Visual Studio\2022\Enterprise\Common7\IDE\CommonExtensions\Microsoft\TestWindow;C:\Program Files\Microsoft Visual Studio\2022\Enterprise\Common7\IDE\CommonExtensions\Microsoft\TeamFoundation\Team Explorer;C:\Program Files\Microsoft Visual Studio\2022\Enterprise\MSBuild\Current\bin\Roslyn;C:\Program Files (x86)\Microsoft SDKs\Windows\v10.0A\bin\NETFX 4.8 Tools\x64\;C:\Program Files (x86)\HTML Help Workshop;C:\Program Files\Microsoft Visual Studio\2022\Enterprise\Common7\IDE\CommonExtensions\Microsoft\FSharp\Tools;C:\Program Files\Microsoft Visual Studio\2022\Enterprise\Team Tools\DiagnosticsHub\Collector;C:\Program Files\Microsoft Visual Studio\2022\Enterprise\Common7\IDE\Extensions\Microsoft\CodeCoverage.Console;C:\Program Files\Microsoft Visual Studio\2022\Enterprise\VC\Tools\Llvm\x64\bin;C:\Program Files (x86)\Windows Kits\10\bin\10.0.26100.0\\x64;C:\Program Files (x86)\Windows Kits\10\bin\\x64;C:\Program Files\Microsoft Visual Studio\2022\Enterprise\\MSBuild\Current\Bin\amd64;C:\Windows\Microsoft.NET\Framework64\v4.0.30319;C:\Program Files\Microsoft Visual Studio\2022\Enterprise\Common7\IDE\;C:\Program Files\Microsoft Visual Studio\2022\Enterprise\Common7\Tools\;C:\Program Files\MongoDB\Server\7.0\bin;C:\aliyun-cli;C:\vcpkg;C:\Program Files (x86)\NSIS\;C:\tools\zstd;C:\Program Files\Mercurial\;C:\hostedtoolcache\windows\stack\3.11.1\x64;C:\cabal\bin;C:\\ghcup\bin;C:\mingw64\bin;C:\Program Files\dotnet;C:\Program Files\MySQL\MySQL Server 8.0\bin;C:\Program Files\R\R-4.6.1\bin\x64;C:\SeleniumWebDrivers\GeckoDriver;C:\SeleniumWebDrivers\EdgeDriver\;C:\SeleniumWebDrivers\ChromeDriver;C:\Program Files (x86)\sbt\bin;C:\Program Files (x86)\GitHub CLI;C:\Program Files\Git\bin;C:\Program Files (x86)\pipx_bin;C:\npm\prefix;C:\hostedtoolcache\windows\go\1.24.13\x64\bin;C:\hostedtoolcache\windows\Python\3.12.10\x64\Scripts;C:\hostedtoolcache\windows\Python\3.12.10\x64;C:\hostedtoolcache\windows\Ruby\3.3.12\x64\bin;C:\Program Files\OpenSSL\bin;C:\tools\kotlinc\bin;C:\hostedtoolcache\windows\Java_Temurin-Hotspot_jdk\8.0.504-1\x64\bin;C:\Program Files\ImageMagick-7.1.2-Q16-HDRI;C:\Program Files\Microsoft SDKs\Azure\CLI2\wbin;C:\ProgramData\kind;C:\ProgramData\Chocolatey\bin;C:\Windows\system32;C:\Windows;C:\Windows\System32\Wbem;C:\Windows\System32\WindowsPowerShell\v1.0\;C:\Windows\System32\OpenSSH\;C:\Program Files\dotnet\;C:\Program Files\PowerShell\7\;C:\Program Files\Microsoft\Web Platform Installer\;C:\Program Files\TortoiseSVN\bin;C:\Program Files\Microsoft SQL Server\Client SDK\ODBC\170\Tools\Binn\;C:\Program Files\Microsoft SQL Server\150\Tools\Binn\;C:\Program Files (x86)\Windows Kits\10\Windows Performance Toolkit\;C:\Program Files (x86)\WiX Toolset v3.14\bin;C:\Program Files\Microsoft SQL Server\130\DTS\Binn\;C:\Program Files\Microsoft SQL Server\140\DTS\Binn\;C:\Program Files\Microsoft SQL Server\150\DTS\Binn\;C:\Program Files\Microsoft SQL Server\160\DTS\Binn\;C:\Program Files\Microsoft SQL Server\170\DTS\Binn\;C:\Strawberry\c\bin;C:\Strawberry\perl\site\bin;C:\Strawberry\perl\bin;C:\ProgramData\chocolatey\lib\pulumi\tools\Pulumi\bin;C:\Program Files\CMake\bin;C:\ProgramData\chocolatey\lib\maven\apache-maven-3.9.16\bin;C:\Program Files\Microsoft Service Fabric\bin\Fabric\Fabric.Code;C:\Program Files\Microsoft SDKs\Service Fabric\Tools\ServiceFabricLocalClusterManager;C:\Program Files\nodejs\;C:\Program Files\Git\cmd;C:\Program Files\Git\ucrt64\bin;C:\Program Files\Git\usr\bin;C:\Program Files\GitHub CLI\;c:\tools\php;C:\Program Files\Amazon\AWSCLIV2\;C:\Program Files\Amazon\SessionManagerPlugin\bin\;C:\Program Files\Amazon\AWSSAMCLI\bin\;C:\Program Files\Microsoft SQL Server\130\Tools\Binn\;C:\Program Files\mongosh\;C:\Program Files\LLVM\bin;C:\Program Files (x86)\LLVM\bin;C:\Users\runneradmin\.dotnet\tools;C:\Users\runneradmin\.cargo\bin;C:\Users\runneradmin\AppData\Local\Microsoft\WindowsApps;C:\Program Files (x86)\Microsoft Visual Studio\Installer;C:\Program Files\Microsoft Visual Studio\2022\Enterprise\Common7\IDE\CommonExtensions\Microsoft\CMake\CMake\bin;C:\Program Files\Microsoft Visual Studio\2022\Enterprise\Common7\IDE\CommonExtensions\Microsoft\CMake\Ninja;C:\Program Files\Microsoft Visual Studio\2022\Enterprise\Common7\IDE\VC\Linux\bin\ConnectionManagerExe;C:\Program Files\Microsoft Visual Studio\2022\Enterprise\VC\vcpkg
2026-10-08T20:51:04.6358714Z   Platform: x64
2026-10-08T20:51:04.6358890Z   UCRTVersion: 10.0.26100.0
2026-10-08T20:51:04.6359112Z   UniversalCRTSdkDir: C:\Program Files (x86)\Windows Kits\10\
2026-10-08T20:51:04.6359399Z   VCIDEInstallDir: C:\Program Files\Microsoft Visual Studio\2022\Enterprise\Common7\IDE\VC\
2026-10-08T20:51:04.6359712Z   VCINSTALLDIR: C:\Program Files\Microsoft Visual Studio\2022\Enterprise\VC\
2026-10-08T20:51:04.6359954Z   VCPKG_ROOT: D:\a\CaptureSuite\CaptureSuite\vcpkg
2026-10-08T20:51:04.6360251Z   VCToolsInstallDir: C:\Program Files\Microsoft Visual Studio\2022\Enterprise\VC\Tools\MSVC\14.44.35207\
2026-10-08T20:51:04.6360632Z   VCToolsRedistDir: C:\Program Files\Microsoft Visual Studio\2022\Enterprise\VC\Redist\MSVC\14.44.35112\
2026-10-08T20:51:04.6360902Z   VCToolsVersion: 14.44.35207
2026-10-08T20:51:04.6361041Z   VisualStudioVersion: 17.0
2026-10-08T20:51:04.6361260Z   VS170COMNTOOLS: C:\Program Files\Microsoft Visual Studio\2022\Enterprise\Common7\Tools\
2026-10-08T20:51:04.6361502Z   VSCMD_ARG_app_plat: Desktop
2026-10-08T20:51:04.6361636Z   VSCMD_ARG_HOST_ARCH: x64
2026-10-08T20:51:04.6361768Z   VSCMD_ARG_TGT_ARCH: x64
2026-10-08T20:51:04.6361896Z   VSCMD_VER: 17.14.41
2026-10-08T20:51:04.6362077Z   VSINSTALLDIR: C:\Program Files\Microsoft Visual Studio\2022\Enterprise\
2026-10-08T20:51:04.6362360Z   VSSDK150INSTALL: C:\Program Files\Microsoft Visual Studio\2022\Enterprise\VSSDK
2026-10-08T20:51:04.6362656Z   VSSDKINSTALL: C:\Program Files\Microsoft Visual Studio\2022\Enterprise\VSSDK
2026-10-08T20:51:04.6363056Z   WindowsLibPath: C:\Program Files (x86)\Windows Kits\10\UnionMetadata\10.0.26100.0;C:\Program Files (x86)\Windows Kits\10\References\10.0.26100.0
2026-10-08T20:51:04.6363438Z   WindowsSdkBinPath: C:\Program Files (x86)\Windows Kits\10\bin\
2026-10-08T20:51:04.6363670Z   WindowsSdkDir: C:\Program Files (x86)\Windows Kits\10\
2026-10-08T20:51:04.6363863Z   WindowsSDKLibVersion: 10.0.26100.0\
2026-10-08T20:51:04.6364088Z   WindowsSdkVerBinPath: C:\Program Files (x86)\Windows Kits\10\bin\10.0.26100.0\
2026-10-08T20:51:04.6364320Z   WindowsSDKVersion: 10.0.26100.0\
2026-10-08T20:51:04.6364591Z   WindowsSDK_ExecutablePath_x64: C:\Program Files (x86)\Microsoft SDKs\Windows\v10.0A\bin\NETFX 4.8 Tools\x64\
2026-10-08T20:51:04.6364985Z   WindowsSDK_ExecutablePath_x86: C:\Program Files (x86)\Microsoft SDKs\Windows\v10.0A\bin\NETFX 4.8 Tools\
2026-10-08T20:51:04.6365326Z   __DOTNET_ADD_64BIT: 1
2026-10-08T20:51:04.6365460Z   __DOTNET_PREFERRED_BITNESS: 64
2026-10-08T20:51:04.6370654Z   __VSCMD_PREINIT_PATH: C:\Program Files\MongoDB\Server\7.0\bin;C:\aliyun-cli;C:\vcpkg;C:\Program Files (x86)\NSIS\;C:\tools\zstd;C:\Program Files\Mercurial\;C:\hostedtoolcache\windows\stack\3.11.1\x64;C:\cabal\bin;C:\\ghcup\bin;C:\mingw64\bin;C:\Program Files\dotnet;C:\Program Files\MySQL\MySQL Server 8.0\bin;C:\Program Files\R\R-4.6.1\bin\x64;C:\SeleniumWebDrivers\GeckoDriver;C:\SeleniumWebDrivers\EdgeDriver\;C:\SeleniumWebDrivers\ChromeDriver;C:\Program Files (x86)\sbt\bin;C:\Program Files (x86)\GitHub CLI;C:\Program Files\Git\bin;C:\Program Files (x86)\pipx_bin;C:\npm\prefix;C:\hostedtoolcache\windows\go\1.24.13\x64\bin;C:\hostedtoolcache\windows\Python\3.12.10\x64\Scripts;C:\hostedtoolcache\windows\Python\3.12.10\x64;C:\hostedtoolcache\windows\Ruby\3.3.12\x64\bin;C:\Program Files\OpenSSL\bin;C:\tools\kotlinc\bin;C:\hostedtoolcache\windows\Java_Temurin-Hotspot_jdk\8.0.504-1\x64\bin;C:\Program Files\ImageMagick-7.1.2-Q16-HDRI;C:\Program Files\Microsoft SDKs\Azure\CLI2\wbin;C:\ProgramData\kind;C:\ProgramData\Chocolatey\bin;C:\Windows\system32;C:\Windows;C:\Windows\System32\Wbem;C:\Windows\System32\WindowsPowerShell\v1.0\;C:\Windows\System32\OpenSSH\;C:\Program Files\dotnet\;C:\Program Files\PowerShell\7\;C:\Program Files\Microsoft\Web Platform Installer\;C:\Program Files\TortoiseSVN\bin;C:\Program Files\Microsoft SQL Server\Client SDK\ODBC\170\Tools\Binn\;C:\Program Files\Microsoft SQL Server\150\Tools\Binn\;C:\Program Files (x86)\Windows Kits\10\Windows Performance Toolkit\;C:\Program Files (x86)\WiX Toolset v3.14\bin;C:\Program Files\Microsoft SQL Server\130\DTS\Binn\;C:\Program Files\Microsoft SQL Server\140\DTS\Binn\;C:\Program Files\Microsoft SQL Server\150\DTS\Binn\;C:\Program Files\Microsoft SQL Server\160\DTS\Binn\;C:\Program Files\Microsoft SQL Server\170\DTS\Binn\;C:\Strawberry\c\bin;C:\Strawberry\perl\site\bin;C:\Strawberry\perl\bin;C:\ProgramData\chocolatey\lib\pulumi\tools\Pulumi\bin;C:\Program Files\CMake\bin;C:\ProgramData\chocolatey\lib\maven\apache-maven-3.9.16\bin;C:\Program Files\Microsoft Service Fabric\bin\Fabric\Fabric.Code;C:\Program Files\Microsoft SDKs\Service Fabric\Tools\ServiceFabricLocalClusterManager;C:\Program Files\nodejs\;C:\Program Files\Git\cmd;C:\Program Files\Git\ucrt64\bin;C:\Program Files\Git\usr\bin;C:\Program Files\GitHub CLI\;c:\tools\php;C:\Program Files (x86)\sbt\bin;C:\Program Files\Amazon\AWSCLIV2\;C:\Program Files\Amazon\SessionManagerPlugin\bin\;C:\Program Files\Amazon\AWSSAMCLI\bin\;C:\Program Files\Microsoft SQL Server\130\Tools\Binn\;C:\Program Files\mongosh\;C:\Program Files\LLVM\bin;C:\Program Files (x86)\LLVM\bin;C:\Users\runneradmin\.dotnet\tools;C:\Users\runneradmin\.cargo\bin;C:\Users\runneradmin\AppData\Local\Microsoft\WindowsApps;C:\Program Files (x86)\Microsoft Visual Studio\Installer
2026-10-08T20:51:04.6376057Z   VCPKG_DEFAULT_BINARY_CACHE: D:/a/CaptureSuite/CaptureSuite/969f6665-88a2-4c98-938e-ca9259871fec/vcpkg_cache
2026-10-08T20:51:04.6376357Z   VCPKG_BINARY_SOURCES: clear;x-gha,readwrite
2026-10-08T20:51:04.6376568Z   RUNVCPKG_VCPKG_ROOT: D:\a\CaptureSuite\CaptureSuite\vcpkg
2026-10-08T20:51:04.6376805Z   pythonLocation: C:\hostedtoolcache\windows\Python\3.12.10\x64
2026-10-08T20:51:04.6377066Z   PKG_CONFIG_PATH: C:\hostedtoolcache\windows\Python\3.12.10\x64/lib/pkgconfig
2026-10-08T20:51:04.6377324Z   Python_ROOT_DIR: C:\hostedtoolcache\windows\Python\3.12.10\x64
2026-10-08T20:51:04.6377556Z   Python2_ROOT_DIR: C:\hostedtoolcache\windows\Python\3.12.10\x64
2026-10-08T20:51:04.6377790Z   Python3_ROOT_DIR: C:\hostedtoolcache\windows\Python\3.12.10\x64
2026-10-08T20:51:04.6377974Z ##[endgroup]
2026-10-08T20:51:04.7955534Z Multiple search paths detected. Calculating the least common ancestor of all paths
2026-10-08T20:51:04.7958365Z The least common ancestor is D:\a\CaptureSuite\CaptureSuite\build. This will be the root directory of the artifact
2026-10-08T20:51:04.7958811Z With the provided path, there will be 58 files uploaded
2026-10-08T20:51:04.7962759Z Artifact name is valid!
2026-10-08T20:51:04.7963967Z Root directory input is valid!
2026-10-08T20:51:05.0907411Z Uploading artifact: cpp-test-evidence.zip
2026-10-08T20:51:05.0938766Z Beginning upload of artifact content to blob storage
2026-10-08T20:51:05.4175946Z Uploaded bytes 293873
2026-10-08T20:51:05.4519303Z Finished uploading artifact content to blob storage!
2026-10-08T20:51:05.4520198Z SHA256 digest of uploaded artifact is b7047fc7d82f7d8950eb2c12332f21b8da246c5807eb6d54cad1d98c2a28c557
2026-10-08T20:51:05.4520966Z Finalizing artifact upload
2026-10-08T20:51:05.7833610Z Artifact cpp-test-evidence successfully finalized. Artifact ID 11578357050
2026-10-08T20:51:05.7834167Z Artifact cpp-test-evidence has been successfully uploaded! Final size is 293873 bytes. Artifact ID is 11578357050
2026-10-08T20:51:05.7840810Z Artifact download URL: https://github.com/Jacob-Met/CaptureSuite/actions/runs/37840896851/artifacts/11578357050
2026-10-08T20:51:05.8130879Z Post job cleanup.
2026-10-08T20:51:05.9206465Z (node:7328) [DEP0040] DeprecationWarning: The `punycode` module is deprecated. Please use a userland alternative instead.
2026-10-08T20:51:05.9207010Z (Use `node --trace-deprecation ...` to show where the warning was created)
2026-10-08T20:51:05.9433622Z Post job cleanup.
2026-10-08T20:51:06.0826405Z [command]"C:\Program Files\Git\bin\git.exe" version
2026-10-08T20:51:06.1064612Z git version 2.56.0.windows.1
2026-10-08T20:51:06.1117299Z Temporarily overriding HOME='D:\a\_temp\dfbe87f7-bc17-4a9d-8f2e-7d6119290966' before making global git config changes
2026-10-08T20:51:06.1117812Z Adding repository directory to the temporary git global config as a safe directory
2026-10-08T20:51:06.1127526Z [command]"C:\Program Files\Git\bin\git.exe" config --global --add safe.directory D:\a\CaptureSuite\CaptureSuite
2026-10-08T20:51:06.1405826Z [command]"C:\Program Files\Git\bin\git.exe" config --local --name-only --get-regexp core\.sshCommand
2026-10-08T20:51:06.1682861Z [command]"C:\Program Files\Git\bin\git.exe" submodule foreach --recursive "sh -c \"git config --local --name-only --get-regexp 'core\.sshCommand' && git config --local --unset-all 'core.sshCommand' || :\""
2026-10-08T20:51:06.6065505Z [command]"C:\Program Files\Git\bin\git.exe" config --local --name-only --get-regexp http\.https\:\/\/github\.com\/\.extraheader
2026-10-08T20:51:06.6307824Z http.https://github.com/.extraheader
2026-10-08T20:51:06.6348949Z [command]"C:\Program Files\Git\bin\git.exe" config --local --unset-all http.https://github.com/.extraheader
2026-10-08T20:51:06.6630887Z [command]"C:\Program Files\Git\bin\git.exe" submodule foreach --recursive "sh -c \"git config --local --name-only --get-regexp 'http\.https\:\/\/github\.com\/\.extraheader' && git config --local --unset-all 'http.https://github.com/.extraheader' || :\""
2026-10-08T20:51:07.1097639Z [command]"C:\Program Files\Git\bin\git.exe" config --local --name-only --get-regexp ^includeIf\.gitdir:
2026-10-08T20:51:07.1378992Z [command]"C:\Program Files\Git\bin\git.exe" submodule foreach --recursive "git config --local --show-origin --name-only --get-regexp remote.origin.url"
2026-10-08T20:51:07.5794233Z Cleaning up orphan processes
2026-10-08T20:51:07.5977668Z Terminate orphan process: pid (5224) (vctip)
2026-10-08T20:51:07.6179671Z Terminate orphan process: pid (5724) (mspdbsrv)
2026-10-08T20:51:07.6479045Z ##[warning]Node.js 20 is deprecated. The following actions target Node.js 20 but are being forced to run on Node.js 24: actions/checkout@v4, actions/setup-python@v5, ilammy/msvc-dev-cmd@v1. For more information see: https://github.blog/changelog/2025-09-19-deprecation-of-node-20-on-github-actions-runners/
